student_id,student_name,future_career,interested_domain,rank,course,rating,rating_norm,level,skills,sim_score,final_score
1,John Smith,Machine Learning Researcher,Artificial Intelligence,1,Introduction to Applied Machine Learning,4.7,0.94,Intermediate,Algorithms  Machine Learning Algorithms  Applied Machine Learning  Test Set  Machine Learning  ordered pair  Training  Human Learning  Deep Learning  business requirements data-science machine-learning,0.3576,0.3361
1,John Smith,Machine Learning Researcher,Artificial Intelligence,2,Machine Learning With Big Data,4.6,0.92,Beginner,statistical classification  knime  data clustering algorithms  Human Learning  analysis  Algorithms  Apache Spark  cluster analysis  Machine Learning  Apache data-science machine-learning,0.3559,0.3274
1,John Smith,Machine Learning Researcher,Artificial Intelligence,3,Machine Learning Foundations: A Case Study Approach,4.5,0.9,Conversant,Human Learning  Regression  Machine Learning  Graphlab  statistical classification  linearity  Algorithms  Computer Programming  Python Programming  analysis data-science machine-learning,0.3354,0.3019
1,John Smith,Machine Learning Researcher,Artificial Intelligence,4,Machine Learning for Data Analysis,4.2,0.84,Intermediate,Algorithms  Data Analysis  numbers (spreadsheet)  evaluation  Machine Learning  Regression  Dependent And Independent Variables  Human Learning  Regression Analysis  decision tree data-science machine-learning,0.3439,0.2889
1,John Smith,Machine Learning Researcher,Artificial Intelligence,5,Machine Learning for All,4.7,0.94,Conversant,robotics  Machine Learning  Artificial Neural Networks  Training  Algorithms  Tensorflow  statistical classification  modeling  Human Learning  Deep Learning computer-science software-development,0.2925,0.2749
1,John Smith,Machine Learning Researcher,Artificial Intelligence,6,Being a researcher (in Information Science and Technology),4.8,0.96,Advanced,Laboratory Research  physics  window blind  physics experiments  pharmacy  medical laboratory  pharmacology  Scientific Analysis  research methods  robotics physical-science-and-engineering research-methods,0.2838,0.2724
1,John Smith,Machine Learning Researcher,Artificial Intelligence,7,"The Power of Machine Learning: Boost Business, Accumulate Clicks, Fight Fraud, and Deny Deadbeats",5.0,1.0,Intermediate,Data Analysis  fuzzy logic  predictive analytics  Machine Learning  business case  analytics  natural language toolkit  .bit  software  Mathematics data-science machine-learning,0.2693,0.2693
1,John Smith,Machine Learning Researcher,Artificial Intelligence,8,Research for Impact,4.9,0.98,Intermediate,experience  knowledge-based systems  Strategic Partnerships  research methods  evaluation  climate change  sustainability  strategic communication  wicked problem  Communication social-sciences governance-and-society,0.2679,0.2625
1,John Smith,Machine Learning Researcher,Artificial Intelligence,9,Machine Learning with Python,4.6,0.92,Beginner,Logistic Regression  Algorithms  Human Learning  data clustering algorithms  Machine Learning  statistical classification  classification algorithms  Regression  Computer Programming  Python Programming data-science machine-learning,0.2796,0.2572
1,John Smith,Machine Learning Researcher,Artificial Intelligence,10,Developing AI Applications on Azure,4.3,0.86,Beginner,Machine Learning  web service  workspace  Training  Computer Programming  Microsoft Azure  Python Programming  Computer Vision  Human Learning  application programming interfaces data-science machine-learning,0.2906,0.2499
2,Alice Johnson,Data Scientist,Data Science,1,Introduction to Data Analytics,4.7,0.94,Advanced,analytics  Data Analysis  physics  Exploratory Data Analysis  business analytics  Python Programming  quality control  Data Science  SQL  Business Analysis data-science data-analysis,0.4604,0.4328
2,Alice Johnson,Data Scientist,Data Science,2,Machine Learning With Big Data,4.6,0.92,Beginner,statistical classification  knime  data clustering algorithms  Human Learning  analysis  Algorithms  Apache Spark  cluster analysis  Machine Learning  Apache data-science machine-learning,0.4529,0.4167
2,Alice Johnson,Data Scientist,Data Science,3,Data Science for Business Innovation,4.2,0.84,Advanced,statistical classification  Machine Learning  Big Data  Data Analysis  linear regression  recommender systems  linearity  analysis  Computer Programming  Machine Learning Algorithms data-science data-analysis,0.4308,0.3619
2,Alice Johnson,Data Scientist,Data Science,4,Code Free Data Science,4.3,0.86,Beginner,analytics  knime  download  decision tree  Machine Learning  Data Manipulation  Data Mining  data clustering algorithms  Microsoft Excel  modeling data-science machine-learning,0.4036,0.3471
2,Alice Johnson,Data Scientist,Data Science,5,Machine Learning for Accounting with Python,4.5,0.9,Advanced,statistical classification  Regression  mathematical optimization  Python Programming  decision tree  Document Classification  n-gram  Machine Learning  Algorithms  hyperparameter data-science machine-learning,0.3759,0.3383
2,Alice Johnson,Data Scientist,Data Science,6,Business Analytics Executive Overview,4.5,0.9,Beginner,Data Visualization  quantum computing  business analytics  Recruitment  analytics  Closed-Form Expression  Chart  Business Intelligence  euler's totient function  Data Warehousing business leadership-and-management,0.3687,0.3318
2,Alice Johnson,Data Scientist,Data Science,7,Communicating Business Analytics Results,4.4,0.88,Advanced,Strategy  Communication  business analytics  analytics  analysis  presentation  Data Analysis  graphs  measurement  Data Visualization data-science data-analysis,0.3702,0.3258
2,Alice Johnson,Data Scientist,Data Science,8,Introduction to Business Analytics with R,4.4,0.88,Advanced,lecture  rstudio  business analytics  software  R Programming  Data Analysis  Exploratory Data Analysis  applied statistics  utility  analytics business business-essentials,0.3666,0.3226
2,Alice Johnson,Data Scientist,Data Science,9,Basic Data Processing and Visualization,4.2,0.84,Advanced,software  jpeg  Outlier  Python Programming  Data Visualization  Numpy  predictive analytics  Big Data  python libraries  json data-science data-analysis,0.3706,0.3113
2,Alice Johnson,Data Scientist,Data Science,10,Accounting Data Analytics with Python,3.6,0.72,Advanced,data type  relational database management system  Numpy  Basic Descriptive Statistics  Data Structures  Python Programming  Databases  SQL  euler's totient function  jpeg data-science data-analysis,0.3794,0.2732
3,Robert Davis,Software Engineer,Software Development,1,Requirements Gathering for Secure Software Development,4.6,0.92,Beginner,software requirements  requirements analysis  requirements elicitation  software requirements specification  software  Agile Software Development  software development process  Software Engineering  requirements engineering  analysis computer-science software-development,0.331,0.3045
3,Robert Davis,Software Engineer,Software Development,2,Engineering Practices for Building Quality Software,4.1,0.82,Conversant,code coverage  version control systems  software project management  design pattern  software quality  Software Architecture  static analysis  software  Continuous Integration  Software Engineering computer-science software-development,0.3639,0.2984
3,Robert Davis,Software Engineer,Software Development,3,Agile Planning for Software Products,4.7,0.94,Advanced,Risk  Leadership and Management  Software Engineering  Planning  project  Risk Management  software  Agile Software Development  Estimation  agile management computer-science software-development,0.2975,0.2796
3,Robert Davis,Software Engineer,Software Development,4,Software Product Management Capstone,4.8,0.96,Advanced,Product Management  Leadership and Management  project  scrum (software development)  Project Management  software  software product management  Software Engineering  software project management  Agile Software Development computer-science design-and-product,0.2869,0.2754
3,Robert Davis,Software Engineer,Software Development,5,Software Development Processes and Methodologies,4.4,0.88,Advanced,waterfall model  modeling  software  scrum (software development)  methodology  process  Software Engineering  software development process  Software Testing  Agile Software Development computer-science software-development,0.3081,0.2711
3,Robert Davis,Software Engineer,Software Development,6,Software Processes and Agile Practices,4.7,0.94,Beginner,lean software development  process  kanban  software development process  software  Software Engineering  Leadership and Management  scrum (software development)  unified process  Agile Software Development computer-science design-and-product,0.2877,0.2704
3,Robert Davis,Software Engineer,Software Development,7,Software Design as an Element of the Software Development Lifecycle,4.6,0.92,Advanced,Software Architecture  software design  security  Software Testing  Software Engineering  interfaces  low-level design  software  specification (technical standard)  software development process computer-science software-development,0.2821,0.2595
3,Robert Davis,Software Engineer,Software Development,8,Reviews & Metrics for Software Improvements,4.6,0.92,Advanced,software metrics  software project management  scrum (software development)  Project Management  software  Leadership and Management  Software Engineering  software product management  project  Product Management computer-science design-and-product,0.2705,0.2489
3,Robert Davis,Software Engineer,Software Development,9,Continuous Integration,3.7,0.74,Advanced,flow network  software development process  shippable  software configuration management  euler's totient function  reusability  packaging  software project management  DevOps  Continuous Integration computer-science software-development,0.3247,0.2403
3,Robert Davis,Software Engineer,Software Development,10,Introduction to Software Product Management,4.6,0.92,Beginner,project  Software Engineering  Product Management  Leadership and Management  software  Agile Software Development  agile management  software product management  Planning  agile manifesto computer-science design-and-product,0.2592,0.2385
4,Emily Wilson,Web Developer,Web Development,1,Requirements Gathering for Secure Software Development,4.6,0.92,Beginner,software requirements  requirements analysis  requirements elicitation  software requirements specification  software  Agile Software Development  software development process  Software Engineering  requirements engineering  analysis computer-science software-development,0.2563,0.2358
4,Emily Wilson,Web Developer,Web Development,2,Agile Planning for Software Products,4.7,0.94,Advanced,Risk  Leadership and Management  Software Engineering  Planning  project  Risk Management  software  Agile Software Development  Estimation  agile management computer-science software-development,0.234,0.22
4,Emily Wilson,Web Developer,Web Development,3,Software Design as an Element of the Software Development Lifecycle,4.6,0.92,Advanced,Software Architecture  software design  security  Software Testing  Software Engineering  interfaces  low-level design  software  specification (technical standard)  software development process computer-science software-development,0.2282,0.2099
4,Emily Wilson,Web Developer,Web Development,4,Design Patterns,4.6,0.92,Advanced,architectural pattern  code smell  software  code refactoring  design pattern  unified modeling language  software design  chain of responsibility  factory method pattern  software design pattern computer-science software-development,0.228,0.2098
4,Emily Wilson,Web Developer,Web Development,5,Introduction to UI Design,4.7,0.94,Conversant,usability  user interface  experience  interfaces  evaluation  java annotation  user interface design  principle  principles of user interface design  User Experience computer-science design-and-product,0.2149,0.202
4,Emily Wilson,Web Developer,Web Development,6,Standardisation & Technology,4.4,0.88,Advanced,ageing  how we decide  connected car  privacy  ethics  opinion  process  Weighting  standards organization  voting business business-strategy,0.2294,0.2019
4,Emily Wilson,Web Developer,Web Development,7,Web Connectivity and Security in Embedded Systems,4.5,0.9,Advanced,attack model  cryptographic protocol  application layer  web service  web  link layer  wireless security  symmetric-key algorithm  application layer protocols  public-key cryptography computer-science computer-security-and-networks,0.2055,0.185
4,Emily Wilson,Web Developer,Web Development,8,Usable Security,4.5,0.9,Beginner,Human Computer Interaction  privacy  java annotation  user interface  Security Design  usability testing  usability  authentication  security  password computer-science computer-security-and-networks,0.2015,0.1814
4,Emily Wilson,Web Developer,Web Development,9,Web Application Development: Basic Concepts,4.5,0.9,Advanced,active record pattern  ruby on rails  web  Javascript  ajax (programming)  html  middleware  ruby (programming language)  Full-Stack Web Development  web application computer-science mobile-and-web-development,0.2011,0.181
4,Emily Wilson,Web Developer,Web Development,10,Software Development Processes and Methodologies,4.4,0.88,Advanced,waterfall model  modeling  software  scrum (software development)  methodology  process  Software Engineering  software development process  Software Testing  Agile Software Development computer-science software-development,0.1981,0.1743
5,Michael Brown,Information Security Analyst,Cybersecurity,1,Security Operations and Administration,4.7,0.94,Advanced,configuration management  separation of duties  key (cryptography)  Security Operations  security awareness  Software Engineering  owasp  management process  security  release management information-technology security,0.5448,0.5121
5,Michael Brown,Information Security Analyst,Cybersecurity,2,Information Security: Context and Introduction,4.6,0.92,Beginner,Cryptography  Leadership and Management  security management  information security  Network Security  security  encryption  incident management  authorization  Risk computer-science computer-security-and-networks,0.5176,0.4762
5,Michael Brown,Information Security Analyst,Cybersecurity,3,Protecting Cloud Architecture with Alibaba Cloud,4.9,0.98,Beginner,performance  wi-fi  encryption  data security  wireless network interface controller  index  security  Switches  web  history computer-science software-development,0.4342,0.4255
5,Michael Brown,Information Security Analyst,Cybersecurity,4,Networks and Communications Security,4.7,0.94,Advanced,sublayer  virtual circuit  security  virtual lan  wireless  fibre channel over ethernet  virtual private lan service  domain name system  control plane  data link layer information-technology security,0.4237,0.3983
5,Michael Brown,Information Security Analyst,Cybersecurity,5,Cloud Security Basics,4.7,0.94,Advanced,separation of duties  protocol stack  cloud computing security  trust boundary  attack surface  cryptographic protocol  security  Network Security  Cloud Computing  public key certificate information-technology cloud-computing,0.4075,0.383
5,Michael Brown,Information Security Analyst,Cybersecurity,6,Enterprise and Infrastructure Security,4.6,0.92,Advanced,infrastructure security  critical infrastructure protection  cloud computing security  Mobile Security  payment card industry data security standard  Cloud Computing  security awareness  BlockChain  internet of things  security computer-science computer-security-and-networks,0.406,0.3735
5,Michael Brown,Information Security Analyst,Cybersecurity,7,IT Security: Defense against the digital dark arts,4.7,0.94,Beginner,wireless  wireless security  authentication  encryption  information security  Network Security  Cryptography  security  System Security  network monitoring information-technology security,0.3857,0.3626
5,Michael Brown,Information Security Analyst,Cybersecurity,8,Systems and Application Security,4.8,0.96,Advanced,virtual machine  encryption  process  privacy  software  malware  Cloud Computing  Leadership and Management  security  cloud computing security information-technology security,0.3671,0.3524
5,Michael Brown,Information Security Analyst,Cybersecurity,9,Security Awareness Training,4.7,0.94,Beginner,security  security management  multi-factor authentication  security question  awareness  malware  security awareness  authentication  password  Mobile Security information-technology security,0.3446,0.3239
5,Michael Brown,Information Security Analyst,Cybersecurity,10,The Business of Cybersecurity Capstone,4.8,0.96,Advanced,Risk  Leadership and Management  performance measurement  security management  security  information security  contingency plan  Risk Management  Computer Security Incident Management  Strategy computer-science computer-security-and-networks,0.332,0.3187
6,Laura Lee,Machine Learning Engineer,Machine Learning,1,Machine Learning With Big Data,4.6,0.92,Beginner,statistical classification  knime  data clustering algorithms  Human Learning  analysis  Algorithms  Apache Spark  cluster analysis  Machine Learning  Apache data-science machine-learning,0.4873,0.4483
6,Laura Lee,Machine Learning Engineer,Machine Learning,2,Introduction to Applied Machine Learning,4.7,0.94,Intermediate,Algorithms  Machine Learning Algorithms  Applied Machine Learning  Test Set  Machine Learning  ordered pair  Training  Human Learning  Deep Learning  business requirements data-science machine-learning,0.397,0.3732
6,Laura Lee,Machine Learning Engineer,Machine Learning,3,Data Science for Business Innovation,4.2,0.84,Advanced,statistical classification  Machine Learning  Big Data  Data Analysis  linear regression  recommender systems  linearity  analysis  Computer Programming  Machine Learning Algorithms data-science data-analysis,0.3924,0.3296
6,Laura Lee,Machine Learning Engineer,Machine Learning,4,Introduction to Data Analytics,4.7,0.94,Advanced,analytics  Data Analysis  physics  Exploratory Data Analysis  business analytics  Python Programming  quality control  Data Science  SQL  Business Analysis data-science data-analysis,0.3455,0.3248
6,Laura Lee,Machine Learning Engineer,Machine Learning,5,Machine Learning Foundations: A Case Study Approach,4.5,0.9,Conversant,Human Learning  Regression  Machine Learning  Graphlab  statistical classification  linearity  Algorithms  Computer Programming  Python Programming  analysis data-science machine-learning,0.3564,0.3208
6,Laura Lee,Machine Learning Engineer,Machine Learning,6,Machine Learning for Data Analysis,4.2,0.84,Intermediate,Algorithms  Data Analysis  numbers (spreadsheet)  evaluation  Machine Learning  Regression  Dependent And Independent Variables  Human Learning  Regression Analysis  decision tree data-science machine-learning,0.3661,0.3075
6,Laura Lee,Machine Learning Engineer,Machine Learning,7,Code Free Data Science,4.3,0.86,Beginner,analytics  knime  download  decision tree  Machine Learning  Data Manipulation  Data Mining  data clustering algorithms  Microsoft Excel  modeling data-science machine-learning,0.3462,0.2977
6,Laura Lee,Machine Learning Engineer,Machine Learning,8,Data Analysis with Python,4.6,0.92,Conversant,Data Model  Regression  Python Programming  Regression Analysis  Exploratory Data Analysis  analysis  Computer Programming  modeling  Data Analysis  linearity data-science data-analysis,0.3174,0.292
6,Laura Lee,Machine Learning Engineer,Machine Learning,9,Machine Learning for Accounting with Python,4.5,0.9,Advanced,statistical classification  Regression  mathematical optimization  Python Programming  decision tree  Document Classification  n-gram  Machine Learning  Algorithms  hyperparameter data-science machine-learning,0.3226,0.2903
6,Laura Lee,Machine Learning Engineer,Machine Learning,10,Developing AI Applications on Azure,4.3,0.86,Beginner,Machine Learning  web service  workspace  Training  Computer Programming  Microsoft Azure  Python Programming  Computer Vision  Human Learning  application programming interfaces data-science machine-learning,0.3273,0.2815
7,William Johnson,Database Administrator,Database Management,1,Create Relational Database Tables Using SQLiteStudio,4.7,0.94,Beginner,database management systems  Databases  web browsers  BlockChain  relational database  sqlite  web  Average  SQL  table (database) information-technology data-management,0.3867,0.3635
7,William Johnson,Database Administrator,Database Management,2,Creating Database Tables with SQL,4.6,0.92,Beginner,SQL  HTML5  mysql  database management systems  Database Design  relational database  table (database)  Accuracy And Precision  Databases  data retrieval information-technology data-management,0.371,0.3413
7,William Johnson,Database Administrator,Database Management,3,Retrieve Data using Single-Table SQL Queries,4.6,0.92,Beginner,Data Analysis  select (sql)  database management systems  online shopping  table (database)  data retrieval  Databases  web page  numbers (spreadsheet)  SQL information-technology data-management,0.3694,0.3398
7,William Johnson,Database Administrator,Database Management,4,Introduction to Data Analytics,4.7,0.94,Advanced,analytics  Data Analysis  physics  Exploratory Data Analysis  business analytics  Python Programming  quality control  Data Science  SQL  Business Analysis data-science data-analysis,0.3514,0.3303
7,William Johnson,Database Administrator,Database Management,5,Relational Database Support for Data Warehouses,4.6,0.92,Advanced,data integration  data governance  null coalescing operator  Business Intelligence  SQL  modulo operation  Databases  relational database  ternary conditional operator  Data Warehousing data-science data-analysis,0.3531,0.3249
7,William Johnson,Database Administrator,Database Management,6,Build a Database from a Relational Model,4.8,0.96,Beginner,Database Design  relational database  Databases  ordered pair  Data Model  test data  database management systems  relational model  graphical model  unique key information-technology data-management,0.3265,0.3134
7,William Johnson,Database Administrator,Database Management,7,Manipulating Data with SQL,4.6,0.92,Beginner,system u  table (database)  relational database  database management systems  Databases  Database Design  SQL  Rowing  data retrieval  unique key information-technology data-management,0.3207,0.295
7,William Johnson,Database Administrator,Database Management,8,Research Data Management and Sharing,4.7,0.94,Intermediate,enabling  document management systems  Strategy  Data Management  confidentiality  research data archiving  metadata  Planning  data file  Leadership and Management data-science data-analysis,0.3133,0.2945
7,William Johnson,Database Administrator,Database Management,9,Big Data Modeling and Management Systems,4.4,0.88,Intermediate,Databases  analytics  graphs  Data Structures  Big Data Analytics  Data Management  Big Data  Data Model  Leadership and Management  modeling data-science data-analysis,0.3104,0.2732
7,William Johnson,Database Administrator,Database Management,10,Database Design and Diagramming in Dia,4.6,0.92,Beginner,data retrieval  Databases  requirements analysis  relational database  table (database)  user requirements document  entity relationship model  Database Design  process  database management systems information-technology data-management,0.296,0.2723
8,Sarah Miller,Cloud Solutions Architect,Cloud Computing,1,System Administration and IT Infrastructure Services,4.7,0.94,Conversant,disaster  directory services  lightweight directory access protocol  Cloud Computing  backup  directory access protocol  Planning  lightweight  Server Systems  infrastructure as a service information-technology support-and-operations,0.2759,0.2593
8,Sarah Miller,Cloud Solutions Architect,Cloud Computing,2,Essential Google Cloud Infrastructure: Core Services,4.7,0.94,Conversant,Leadership and Management  bigquery  Cloud Infrastructure  identity management  Cloud Platforms  Cloud Computing  network monitoring  Google Cloud Platform  Cloud Storage  resource information-technology cloud-computing,0.2556,0.2403
8,Sarah Miller,Cloud Solutions Architect,Cloud Computing,3,Essential Google Cloud Infrastructure: Foundation,4.7,0.94,Conversant,Cloud Infrastructure  private network  virtual machine  Cloud Storage  Cloud Computing  virtual private networks  Network Architecture  Cloud Platforms  architecture  Google Cloud Platform information-technology cloud-computing,0.2471,0.2323
8,Sarah Miller,Cloud Solutions Architect,Cloud Computing,4,Elastic Google Cloud Infrastructure: Scaling and Automation,4.7,0.94,Beginner,Cloud Platforms  virtual private networks  Google Cloud Platform  Cloud Computing  load balancing  build automation  deployment environment  Cloud Infrastructure  managed services  Leadership and Management information-technology cloud-computing,0.2459,0.2311
8,Sarah Miller,Cloud Solutions Architect,Cloud Computing,5,Enterprise and Infrastructure Security,4.6,0.92,Advanced,infrastructure security  critical infrastructure protection  cloud computing security  Mobile Security  payment card industry data security standard  Cloud Computing  security awareness  BlockChain  internet of things  security computer-science computer-security-and-networks,0.2341,0.2154
8,Sarah Miller,Cloud Solutions Architect,Cloud Computing,6,Reliable Google Cloud Infrastructure: Design and Process,4.7,0.94,Beginner,Google Cloud Platform  Cloud Platforms  Cloud Computing  process  security  Cloud Infrastructure  deployment environment  site reliability engineering  architecture  reliability engineering information-technology cloud-computing,0.2179,0.2048
8,Sarah Miller,Cloud Solutions Architect,Cloud Computing,7,Cloud Networking,4.4,0.88,Advanced,Network Infrastructure  distributed computing  tcp congestion control  Computer Networking  routing  Cloud Computing  Cloud Infrastructure  Python Programming  network congestion  data centers computer-science computer-security-and-networks,0.2285,0.2011
8,Sarah Miller,Cloud Solutions Architect,Cloud Computing,8,"Innovation Through Design: Think, Make, Break, Repeat",4.7,0.94,Intermediate,minimum viable product  Innovation  innovation management  thought  process  Entrepreneurship  design thinking  agile management  instructional design  project management professional business entrepreneurship,0.2071,0.1947
8,Sarah Miller,Cloud Solutions Architect,Cloud Computing,9,Prototyping and Design,4.6,0.92,Advanced,design pattern  paper prototyping  Commercial Design  user interface  interaction design  interaction design pattern  User Experience  interfaces  usability  user interface design computer-science design-and-product,0.2068,0.1903
8,Sarah Miller,Cloud Solutions Architect,Cloud Computing,10,Azure Infrastructure Fundamentals,4.2,0.84,Advanced,Microsoft Azure  Machine Learning  coroutine  openshift  sap erp  reliability engineering  archimate  BlockChain  windows services  site reliability engineering computer-science computer-security-and-networks,0.2254,0.1893
9,James Wilson,Mobile App Developer,Mobile App Development,1,Requirements Gathering for Secure Software Development,4.6,0.92,Beginner,software requirements  requirements analysis  requirements elicitation  software requirements specification  software  Agile Software Development  software development process  Software Engineering  requirements engineering  analysis computer-science software-development,0.3705,0.3409
9,James Wilson,Mobile App Developer,Mobile App Development,2,Agile Planning for Software Products,4.7,0.94,Advanced,Risk  Leadership and Management  Software Engineering  Planning  project  Risk Management  software  Agile Software Development  Estimation  agile management computer-science software-development,0.32,0.3008
9,James Wilson,Mobile App Developer,Mobile App Development,3,Reviews & Metrics for Software Improvements,4.6,0.92,Advanced,software metrics  software project management  scrum (software development)  Project Management  software  Leadership and Management  Software Engineering  software product management  project  Product Management computer-science design-and-product,0.2954,0.2718
9,James Wilson,Mobile App Developer,Mobile App Development,4,Software Product Management Capstone,4.8,0.96,Advanced,Product Management  Leadership and Management  project  scrum (software development)  Project Management  software  software product management  Software Engineering  software project management  Agile Software Development computer-science design-and-product,0.2779,0.2668
9,James Wilson,Mobile App Developer,Mobile App Development,5,Software Design as an Element of the Software Development Lifecycle,4.6,0.92,Advanced,Software Architecture  software design  security  Software Testing  Software Engineering  interfaces  low-level design  software  specification (technical standard)  software development process computer-science software-development,0.2781,0.2559
9,James Wilson,Mobile App Developer,Mobile App Development,6,Software Security,4.6,0.92,Advanced,internet security  SQL  security  Security Software  web  buffer overflow  software  penetration test  analysis  sql injection computer-science computer-security-and-networks,0.2751,0.2531
9,James Wilson,Mobile App Developer,Mobile App Development,7,Software Development Processes and Methodologies,4.4,0.88,Advanced,waterfall model  modeling  software  scrum (software development)  methodology  process  Software Engineering  software development process  Software Testing  Agile Software Development computer-science software-development,0.2836,0.2496
9,James Wilson,Mobile App Developer,Mobile App Development,8,Introduction to Software Product Management,4.6,0.92,Beginner,project  Software Engineering  Product Management  Leadership and Management  software  Agile Software Development  agile management  software product management  Planning  agile manifesto computer-science design-and-product,0.2597,0.2389
9,James Wilson,Mobile App Developer,Mobile App Development,9,Engineering Practices for Building Quality Software,4.1,0.82,Conversant,code coverage  version control systems  software project management  design pattern  software quality  Software Architecture  static analysis  software  Continuous Integration  Software Engineering computer-science software-development,0.2775,0.2276
9,James Wilson,Mobile App Developer,Mobile App Development,10,Continuous Integration,3.7,0.74,Advanced,flow network  software development process  shippable  software configuration management  euler's totient function  reusability  packaging  software project management  DevOps  Continuous Integration computer-science software-development,0.2653,0.1963
10,Olivia Clark,Graphics Programmer,Computer Graphics,1,Agile Planning for Software Products,4.7,0.94,Advanced,Risk  Leadership and Management  Software Engineering  Planning  project  Risk Management  software  Agile Software Development  Estimation  agile management computer-science software-development,0.2448,0.2301
10,Olivia Clark,Graphics Programmer,Computer Graphics,2,Requirements Gathering for Secure Software Development,4.6,0.92,Beginner,software requirements  requirements analysis  requirements elicitation  software requirements specification  software  Agile Software Development  software development process  Software Engineering  requirements engineering  analysis computer-science software-development,0.2485,0.2286
10,Olivia Clark,Graphics Programmer,Computer Graphics,3,Introduction to Game Development,4.8,0.96,Beginner,game design  java annotation  Computer Programming  game development tool  user interface  game engine  unity (user interface)  programming tool  interfaces  video game development computer-science software-development,0.2138,0.2052
10,Olivia Clark,Graphics Programmer,Computer Graphics,4,Software Design as an Element of the Software Development Lifecycle,4.6,0.92,Advanced,Software Architecture  software design  security  Software Testing  Software Engineering  interfaces  low-level design  software  specification (technical standard)  software development process computer-science software-development,0.2172,0.1998
10,Olivia Clark,Graphics Programmer,Computer Graphics,5,Reviews & Metrics for Software Improvements,4.6,0.92,Advanced,software metrics  software project management  scrum (software development)  Project Management  software  Leadership and Management  Software Engineering  software product management  project  Product Management computer-science design-and-product,0.2167,0.1994
10,Olivia Clark,Graphics Programmer,Computer Graphics,6,Software Development Processes and Methodologies,4.4,0.88,Advanced,waterfall model  modeling  software  scrum (software development)  methodology  process  Software Engineering  software development process  Software Testing  Agile Software Development computer-science software-development,0.2256,0.1985
10,Olivia Clark,Graphics Programmer,Computer Graphics,7,Engineering Practices for Building Quality Software,4.1,0.82,Conversant,code coverage  version control systems  software project management  design pattern  software quality  Software Architecture  static analysis  software  Continuous Integration  Software Engineering computer-science software-development,0.2254,0.1848
10,Olivia Clark,Graphics Programmer,Computer Graphics,8,Software Security,4.6,0.92,Advanced,internet security  SQL  security  Security Software  web  buffer overflow  software  penetration test  analysis  sql injection computer-science computer-security-and-networks,0.1952,0.1796
10,Olivia Clark,Graphics Programmer,Computer Graphics,9,Continuous Integration,3.7,0.74,Advanced,flow network  software development process  shippable  software configuration management  euler's totient function  reusability  packaging  software project management  DevOps  Continuous Integration computer-science software-development,0.2342,0.1733
10,Olivia Clark,Graphics Programmer,Computer Graphics,10,Lean Software Development,4.2,0.84,Advanced,process  Mobile Development  software  Agile Software Development  value stream mapping  software development process  Software Testing  Software Engineering  scrum (software development)  lean software development computer-science software-development,0.1989,0.1671
11,Andrew Hall,NLP Research Scientist,Artificial Intelligence,1,Introduction to Applied Machine Learning,4.7,0.94,Intermediate,Algorithms  Machine Learning Algorithms  Applied Machine Learning  Test Set  Machine Learning  ordered pair  Training  Human Learning  Deep Learning  business requirements data-science machine-learning,0.3264,0.3068
11,Andrew Hall,NLP Research Scientist,Artificial Intelligence,2,Machine Learning With Big Data,4.6,0.92,Beginner,statistical classification  knime  data clustering algorithms  Human Learning  analysis  Algorithms  Apache Spark  cluster analysis  Machine Learning  Apache data-science machine-learning,0.3148,0.2896
11,Andrew Hall,NLP Research Scientist,Artificial Intelligence,3,Machine Learning Foundations: A Case Study Approach,4.5,0.9,Conversant,Human Learning  Regression  Machine Learning  Graphlab  statistical classification  linearity  Algorithms  Computer Programming  Python Programming  analysis data-science machine-learning,0.313,0.2817
11,Andrew Hall,NLP Research Scientist,Artificial Intelligence,4,Research for Impact,4.9,0.98,Intermediate,experience  knowledge-based systems  Strategic Partnerships  research methods  evaluation  climate change  sustainability  strategic communication  wicked problem  Communication social-sciences governance-and-society,0.2825,0.2768
11,Andrew Hall,NLP Research Scientist,Artificial Intelligence,5,Being a researcher (in Information Science and Technology),4.8,0.96,Advanced,Laboratory Research  physics  window blind  physics experiments  pharmacy  medical laboratory  pharmacology  Scientific Analysis  research methods  robotics physical-science-and-engineering research-methods,0.2843,0.2729
11,Andrew Hall,NLP Research Scientist,Artificial Intelligence,6,Machine Learning for Data Analysis,4.2,0.84,Intermediate,Algorithms  Data Analysis  numbers (spreadsheet)  evaluation  Machine Learning  Regression  Dependent And Independent Variables  Human Learning  Regression Analysis  decision tree data-science machine-learning,0.3211,0.2697
11,Andrew Hall,NLP Research Scientist,Artificial Intelligence,7,Machine Learning for All,4.7,0.94,Conversant,robotics  Machine Learning  Artificial Neural Networks  Training  Algorithms  Tensorflow  statistical classification  modeling  Human Learning  Deep Learning computer-science software-development,0.2726,0.2562
11,Andrew Hall,NLP Research Scientist,Artificial Intelligence,8,Introduction to Research for Essay Writing,4.7,0.94,Intermediate,language  linguistics  Writing  english language  formal language  english grammar  academic writing  sources  Note Taking  essay writing arts-and-humanities music-and-art,0.2638,0.248
11,Andrew Hall,NLP Research Scientist,Artificial Intelligence,9,Machine Learning with Python,4.6,0.92,Beginner,Logistic Regression  Algorithms  Human Learning  data clustering algorithms  Machine Learning  statistical classification  classification algorithms  Regression  Computer Programming  Python Programming data-science machine-learning,0.2652,0.244
11,Andrew Hall,NLP Research Scientist,Artificial Intelligence,10,Developing AI Applications on Azure,4.3,0.86,Beginner,Machine Learning  web service  workspace  Training  Computer Programming  Microsoft Azure  Python Programming  Computer Vision  Human Learning  application programming interfaces data-science machine-learning,0.2658,0.2286
12,David Jones,Web Developer,Web Development,1,Requirements Gathering for Secure Software Development,4.6,0.92,Beginner,software requirements  requirements analysis  requirements elicitation  software requirements specification  software  Agile Software Development  software development process  Software Engineering  requirements engineering  analysis computer-science software-development,0.2563,0.2358
12,David Jones,Web Developer,Web Development,2,Agile Planning for Software Products,4.7,0.94,Advanced,Risk  Leadership and Management  Software Engineering  Planning  project  Risk Management  software  Agile Software Development  Estimation  agile management computer-science software-development,0.234,0.22
12,David Jones,Web Developer,Web Development,3,Software Design as an Element of the Software Development Lifecycle,4.6,0.92,Advanced,Software Architecture  software design  security  Software Testing  Software Engineering  interfaces  low-level design  software  specification (technical standard)  software development process computer-science software-development,0.2282,0.2099
12,David Jones,Web Developer,Web Development,4,Design Patterns,4.6,0.92,Advanced,architectural pattern  code smell  software  code refactoring  design pattern  unified modeling language  software design  chain of responsibility  factory method pattern  software design pattern computer-science software-development,0.228,0.2098
12,David Jones,Web Developer,Web Development,5,Introduction to UI Design,4.7,0.94,Conversant,usability  user interface  experience  interfaces  evaluation  java annotation  user interface design  principle  principles of user interface design  User Experience computer-science design-and-product,0.2149,0.202
12,David Jones,Web Developer,Web Development,6,Standardisation & Technology,4.4,0.88,Advanced,ageing  how we decide  connected car  privacy  ethics  opinion  process  Weighting  standards organization  voting business business-strategy,0.2294,0.2019
12,David Jones,Web Developer,Web Development,7,Web Connectivity and Security in Embedded Systems,4.5,0.9,Advanced,attack model  cryptographic protocol  application layer  web service  web  link layer  wireless security  symmetric-key algorithm  application layer protocols  public-key cryptography computer-science computer-security-and-networks,0.2055,0.185
12,David Jones,Web Developer,Web Development,8,Usable Security,4.5,0.9,Beginner,Human Computer Interaction  privacy  java annotation  user interface  Security Design  usability testing  usability  authentication  security  password computer-science computer-security-and-networks,0.2015,0.1814
12,David Jones,Web Developer,Web Development,9,Web Application Development: Basic Concepts,4.5,0.9,Advanced,active record pattern  ruby on rails  web  Javascript  ajax (programming)  html  middleware  ruby (programming language)  Full-Stack Web Development  web application computer-science mobile-and-web-development,0.2011,0.181
12,David Jones,Web Developer,Web Development,10,Software Development Processes and Methodologies,4.4,0.88,Advanced,waterfall model  modeling  software  scrum (software development)  methodology  process  Software Engineering  software development process  Software Testing  Agile Software Development computer-science software-development,0.1981,0.1743
13,Elizabeth Williams,Mobile App Developer,Mobile App Development,1,Requirements Gathering for Secure Software Development,4.6,0.92,Beginner,software requirements  requirements analysis  requirements elicitation  software requirements specification  software  Agile Software Development  software development process  Software Engineering  requirements engineering  analysis computer-science software-development,0.3705,0.3409
13,Elizabeth Williams,Mobile App Developer,Mobile App Development,2,Agile Planning for Software Products,4.7,0.94,Advanced,Risk  Leadership and Management  Software Engineering  Planning  project  Risk Management  software  Agile Software Development  Estimation  agile management computer-science software-development,0.32,0.3008
13,Elizabeth Williams,Mobile App Developer,Mobile App Development,3,Reviews & Metrics for Software Improvements,4.6,0.92,Advanced,software metrics  software project management  scrum (software development)  Project Management  software  Leadership and Management  Software Engineering  software product management  project  Product Management computer-science design-and-product,0.2954,0.2718
13,Elizabeth Williams,Mobile App Developer,Mobile App Development,4,Software Product Management Capstone,4.8,0.96,Advanced,Product Management  Leadership and Management  project  scrum (software development)  Project Management  software  software product management  Software Engineering  software project management  Agile Software Development computer-science design-and-product,0.2779,0.2668
13,Elizabeth Williams,Mobile App Developer,Mobile App Development,5,Software Design as an Element of the Software Development Lifecycle,4.6,0.92,Advanced,Software Architecture  software design  security  Software Testing  Software Engineering  interfaces  low-level design  software  specification (technical standard)  software development process computer-science software-development,0.2781,0.2559
13,Elizabeth Williams,Mobile App Developer,Mobile App Development,6,Software Security,4.6,0.92,Advanced,internet security  SQL  security  Security Software  web  buffer overflow  software  penetration test  analysis  sql injection computer-science computer-security-and-networks,0.2751,0.2531
13,Elizabeth Williams,Mobile App Developer,Mobile App Development,7,Software Development Processes and Methodologies,4.4,0.88,Advanced,waterfall model  modeling  software  scrum (software development)  methodology  process  Software Engineering  software development process  Software Testing  Agile Software Development computer-science software-development,0.2836,0.2496
13,Elizabeth Williams,Mobile App Developer,Mobile App Development,8,Introduction to Software Product Management,4.6,0.92,Beginner,project  Software Engineering  Product Management  Leadership and Management  software  Agile Software Development  agile management  software product management  Planning  agile manifesto computer-science design-and-product,0.2597,0.2389
13,Elizabeth Williams,Mobile App Developer,Mobile App Development,9,Engineering Practices for Building Quality Software,4.1,0.82,Conversant,code coverage  version control systems  software project management  design pattern  software quality  Software Architecture  static analysis  software  Continuous Integration  Software Engineering computer-science software-development,0.2775,0.2276
13,Elizabeth Williams,Mobile App Developer,Mobile App Development,10,Continuous Integration,3.7,0.74,Advanced,flow network  software development process  shippable  software configuration management  euler's totient function  reusability  packaging  software project management  DevOps  Continuous Integration computer-science software-development,0.2653,0.1963
14,Charles Miller,Game Developer,Computer Graphics,1,Agile Planning for Software Products,4.7,0.94,Advanced,Risk  Leadership and Management  Software Engineering  Planning  project  Risk Management  software  Agile Software Development  Estimation  agile management computer-science software-development,0.2476,0.2327
14,Charles Miller,Game Developer,Computer Graphics,2,Requirements Gathering for Secure Software Development,4.6,0.92,Beginner,software requirements  requirements analysis  requirements elicitation  software requirements specification  software  Agile Software Development  software development process  Software Engineering  requirements engineering  analysis computer-science software-development,0.2479,0.2281
14,Charles Miller,Game Developer,Computer Graphics,3,Introduction to Game Development,4.8,0.96,Beginner,game design  java annotation  Computer Programming  game development tool  user interface  game engine  unity (user interface)  programming tool  interfaces  video game development computer-science software-development,0.2245,0.2155
14,Charles Miller,Game Developer,Computer Graphics,4,Software Design as an Element of the Software Development Lifecycle,4.6,0.92,Advanced,Software Architecture  software design  security  Software Testing  Software Engineering  interfaces  low-level design  software  specification (technical standard)  software development process computer-science software-development,0.2166,0.1993
14,Charles Miller,Game Developer,Computer Graphics,5,Reviews & Metrics for Software Improvements,4.6,0.92,Advanced,software metrics  software project management  scrum (software development)  Project Management  software  Leadership and Management  Software Engineering  software product management  project  Product Management computer-science design-and-product,0.2161,0.1988
14,Charles Miller,Game Developer,Computer Graphics,6,Software Development Processes and Methodologies,4.4,0.88,Advanced,waterfall model  modeling  software  scrum (software development)  methodology  process  Software Engineering  software development process  Software Testing  Agile Software Development computer-science software-development,0.225,0.198
14,Charles Miller,Game Developer,Computer Graphics,7,Engineering Practices for Building Quality Software,4.1,0.82,Conversant,code coverage  version control systems  software project management  design pattern  software quality  Software Architecture  static analysis  software  Continuous Integration  Software Engineering computer-science software-development,0.2248,0.1843
14,Charles Miller,Game Developer,Computer Graphics,8,Software Security,4.6,0.92,Advanced,internet security  SQL  security  Security Software  web  buffer overflow  software  penetration test  analysis  sql injection computer-science computer-security-and-networks,0.1947,0.1791
14,Charles Miller,Game Developer,Computer Graphics,9,Continuous Integration,3.7,0.74,Advanced,flow network  software development process  shippable  software configuration management  euler's totient function  reusability  packaging  software project management  DevOps  Continuous Integration computer-science software-development,0.2336,0.1729
14,Charles Miller,Game Developer,Computer Graphics,10,Lean Software Development,4.2,0.84,Advanced,process  Mobile Development  software  Agile Software Development  value stream mapping  software development process  Software Testing  Software Engineering  scrum (software development)  lean software development computer-science software-development,0.1984,0.1667
15,Susan Davis,Software Engineer,Software Engineering,1,Requirements Gathering for Secure Software Development,4.6,0.92,Beginner,software requirements  requirements analysis  requirements elicitation  software requirements specification  software  Agile Software Development  software development process  Software Engineering  requirements engineering  analysis computer-science software-development,0.331,0.3045
15,Susan Davis,Software Engineer,Software Engineering,2,Engineering Practices for Building Quality Software,4.1,0.82,Conversant,code coverage  version control systems  software project management  design pattern  software quality  Software Architecture  static analysis  software  Continuous Integration  Software Engineering computer-science software-development,0.3639,0.2984
15,Susan Davis,Software Engineer,Software Engineering,3,Agile Planning for Software Products,4.7,0.94,Advanced,Risk  Leadership and Management  Software Engineering  Planning  project  Risk Management  software  Agile Software Development  Estimation  agile management computer-science software-development,0.2975,0.2796
15,Susan Davis,Software Engineer,Software Engineering,4,Software Product Management Capstone,4.8,0.96,Advanced,Product Management  Leadership and Management  project  scrum (software development)  Project Management  software  software product management  Software Engineering  software project management  Agile Software Development computer-science design-and-product,0.2869,0.2754
15,Susan Davis,Software Engineer,Software Engineering,5,Software Development Processes and Methodologies,4.4,0.88,Advanced,waterfall model  modeling  software  scrum (software development)  methodology  process  Software Engineering  software development process  Software Testing  Agile Software Development computer-science software-development,0.3081,0.2711
15,Susan Davis,Software Engineer,Software Engineering,6,Software Processes and Agile Practices,4.7,0.94,Beginner,lean software development  process  kanban  software development process  software  Software Engineering  Leadership and Management  scrum (software development)  unified process  Agile Software Development computer-science design-and-product,0.2877,0.2704
15,Susan Davis,Software Engineer,Software Engineering,7,Software Design as an Element of the Software Development Lifecycle,4.6,0.92,Advanced,Software Architecture  software design  security  Software Testing  Software Engineering  interfaces  low-level design  software  specification (technical standard)  software development process computer-science software-development,0.2821,0.2595
15,Susan Davis,Software Engineer,Software Engineering,8,Reviews & Metrics for Software Improvements,4.6,0.92,Advanced,software metrics  software project management  scrum (software development)  Project Management  software  Leadership and Management  Software Engineering  software product management  project  Product Management computer-science design-and-product,0.2705,0.2489
15,Susan Davis,Software Engineer,Software Engineering,9,Continuous Integration,3.7,0.74,Advanced,flow network  software development process  shippable  software configuration management  euler's totient function  reusability  packaging  software project management  DevOps  Continuous Integration computer-science software-development,0.3247,0.2403
15,Susan Davis,Software Engineer,Software Engineering,10,Introduction to Software Product Management,4.6,0.92,Beginner,project  Software Engineering  Product Management  Leadership and Management  software  Agile Software Development  agile management  software product management  Planning  agile manifesto computer-science design-and-product,0.2592,0.2385
16,John Brown,Information Security Analyst,Cybersecurity,1,Security Operations and Administration,4.7,0.94,Advanced,configuration management  separation of duties  key (cryptography)  Security Operations  security awareness  Software Engineering  owasp  management process  security  release management information-technology security,0.5448,0.5121
16,John Brown,Information Security Analyst,Cybersecurity,2,Information Security: Context and Introduction,4.6,0.92,Beginner,Cryptography  Leadership and Management  security management  information security  Network Security  security  encryption  incident management  authorization  Risk computer-science computer-security-and-networks,0.5176,0.4762
16,John Brown,Information Security Analyst,Cybersecurity,3,Protecting Cloud Architecture with Alibaba Cloud,4.9,0.98,Beginner,performance  wi-fi  encryption  data security  wireless network interface controller  index  security  Switches  web  history computer-science software-development,0.4342,0.4255
16,John Brown,Information Security Analyst,Cybersecurity,4,Networks and Communications Security,4.7,0.94,Advanced,sublayer  virtual circuit  security  virtual lan  wireless  fibre channel over ethernet  virtual private lan service  domain name system  control plane  data link layer information-technology security,0.4237,0.3983
16,John Brown,Information Security Analyst,Cybersecurity,5,Cloud Security Basics,4.7,0.94,Advanced,separation of duties  protocol stack  cloud computing security  trust boundary  attack surface  cryptographic protocol  security  Network Security  Cloud Computing  public key certificate information-technology cloud-computing,0.4075,0.383
16,John Brown,Information Security Analyst,Cybersecurity,6,Enterprise and Infrastructure Security,4.6,0.92,Advanced,infrastructure security  critical infrastructure protection  cloud computing security  Mobile Security  payment card industry data security standard  Cloud Computing  security awareness  BlockChain  internet of things  security computer-science computer-security-and-networks,0.406,0.3735
16,John Brown,Information Security Analyst,Cybersecurity,7,IT Security: Defense against the digital dark arts,4.7,0.94,Beginner,wireless  wireless security  authentication  encryption  information security  Network Security  Cryptography  security  System Security  network monitoring information-technology security,0.3857,0.3626
16,John Brown,Information Security Analyst,Cybersecurity,8,Systems and Application Security,4.8,0.96,Advanced,virtual machine  encryption  process  privacy  software  malware  Cloud Computing  Leadership and Management  security  cloud computing security information-technology security,0.3671,0.3524
16,John Brown,Information Security Analyst,Cybersecurity,9,Security Awareness Training,4.7,0.94,Beginner,security  security management  multi-factor authentication  security question  awareness  malware  security awareness  authentication  password  Mobile Security information-technology security,0.3446,0.3239
16,John Brown,Information Security Analyst,Cybersecurity,10,The Business of Cybersecurity Capstone,4.8,0.96,Advanced,Risk  Leadership and Management  performance measurement  security management  security  information security  contingency plan  Risk Management  Computer Security Incident Management  Strategy computer-science computer-security-and-networks,0.332,0.3187
17,Laura Lee,Machine Learning Engineer,Machine Learning,1,Machine Learning With Big Data,4.6,0.92,Beginner,statistical classification  knime  data clustering algorithms  Human Learning  analysis  Algorithms  Apache Spark  cluster analysis  Machine Learning  Apache data-science machine-learning,0.4873,0.4483
17,Laura Lee,Machine Learning Engineer,Machine Learning,2,Introduction to Applied Machine Learning,4.7,0.94,Intermediate,Algorithms  Machine Learning Algorithms  Applied Machine Learning  Test Set  Machine Learning  ordered pair  Training  Human Learning  Deep Learning  business requirements data-science machine-learning,0.397,0.3732
17,Laura Lee,Machine Learning Engineer,Machine Learning,3,Data Science for Business Innovation,4.2,0.84,Advanced,statistical classification  Machine Learning  Big Data  Data Analysis  linear regression  recommender systems  linearity  analysis  Computer Programming  Machine Learning Algorithms data-science data-analysis,0.3924,0.3296
17,Laura Lee,Machine Learning Engineer,Machine Learning,4,Introduction to Data Analytics,4.7,0.94,Advanced,analytics  Data Analysis  physics  Exploratory Data Analysis  business analytics  Python Programming  quality control  Data Science  SQL  Business Analysis data-science data-analysis,0.3455,0.3248
17,Laura Lee,Machine Learning Engineer,Machine Learning,5,Machine Learning Foundations: A Case Study Approach,4.5,0.9,Conversant,Human Learning  Regression  Machine Learning  Graphlab  statistical classification  linearity  Algorithms  Computer Programming  Python Programming  analysis data-science machine-learning,0.3564,0.3208
17,Laura Lee,Machine Learning Engineer,Machine Learning,6,Machine Learning for Data Analysis,4.2,0.84,Intermediate,Algorithms  Data Analysis  numbers (spreadsheet)  evaluation  Machine Learning  Regression  Dependent And Independent Variables  Human Learning  Regression Analysis  decision tree data-science machine-learning,0.3661,0.3075
17,Laura Lee,Machine Learning Engineer,Machine Learning,7,Code Free Data Science,4.3,0.86,Beginner,analytics  knime  download  decision tree  Machine Learning  Data Manipulation  Data Mining  data clustering algorithms  Microsoft Excel  modeling data-science machine-learning,0.3462,0.2977
17,Laura Lee,Machine Learning Engineer,Machine Learning,8,Data Analysis with Python,4.6,0.92,Conversant,Data Model  Regression  Python Programming  Regression Analysis  Exploratory Data Analysis  analysis  Computer Programming  modeling  Data Analysis  linearity data-science data-analysis,0.3174,0.292
17,Laura Lee,Machine Learning Engineer,Machine Learning,9,Machine Learning for Accounting with Python,4.5,0.9,Advanced,statistical classification  Regression  mathematical optimization  Python Programming  decision tree  Document Classification  n-gram  Machine Learning  Algorithms  hyperparameter data-science machine-learning,0.3226,0.2903
17,Laura Lee,Machine Learning Engineer,Machine Learning,10,Developing AI Applications on Azure,4.3,0.86,Beginner,Machine Learning  web service  workspace  Training  Computer Programming  Microsoft Azure  Python Programming  Computer Vision  Human Learning  application programming interfaces data-science machine-learning,0.3273,0.2815
18,William Johnson,Database Administrator,Database Management,1,Create Relational Database Tables Using SQLiteStudio,4.7,0.94,Beginner,database management systems  Databases  web browsers  BlockChain  relational database  sqlite  web  Average  SQL  table (database) information-technology data-management,0.3867,0.3635
18,William Johnson,Database Administrator,Database Management,2,Creating Database Tables with SQL,4.6,0.92,Beginner,SQL  HTML5  mysql  database management systems  Database Design  relational database  table (database)  Accuracy And Precision  Databases  data retrieval information-technology data-management,0.371,0.3413
18,William Johnson,Database Administrator,Database Management,3,Retrieve Data using Single-Table SQL Queries,4.6,0.92,Beginner,Data Analysis  select (sql)  database management systems  online shopping  table (database)  data retrieval  Databases  web page  numbers (spreadsheet)  SQL information-technology data-management,0.3694,0.3398
18,William Johnson,Database Administrator,Database Management,4,Introduction to Data Analytics,4.7,0.94,Advanced,analytics  Data Analysis  physics  Exploratory Data Analysis  business analytics  Python Programming  quality control  Data Science  SQL  Business Analysis data-science data-analysis,0.3514,0.3303
18,William Johnson,Database Administrator,Database Management,5,Relational Database Support for Data Warehouses,4.6,0.92,Advanced,data integration  data governance  null coalescing operator  Business Intelligence  SQL  modulo operation  Databases  relational database  ternary conditional operator  Data Warehousing data-science data-analysis,0.3531,0.3249
18,William Johnson,Database Administrator,Database Management,6,Build a Database from a Relational Model,4.8,0.96,Beginner,Database Design  relational database  Databases  ordered pair  Data Model  test data  database management systems  relational model  graphical model  unique key information-technology data-management,0.3265,0.3134
18,William Johnson,Database Administrator,Database Management,7,Manipulating Data with SQL,4.6,0.92,Beginner,system u  table (database)  relational database  database management systems  Databases  Database Design  SQL  Rowing  data retrieval  unique key information-technology data-management,0.3207,0.295
18,William Johnson,Database Administrator,Database Management,8,Research Data Management and Sharing,4.7,0.94,Intermediate,enabling  document management systems  Strategy  Data Management  confidentiality  research data archiving  metadata  Planning  data file  Leadership and Management data-science data-analysis,0.3133,0.2945
18,William Johnson,Database Administrator,Database Management,9,Big Data Modeling and Management Systems,4.4,0.88,Intermediate,Databases  analytics  graphs  Data Structures  Big Data Analytics  Data Management  Big Data  Data Model  Leadership and Management  modeling data-science data-analysis,0.3104,0.2732
18,William Johnson,Database Administrator,Database Management,10,Database Design and Diagramming in Dia,4.6,0.92,Beginner,data retrieval  Databases  requirements analysis  relational database  table (database)  user requirements document  entity relationship model  Database Design  process  database management systems information-technology data-management,0.296,0.2723
19,Sarah Miller,Cloud Solutions Architect,Cloud Computing,1,System Administration and IT Infrastructure Services,4.7,0.94,Conversant,disaster  directory services  lightweight directory access protocol  Cloud Computing  backup  directory access protocol  Planning  lightweight  Server Systems  infrastructure as a service information-technology support-and-operations,0.2759,0.2593
19,Sarah Miller,Cloud Solutions Architect,Cloud Computing,2,Essential Google Cloud Infrastructure: Core Services,4.7,0.94,Conversant,Leadership and Management  bigquery  Cloud Infrastructure  identity management  Cloud Platforms  Cloud Computing  network monitoring  Google Cloud Platform  Cloud Storage  resource information-technology cloud-computing,0.2556,0.2403
19,Sarah Miller,Cloud Solutions Architect,Cloud Computing,3,Essential Google Cloud Infrastructure: Foundation,4.7,0.94,Conversant,Cloud Infrastructure  private network  virtual machine  Cloud Storage  Cloud Computing  virtual private networks  Network Architecture  Cloud Platforms  architecture  Google Cloud Platform information-technology cloud-computing,0.2471,0.2323
19,Sarah Miller,Cloud Solutions Architect,Cloud Computing,4,Elastic Google Cloud Infrastructure: Scaling and Automation,4.7,0.94,Beginner,Cloud Platforms  virtual private networks  Google Cloud Platform  Cloud Computing  load balancing  build automation  deployment environment  Cloud Infrastructure  managed services  Leadership and Management information-technology cloud-computing,0.2459,0.2311
19,Sarah Miller,Cloud Solutions Architect,Cloud Computing,5,Enterprise and Infrastructure Security,4.6,0.92,Advanced,infrastructure security  critical infrastructure protection  cloud computing security  Mobile Security  payment card industry data security standard  Cloud Computing  security awareness  BlockChain  internet of things  security computer-science computer-security-and-networks,0.2341,0.2154
19,Sarah Miller,Cloud Solutions Architect,Cloud Computing,6,Reliable Google Cloud Infrastructure: Design and Process,4.7,0.94,Beginner,Google Cloud Platform  Cloud Platforms  Cloud Computing  process  security  Cloud Infrastructure  deployment environment  site reliability engineering  architecture  reliability engineering information-technology cloud-computing,0.2179,0.2048
19,Sarah Miller,Cloud Solutions Architect,Cloud Computing,7,Cloud Networking,4.4,0.88,Advanced,Network Infrastructure  distributed computing  tcp congestion control  Computer Networking  routing  Cloud Computing  Cloud Infrastructure  Python Programming  network congestion  data centers computer-science computer-security-and-networks,0.2285,0.2011
19,Sarah Miller,Cloud Solutions Architect,Cloud Computing,8,"Innovation Through Design: Think, Make, Break, Repeat",4.7,0.94,Intermediate,minimum viable product  Innovation  innovation management  thought  process  Entrepreneurship  design thinking  agile management  instructional design  project management professional business entrepreneurship,0.2071,0.1947
19,Sarah Miller,Cloud Solutions Architect,Cloud Computing,9,Prototyping and Design,4.6,0.92,Advanced,design pattern  paper prototyping  Commercial Design  user interface  interaction design  interaction design pattern  User Experience  interfaces  usability  user interface design computer-science design-and-product,0.2068,0.1903
19,Sarah Miller,Cloud Solutions Architect,Cloud Computing,10,Azure Infrastructure Fundamentals,4.2,0.84,Advanced,Microsoft Azure  Machine Learning  coroutine  openshift  sap erp  reliability engineering  archimate  BlockChain  windows services  site reliability engineering computer-science computer-security-and-networks,0.2254,0.1893
20,James Wilson,Mobile App Developer,Mobile App Development,1,Requirements Gathering for Secure Software Development,4.6,0.92,Beginner,software requirements  requirements analysis  requirements elicitation  software requirements specification  software  Agile Software Development  software development process  Software Engineering  requirements engineering  analysis computer-science software-development,0.3705,0.3409
20,James Wilson,Mobile App Developer,Mobile App Development,2,Agile Planning for Software Products,4.7,0.94,Advanced,Risk  Leadership and Management  Software Engineering  Planning  project  Risk Management  software  Agile Software Development  Estimation  agile management computer-science software-development,0.32,0.3008
20,James Wilson,Mobile App Developer,Mobile App Development,3,Reviews & Metrics for Software Improvements,4.6,0.92,Advanced,software metrics  software project management  scrum (software development)  Project Management  software  Leadership and Management  Software Engineering  software product management  project  Product Management computer-science design-and-product,0.2954,0.2718
20,James Wilson,Mobile App Developer,Mobile App Development,4,Software Product Management Capstone,4.8,0.96,Advanced,Product Management  Leadership and Management  project  scrum (software development)  Project Management  software  software product management  Software Engineering  software project management  Agile Software Development computer-science design-and-product,0.2779,0.2668
20,James Wilson,Mobile App Developer,Mobile App Development,5,Software Design as an Element of the Software Development Lifecycle,4.6,0.92,Advanced,Software Architecture  software design  security  Software Testing  Software Engineering  interfaces  low-level design  software  specification (technical standard)  software development process computer-science software-development,0.2781,0.2559
20,James Wilson,Mobile App Developer,Mobile App Development,6,Software Security,4.6,0.92,Advanced,internet security  SQL  security  Security Software  web  buffer overflow  software  penetration test  analysis  sql injection computer-science computer-security-and-networks,0.2751,0.2531
20,James Wilson,Mobile App Developer,Mobile App Development,7,Software Development Processes and Methodologies,4.4,0.88,Advanced,waterfall model  modeling  software  scrum (software development)  methodology  process  Software Engineering  software development process  Software Testing  Agile Software Development computer-science software-development,0.2836,0.2496
20,James Wilson,Mobile App Developer,Mobile App Development,8,Introduction to Software Product Management,4.6,0.92,Beginner,project  Software Engineering  Product Management  Leadership and Management  software  Agile Software Development  agile management  software product management  Planning  agile manifesto computer-science design-and-product,0.2597,0.2389
20,James Wilson,Mobile App Developer,Mobile App Development,9,Engineering Practices for Building Quality Software,4.1,0.82,Conversant,code coverage  version control systems  software project management  design pattern  software quality  Software Architecture  static analysis  software  Continuous Integration  Software Engineering computer-science software-development,0.2775,0.2276
20,James Wilson,Mobile App Developer,Mobile App Development,10,Continuous Integration,3.7,0.74,Advanced,flow network  software development process  shippable  software configuration management  euler's totient function  reusability  packaging  software project management  DevOps  Continuous Integration computer-science software-development,0.2653,0.1963
21,Olivia Clark,Graphics Programmer,Computer Graphics,1,Agile Planning for Software Products,4.7,0.94,Advanced,Risk  Leadership and Management  Software Engineering  Planning  project  Risk Management  software  Agile Software Development  Estimation  agile management computer-science software-development,0.2448,0.2301
21,Olivia Clark,Graphics Programmer,Computer Graphics,2,Requirements Gathering for Secure Software Development,4.6,0.92,Beginner,software requirements  requirements analysis  requirements elicitation  software requirements specification  software  Agile Software Development  software development process  Software Engineering  requirements engineering  analysis computer-science software-development,0.2485,0.2286
21,Olivia Clark,Graphics Programmer,Computer Graphics,3,Introduction to Game Development,4.8,0.96,Beginner,game design  java annotation  Computer Programming  game development tool  user interface  game engine  unity (user interface)  programming tool  interfaces  video game development computer-science software-development,0.2138,0.2052
21,Olivia Clark,Graphics Programmer,Computer Graphics,4,Software Design as an Element of the Software Development Lifecycle,4.6,0.92,Advanced,Software Architecture  software design  security  Software Testing  Software Engineering  interfaces  low-level design  software  specification (technical standard)  software development process computer-science software-development,0.2172,0.1998
21,Olivia Clark,Graphics Programmer,Computer Graphics,5,Reviews & Metrics for Software Improvements,4.6,0.92,Advanced,software metrics  software project management  scrum (software development)  Project Management  software  Leadership and Management  Software Engineering  software product management  project  Product Management computer-science design-and-product,0.2167,0.1994
21,Olivia Clark,Graphics Programmer,Computer Graphics,6,Software Development Processes and Methodologies,4.4,0.88,Advanced,waterfall model  modeling  software  scrum (software development)  methodology  process  Software Engineering  software development process  Software Testing  Agile Software Development computer-science software-development,0.2256,0.1985
21,Olivia Clark,Graphics Programmer,Computer Graphics,7,Engineering Practices for Building Quality Software,4.1,0.82,Conversant,code coverage  version control systems  software project management  design pattern  software quality  Software Architecture  static analysis  software  Continuous Integration  Software Engineering computer-science software-development,0.2254,0.1848
21,Olivia Clark,Graphics Programmer,Computer Graphics,8,Software Security,4.6,0.92,Advanced,internet security  SQL  security  Security Software  web  buffer overflow  software  penetration test  analysis  sql injection computer-science computer-security-and-networks,0.1952,0.1796
21,Olivia Clark,Graphics Programmer,Computer Graphics,9,Continuous Integration,3.7,0.74,Advanced,flow network  software development process  shippable  software configuration management  euler's totient function  reusability  packaging  software project management  DevOps  Continuous Integration computer-science software-development,0.2342,0.1733
21,Olivia Clark,Graphics Programmer,Computer Graphics,10,Lean Software Development,4.2,0.84,Advanced,process  Mobile Development  software  Agile Software Development  value stream mapping  software development process  Software Testing  Software Engineering  scrum (software development)  lean software development computer-science software-development,0.1989,0.1671
22,Andrew Hall,NLP Research Scientist,Artificial Intelligence,1,Introduction to Applied Machine Learning,4.7,0.94,Intermediate,Algorithms  Machine Learning Algorithms  Applied Machine Learning  Test Set  Machine Learning  ordered pair  Training  Human Learning  Deep Learning  business requirements data-science machine-learning,0.3264,0.3068
22,Andrew Hall,NLP Research Scientist,Artificial Intelligence,2,Machine Learning With Big Data,4.6,0.92,Beginner,statistical classification  knime  data clustering algorithms  Human Learning  analysis  Algorithms  Apache Spark  cluster analysis  Machine Learning  Apache data-science machine-learning,0.3148,0.2896
22,Andrew Hall,NLP Research Scientist,Artificial Intelligence,3,Machine Learning Foundations: A Case Study Approach,4.5,0.9,Conversant,Human Learning  Regression  Machine Learning  Graphlab  statistical classification  linearity  Algorithms  Computer Programming  Python Programming  analysis data-science machine-learning,0.313,0.2817
22,Andrew Hall,NLP Research Scientist,Artificial Intelligence,4,Research for Impact,4.9,0.98,Intermediate,experience  knowledge-based systems  Strategic Partnerships  research methods  evaluation  climate change  sustainability  strategic communication  wicked problem  Communication social-sciences governance-and-society,0.2825,0.2768
22,Andrew Hall,NLP Research Scientist,Artificial Intelligence,5,Being a researcher (in Information Science and Technology),4.8,0.96,Advanced,Laboratory Research  physics  window blind  physics experiments  pharmacy  medical laboratory  pharmacology  Scientific Analysis  research methods  robotics physical-science-and-engineering research-methods,0.2843,0.2729
22,Andrew Hall,NLP Research Scientist,Artificial Intelligence,6,Machine Learning for Data Analysis,4.2,0.84,Intermediate,Algorithms  Data Analysis  numbers (spreadsheet)  evaluation  Machine Learning  Regression  Dependent And Independent Variables  Human Learning  Regression Analysis  decision tree data-science machine-learning,0.3211,0.2697
22,Andrew Hall,NLP Research Scientist,Artificial Intelligence,7,Machine Learning for All,4.7,0.94,Conversant,robotics  Machine Learning  Artificial Neural Networks  Training  Algorithms  Tensorflow  statistical classification  modeling  Human Learning  Deep Learning computer-science software-development,0.2726,0.2562
22,Andrew Hall,NLP Research Scientist,Artificial Intelligence,8,Introduction to Research for Essay Writing,4.7,0.94,Intermediate,language  linguistics  Writing  english language  formal language  english grammar  academic writing  sources  Note Taking  essay writing arts-and-humanities music-and-art,0.2638,0.248
22,Andrew Hall,NLP Research Scientist,Artificial Intelligence,9,Machine Learning with Python,4.6,0.92,Beginner,Logistic Regression  Algorithms  Human Learning  data clustering algorithms  Machine Learning  statistical classification  classification algorithms  Regression  Computer Programming  Python Programming data-science machine-learning,0.2652,0.244
22,Andrew Hall,NLP Research Scientist,Artificial Intelligence,10,Developing AI Applications on Azure,4.3,0.86,Beginner,Machine Learning  web service  workspace  Training  Computer Programming  Microsoft Azure  Python Programming  Computer Vision  Human Learning  application programming interfaces data-science machine-learning,0.2658,0.2286
23,David Jones,Web Developer,Web Development,1,Requirements Gathering for Secure Software Development,4.6,0.92,Beginner,software requirements  requirements analysis  requirements elicitation  software requirements specification  software  Agile Software Development  software development process  Software Engineering  requirements engineering  analysis computer-science software-development,0.2563,0.2358
23,David Jones,Web Developer,Web Development,2,Agile Planning for Software Products,4.7,0.94,Advanced,Risk  Leadership and Management  Software Engineering  Planning  project  Risk Management  software  Agile Software Development  Estimation  agile management computer-science software-development,0.234,0.22
23,David Jones,Web Developer,Web Development,3,Software Design as an Element of the Software Development Lifecycle,4.6,0.92,Advanced,Software Architecture  software design  security  Software Testing  Software Engineering  interfaces  low-level design  software  specification (technical standard)  software development process computer-science software-development,0.2282,0.2099
23,David Jones,Web Developer,Web Development,4,Design Patterns,4.6,0.92,Advanced,architectural pattern  code smell  software  code refactoring  design pattern  unified modeling language  software design  chain of responsibility  factory method pattern  software design pattern computer-science software-development,0.228,0.2098
23,David Jones,Web Developer,Web Development,5,Introduction to UI Design,4.7,0.94,Conversant,usability  user interface  experience  interfaces  evaluation  java annotation  user interface design  principle  principles of user interface design  User Experience computer-science design-and-product,0.2149,0.202
23,David Jones,Web Developer,Web Development,6,Standardisation & Technology,4.4,0.88,Advanced,ageing  how we decide  connected car  privacy  ethics  opinion  process  Weighting  standards organization  voting business business-strategy,0.2294,0.2019
23,David Jones,Web Developer,Web Development,7,Web Connectivity and Security in Embedded Systems,4.5,0.9,Advanced,attack model  cryptographic protocol  application layer  web service  web  link layer  wireless security  symmetric-key algorithm  application layer protocols  public-key cryptography computer-science computer-security-and-networks,0.2055,0.185
23,David Jones,Web Developer,Web Development,8,Usable Security,4.5,0.9,Beginner,Human Computer Interaction  privacy  java annotation  user interface  Security Design  usability testing  usability  authentication  security  password computer-science computer-security-and-networks,0.2015,0.1814
23,David Jones,Web Developer,Web Development,9,Web Application Development: Basic Concepts,4.5,0.9,Advanced,active record pattern  ruby on rails  web  Javascript  ajax (programming)  html  middleware  ruby (programming language)  Full-Stack Web Development  web application computer-science mobile-and-web-development,0.2011,0.181
23,David Jones,Web Developer,Web Development,10,Software Development Processes and Methodologies,4.4,0.88,Advanced,waterfall model  modeling  software  scrum (software development)  methodology  process  Software Engineering  software development process  Software Testing  Agile Software Development computer-science software-development,0.1981,0.1743
24,Elizabeth Williams,Mobile App Developer,Mobile App Development,1,Requirements Gathering for Secure Software Development,4.6,0.92,Beginner,software requirements  requirements analysis  requirements elicitation  software requirements specification  software  Agile Software Development  software development process  Software Engineering  requirements engineering  analysis computer-science software-development,0.3705,0.3409
24,Elizabeth Williams,Mobile App Developer,Mobile App Development,2,Agile Planning for Software Products,4.7,0.94,Advanced,Risk  Leadership and Management  Software Engineering  Planning  project  Risk Management  software  Agile Software Development  Estimation  agile management computer-science software-development,0.32,0.3008
24,Elizabeth Williams,Mobile App Developer,Mobile App Development,3,Reviews & Metrics for Software Improvements,4.6,0.92,Advanced,software metrics  software project management  scrum (software development)  Project Management  software  Leadership and Management  Software Engineering  software product management  project  Product Management computer-science design-and-product,0.2954,0.2718
24,Elizabeth Williams,Mobile App Developer,Mobile App Development,4,Software Product Management Capstone,4.8,0.96,Advanced,Product Management  Leadership and Management  project  scrum (software development)  Project Management  software  software product management  Software Engineering  software project management  Agile Software Development computer-science design-and-product,0.2779,0.2668
24,Elizabeth Williams,Mobile App Developer,Mobile App Development,5,Software Design as an Element of the Software Development Lifecycle,4.6,0.92,Advanced,Software Architecture  software design  security  Software Testing  Software Engineering  interfaces  low-level design  software  specification (technical standard)  software development process computer-science software-development,0.2781,0.2559
24,Elizabeth Williams,Mobile App Developer,Mobile App Development,6,Software Security,4.6,0.92,Advanced,internet security  SQL  security  Security Software  web  buffer overflow  software  penetration test  analysis  sql injection computer-science computer-security-and-networks,0.2751,0.2531
24,Elizabeth Williams,Mobile App Developer,Mobile App Development,7,Software Development Processes and Methodologies,4.4,0.88,Advanced,waterfall model  modeling  software  scrum (software development)  methodology  process  Software Engineering  software development process  Software Testing  Agile Software Development computer-science software-development,0.2836,0.2496
24,Elizabeth Williams,Mobile App Developer,Mobile App Development,8,Introduction to Software Product Management,4.6,0.92,Beginner,project  Software Engineering  Product Management  Leadership and Management  software  Agile Software Development  agile management  software product management  Planning  agile manifesto computer-science design-and-product,0.2597,0.2389
24,Elizabeth Williams,Mobile App Developer,Mobile App Development,9,Engineering Practices for Building Quality Software,4.1,0.82,Conversant,code coverage  version control systems  software project management  design pattern  software quality  Software Architecture  static analysis  software  Continuous Integration  Software Engineering computer-science software-development,0.2775,0.2276
24,Elizabeth Williams,Mobile App Developer,Mobile App Development,10,Continuous Integration,3.7,0.74,Advanced,flow network  software development process  shippable  software configuration management  euler's totient function  reusability  packaging  software project management  DevOps  Continuous Integration computer-science software-development,0.2653,0.1963
25,Charles Miller,Game Developer,Computer Graphics,1,Agile Planning for Software Products,4.7,0.94,Advanced,Risk  Leadership and Management  Software Engineering  Planning  project  Risk Management  software  Agile Software Development  Estimation  agile management computer-science software-development,0.2476,0.2327
25,Charles Miller,Game Developer,Computer Graphics,2,Requirements Gathering for Secure Software Development,4.6,0.92,Beginner,software requirements  requirements analysis  requirements elicitation  software requirements specification  software  Agile Software Development  software development process  Software Engineering  requirements engineering  analysis computer-science software-development,0.2479,0.2281
25,Charles Miller,Game Developer,Computer Graphics,3,Introduction to Game Development,4.8,0.96,Beginner,game design  java annotation  Computer Programming  game development tool  user interface  game engine  unity (user interface)  programming tool  interfaces  video game development computer-science software-development,0.2245,0.2155
25,Charles Miller,Game Developer,Computer Graphics,4,Software Design as an Element of the Software Development Lifecycle,4.6,0.92,Advanced,Software Architecture  software design  security  Software Testing  Software Engineering  interfaces  low-level design  software  specification (technical standard)  software development process computer-science software-development,0.2166,0.1993
25,Charles Miller,Game Developer,Computer Graphics,5,Reviews & Metrics for Software Improvements,4.6,0.92,Advanced,software metrics  software project management  scrum (software development)  Project Management  software  Leadership and Management  Software Engineering  software product management  project  Product Management computer-science design-and-product,0.2161,0.1988
25,Charles Miller,Game Developer,Computer Graphics,6,Software Development Processes and Methodologies,4.4,0.88,Advanced,waterfall model  modeling  software  scrum (software development)  methodology  process  Software Engineering  software development process  Software Testing  Agile Software Development computer-science software-development,0.225,0.198
25,Charles Miller,Game Developer,Computer Graphics,7,Engineering Practices for Building Quality Software,4.1,0.82,Conversant,code coverage  version control systems  software project management  design pattern  software quality  Software Architecture  static analysis  software  Continuous Integration  Software Engineering computer-science software-development,0.2248,0.1843
25,Charles Miller,Game Developer,Computer Graphics,8,Software Security,4.6,0.92,Advanced,internet security  SQL  security  Security Software  web  buffer overflow  software  penetration test  analysis  sql injection computer-science computer-security-and-networks,0.1947,0.1791
25,Charles Miller,Game Developer,Computer Graphics,9,Continuous Integration,3.7,0.74,Advanced,flow network  software development process  shippable  software configuration management  euler's totient function  reusability  packaging  software project management  DevOps  Continuous Integration computer-science software-development,0.2336,0.1729
25,Charles Miller,Game Developer,Computer Graphics,10,Lean Software Development,4.2,0.84,Advanced,process  Mobile Development  software  Agile Software Development  value stream mapping  software development process  Software Testing  Software Engineering  scrum (software development)  lean software development computer-science software-development,0.1984,0.1667
26,Susan Davis,Software Engineer,Software Engineering,1,Requirements Gathering for Secure Software Development,4.6,0.92,Beginner,software requirements  requirements analysis  requirements elicitation  software requirements specification  software  Agile Software Development  software development process  Software Engineering  requirements engineering  analysis computer-science software-development,0.331,0.3045
26,Susan Davis,Software Engineer,Software Engineering,2,Engineering Practices for Building Quality Software,4.1,0.82,Conversant,code coverage  version control systems  software project management  design pattern  software quality  Software Architecture  static analysis  software  Continuous Integration  Software Engineering computer-science software-development,0.3639,0.2984
26,Susan Davis,Software Engineer,Software Engineering,3,Agile Planning for Software Products,4.7,0.94,Advanced,Risk  Leadership and Management  Software Engineering  Planning  project  Risk Management  software  Agile Software Development  Estimation  agile management computer-science software-development,0.2975,0.2796
26,Susan Davis,Software Engineer,Software Engineering,4,Software Product Management Capstone,4.8,0.96,Advanced,Product Management  Leadership and Management  project  scrum (software development)  Project Management  software  software product management  Software Engineering  software project management  Agile Software Development computer-science design-and-product,0.2869,0.2754
26,Susan Davis,Software Engineer,Software Engineering,5,Software Development Processes and Methodologies,4.4,0.88,Advanced,waterfall model  modeling  software  scrum (software development)  methodology  process  Software Engineering  software development process  Software Testing  Agile Software Development computer-science software-development,0.3081,0.2711
26,Susan Davis,Software Engineer,Software Engineering,6,Software Processes and Agile Practices,4.7,0.94,Beginner,lean software development  process  kanban  software development process  software  Software Engineering  Leadership and Management  scrum (software development)  unified process  Agile Software Development computer-science design-and-product,0.2877,0.2704
26,Susan Davis,Software Engineer,Software Engineering,7,Software Design as an Element of the Software Development Lifecycle,4.6,0.92,Advanced,Software Architecture  software design  security  Software Testing  Software Engineering  interfaces  low-level design  software  specification (technical standard)  software development process computer-science software-development,0.2821,0.2595
26,Susan Davis,Software Engineer,Software Engineering,8,Reviews & Metrics for Software Improvements,4.6,0.92,Advanced,software metrics  software project management  scrum (software development)  Project Management  software  Leadership and Management  Software Engineering  software product management  project  Product Management computer-science design-and-product,0.2705,0.2489
26,Susan Davis,Software Engineer,Software Engineering,9,Continuous Integration,3.7,0.74,Advanced,flow network  software development process  shippable  software configuration management  euler's totient function  reusability  packaging  software project management  DevOps  Continuous Integration computer-science software-development,0.3247,0.2403
26,Susan Davis,Software Engineer,Software Engineering,10,Introduction to Software Product Management,4.6,0.92,Beginner,project  Software Engineering  Product Management  Leadership and Management  software  Agile Software Development  agile management  software product management  Planning  agile manifesto computer-science design-and-product,0.2592,0.2385
27,John Brown,Information Security Analyst,Cybersecurity,1,Security Operations and Administration,4.7,0.94,Advanced,configuration management  separation of duties  key (cryptography)  Security Operations  security awareness  Software Engineering  owasp  management process  security  release management information-technology security,0.5448,0.5121
27,John Brown,Information Security Analyst,Cybersecurity,2,Information Security: Context and Introduction,4.6,0.92,Beginner,Cryptography  Leadership and Management  security management  information security  Network Security  security  encryption  incident management  authorization  Risk computer-science computer-security-and-networks,0.5176,0.4762
27,John Brown,Information Security Analyst,Cybersecurity,3,Protecting Cloud Architecture with Alibaba Cloud,4.9,0.98,Beginner,performance  wi-fi  encryption  data security  wireless network interface controller  index  security  Switches  web  history computer-science software-development,0.4342,0.4255
27,John Brown,Information Security Analyst,Cybersecurity,4,Networks and Communications Security,4.7,0.94,Advanced,sublayer  virtual circuit  security  virtual lan  wireless  fibre channel over ethernet  virtual private lan service  domain name system  control plane  data link layer information-technology security,0.4237,0.3983
27,John Brown,Information Security Analyst,Cybersecurity,5,Cloud Security Basics,4.7,0.94,Advanced,separation of duties  protocol stack  cloud computing security  trust boundary  attack surface  cryptographic protocol  security  Network Security  Cloud Computing  public key certificate information-technology cloud-computing,0.4075,0.383
27,John Brown,Information Security Analyst,Cybersecurity,6,Enterprise and Infrastructure Security,4.6,0.92,Advanced,infrastructure security  critical infrastructure protection  cloud computing security  Mobile Security  payment card industry data security standard  Cloud Computing  security awareness  BlockChain  internet of things  security computer-science computer-security-and-networks,0.406,0.3735
27,John Brown,Information Security Analyst,Cybersecurity,7,IT Security: Defense against the digital dark arts,4.7,0.94,Beginner,wireless  wireless security  authentication  encryption  information security  Network Security  Cryptography  security  System Security  network monitoring information-technology security,0.3857,0.3626
27,John Brown,Information Security Analyst,Cybersecurity,8,Systems and Application Security,4.8,0.96,Advanced,virtual machine  encryption  process  privacy  software  malware  Cloud Computing  Leadership and Management  security  cloud computing security information-technology security,0.3671,0.3524
27,John Brown,Information Security Analyst,Cybersecurity,9,Security Awareness Training,4.7,0.94,Beginner,security  security management  multi-factor authentication  security question  awareness  malware  security awareness  authentication  password  Mobile Security information-technology security,0.3446,0.3239
27,John Brown,Information Security Analyst,Cybersecurity,10,The Business of Cybersecurity Capstone,4.8,0.96,Advanced,Risk  Leadership and Management  performance measurement  security management  security  information security  contingency plan  Risk Management  Computer Security Incident Management  Strategy computer-science computer-security-and-networks,0.332,0.3187
28,Laura Lee,Machine Learning Engineer,Machine Learning,1,Machine Learning With Big Data,4.6,0.92,Beginner,statistical classification  knime  data clustering algorithms  Human Learning  analysis  Algorithms  Apache Spark  cluster analysis  Machine Learning  Apache data-science machine-learning,0.4873,0.4483
28,Laura Lee,Machine Learning Engineer,Machine Learning,2,Introduction to Applied Machine Learning,4.7,0.94,Intermediate,Algorithms  Machine Learning Algorithms  Applied Machine Learning  Test Set  Machine Learning  ordered pair  Training  Human Learning  Deep Learning  business requirements data-science machine-learning,0.397,0.3732
28,Laura Lee,Machine Learning Engineer,Machine Learning,3,Data Science for Business Innovation,4.2,0.84,Advanced,statistical classification  Machine Learning  Big Data  Data Analysis  linear regression  recommender systems  linearity  analysis  Computer Programming  Machine Learning Algorithms data-science data-analysis,0.3924,0.3296
28,Laura Lee,Machine Learning Engineer,Machine Learning,4,Introduction to Data Analytics,4.7,0.94,Advanced,analytics  Data Analysis  physics  Exploratory Data Analysis  business analytics  Python Programming  quality control  Data Science  SQL  Business Analysis data-science data-analysis,0.3455,0.3248
28,Laura Lee,Machine Learning Engineer,Machine Learning,5,Machine Learning Foundations: A Case Study Approach,4.5,0.9,Conversant,Human Learning  Regression  Machine Learning  Graphlab  statistical classification  linearity  Algorithms  Computer Programming  Python Programming  analysis data-science machine-learning,0.3564,0.3208
28,Laura Lee,Machine Learning Engineer,Machine Learning,6,Machine Learning for Data Analysis,4.2,0.84,Intermediate,Algorithms  Data Analysis  numbers (spreadsheet)  evaluation  Machine Learning  Regression  Dependent And Independent Variables  Human Learning  Regression Analysis  decision tree data-science machine-learning,0.3661,0.3075
28,Laura Lee,Machine Learning Engineer,Machine Learning,7,Code Free Data Science,4.3,0.86,Beginner,analytics  knime  download  decision tree  Machine Learning  Data Manipulation  Data Mining  data clustering algorithms  Microsoft Excel  modeling data-science machine-learning,0.3462,0.2977
28,Laura Lee,Machine Learning Engineer,Machine Learning,8,Data Analysis with Python,4.6,0.92,Conversant,Data Model  Regression  Python Programming  Regression Analysis  Exploratory Data Analysis  analysis  Computer Programming  modeling  Data Analysis  linearity data-science data-analysis,0.3174,0.292
28,Laura Lee,Machine Learning Engineer,Machine Learning,9,Machine Learning for Accounting with Python,4.5,0.9,Advanced,statistical classification  Regression  mathematical optimization  Python Programming  decision tree  Document Classification  n-gram  Machine Learning  Algorithms  hyperparameter data-science machine-learning,0.3226,0.2903
28,Laura Lee,Machine Learning Engineer,Machine Learning,10,Developing AI Applications on Azure,4.3,0.86,Beginner,Machine Learning  web service  workspace  Training  Computer Programming  Microsoft Azure  Python Programming  Computer Vision  Human Learning  application programming interfaces data-science machine-learning,0.3273,0.2815
29,William Johnson,Database Administrator,Database Management,1,Create Relational Database Tables Using SQLiteStudio,4.7,0.94,Beginner,database management systems  Databases  web browsers  BlockChain  relational database  sqlite  web  Average  SQL  table (database) information-technology data-management,0.3867,0.3635
29,William Johnson,Database Administrator,Database Management,2,Creating Database Tables with SQL,4.6,0.92,Beginner,SQL  HTML5  mysql  database management systems  Database Design  relational database  table (database)  Accuracy And Precision  Databases  data retrieval information-technology data-management,0.371,0.3413
29,William Johnson,Database Administrator,Database Management,3,Retrieve Data using Single-Table SQL Queries,4.6,0.92,Beginner,Data Analysis  select (sql)  database management systems  online shopping  table (database)  data retrieval  Databases  web page  numbers (spreadsheet)  SQL information-technology data-management,0.3694,0.3398
29,William Johnson,Database Administrator,Database Management,4,Introduction to Data Analytics,4.7,0.94,Advanced,analytics  Data Analysis  physics  Exploratory Data Analysis  business analytics  Python Programming  quality control  Data Science  SQL  Business Analysis data-science data-analysis,0.3514,0.3303
29,William Johnson,Database Administrator,Database Management,5,Relational Database Support for Data Warehouses,4.6,0.92,Advanced,data integration  data governance  null coalescing operator  Business Intelligence  SQL  modulo operation  Databases  relational database  ternary conditional operator  Data Warehousing data-science data-analysis,0.3531,0.3249
29,William Johnson,Database Administrator,Database Management,6,Build a Database from a Relational Model,4.8,0.96,Beginner,Database Design  relational database  Databases  ordered pair  Data Model  test data  database management systems  relational model  graphical model  unique key information-technology data-management,0.3265,0.3134
29,William Johnson,Database Administrator,Database Management,7,Manipulating Data with SQL,4.6,0.92,Beginner,system u  table (database)  relational database  database management systems  Databases  Database Design  SQL  Rowing  data retrieval  unique key information-technology data-management,0.3207,0.295
29,William Johnson,Database Administrator,Database Management,8,Research Data Management and Sharing,4.7,0.94,Intermediate,enabling  document management systems  Strategy  Data Management  confidentiality  research data archiving  metadata  Planning  data file  Leadership and Management data-science data-analysis,0.3133,0.2945
29,William Johnson,Database Administrator,Database Management,9,Big Data Modeling and Management Systems,4.4,0.88,Intermediate,Databases  analytics  graphs  Data Structures  Big Data Analytics  Data Management  Big Data  Data Model  Leadership and Management  modeling data-science data-analysis,0.3104,0.2732
29,William Johnson,Database Administrator,Database Management,10,Database Design and Diagramming in Dia,4.6,0.92,Beginner,data retrieval  Databases  requirements analysis  relational database  table (database)  user requirements document  entity relationship model  Database Design  process  database management systems information-technology data-management,0.296,0.2723
30,Sarah Miller,Cloud Solutions Architect,Cloud Computing,1,System Administration and IT Infrastructure Services,4.7,0.94,Conversant,disaster  directory services  lightweight directory access protocol  Cloud Computing  backup  directory access protocol  Planning  lightweight  Server Systems  infrastructure as a service information-technology support-and-operations,0.2759,0.2593
30,Sarah Miller,Cloud Solutions Architect,Cloud Computing,2,Essential Google Cloud Infrastructure: Core Services,4.7,0.94,Conversant,Leadership and Management  bigquery  Cloud Infrastructure  identity management  Cloud Platforms  Cloud Computing  network monitoring  Google Cloud Platform  Cloud Storage  resource information-technology cloud-computing,0.2556,0.2403
30,Sarah Miller,Cloud Solutions Architect,Cloud Computing,3,Essential Google Cloud Infrastructure: Foundation,4.7,0.94,Conversant,Cloud Infrastructure  private network  virtual machine  Cloud Storage  Cloud Computing  virtual private networks  Network Architecture  Cloud Platforms  architecture  Google Cloud Platform information-technology cloud-computing,0.2471,0.2323
30,Sarah Miller,Cloud Solutions Architect,Cloud Computing,4,Elastic Google Cloud Infrastructure: Scaling and Automation,4.7,0.94,Beginner,Cloud Platforms  virtual private networks  Google Cloud Platform  Cloud Computing  load balancing  build automation  deployment environment  Cloud Infrastructure  managed services  Leadership and Management information-technology cloud-computing,0.2459,0.2311
30,Sarah Miller,Cloud Solutions Architect,Cloud Computing,5,Enterprise and Infrastructure Security,4.6,0.92,Advanced,infrastructure security  critical infrastructure protection  cloud computing security  Mobile Security  payment card industry data security standard  Cloud Computing  security awareness  BlockChain  internet of things  security computer-science computer-security-and-networks,0.2341,0.2154
30,Sarah Miller,Cloud Solutions Architect,Cloud Computing,6,Reliable Google Cloud Infrastructure: Design and Process,4.7,0.94,Beginner,Google Cloud Platform  Cloud Platforms  Cloud Computing  process  security  Cloud Infrastructure  deployment environment  site reliability engineering  architecture  reliability engineering information-technology cloud-computing,0.2179,0.2048
30,Sarah Miller,Cloud Solutions Architect,Cloud Computing,7,Cloud Networking,4.4,0.88,Advanced,Network Infrastructure  distributed computing  tcp congestion control  Computer Networking  routing  Cloud Computing  Cloud Infrastructure  Python Programming  network congestion  data centers computer-science computer-security-and-networks,0.2285,0.2011
30,Sarah Miller,Cloud Solutions Architect,Cloud Computing,8,"Innovation Through Design: Think, Make, Break, Repeat",4.7,0.94,Intermediate,minimum viable product  Innovation  innovation management  thought  process  Entrepreneurship  design thinking  agile management  instructional design  project management professional business entrepreneurship,0.2071,0.1947
30,Sarah Miller,Cloud Solutions Architect,Cloud Computing,9,Prototyping and Design,4.6,0.92,Advanced,design pattern  paper prototyping  Commercial Design  user interface  interaction design  interaction design pattern  User Experience  interfaces  usability  user interface design computer-science design-and-product,0.2068,0.1903
30,Sarah Miller,Cloud Solutions Architect,Cloud Computing,10,Azure Infrastructure Fundamentals,4.2,0.84,Advanced,Microsoft Azure  Machine Learning  coroutine  openshift  sap erp  reliability engineering  archimate  BlockChain  windows services  site reliability engineering computer-science computer-security-and-networks,0.2254,0.1893
31,James Wilson,Mobile App Developer,Mobile App Development,1,Requirements Gathering for Secure Software Development,4.6,0.92,Beginner,software requirements  requirements analysis  requirements elicitation  software requirements specification  software  Agile Software Development  software development process  Software Engineering  requirements engineering  analysis computer-science software-development,0.3705,0.3409
31,James Wilson,Mobile App Developer,Mobile App Development,2,Agile Planning for Software Products,4.7,0.94,Advanced,Risk  Leadership and Management  Software Engineering  Planning  project  Risk Management  software  Agile Software Development  Estimation  agile management computer-science software-development,0.32,0.3008
31,James Wilson,Mobile App Developer,Mobile App Development,3,Reviews & Metrics for Software Improvements,4.6,0.92,Advanced,software metrics  software project management  scrum (software development)  Project Management  software  Leadership and Management  Software Engineering  software product management  project  Product Management computer-science design-and-product,0.2954,0.2718
31,James Wilson,Mobile App Developer,Mobile App Development,4,Software Product Management Capstone,4.8,0.96,Advanced,Product Management  Leadership and Management  project  scrum (software development)  Project Management  software  software product management  Software Engineering  software project management  Agile Software Development computer-science design-and-product,0.2779,0.2668
31,James Wilson,Mobile App Developer,Mobile App Development,5,Software Design as an Element of the Software Development Lifecycle,4.6,0.92,Advanced,Software Architecture  software design  security  Software Testing  Software Engineering  interfaces  low-level design  software  specification (technical standard)  software development process computer-science software-development,0.2781,0.2559
31,James Wilson,Mobile App Developer,Mobile App Development,6,Software Security,4.6,0.92,Advanced,internet security  SQL  security  Security Software  web  buffer overflow  software  penetration test  analysis  sql injection computer-science computer-security-and-networks,0.2751,0.2531
31,James Wilson,Mobile App Developer,Mobile App Development,7,Software Development Processes and Methodologies,4.4,0.88,Advanced,waterfall model  modeling  software  scrum (software development)  methodology  process  Software Engineering  software development process  Software Testing  Agile Software Development computer-science software-development,0.2836,0.2496
31,James Wilson,Mobile App Developer,Mobile App Development,8,Introduction to Software Product Management,4.6,0.92,Beginner,project  Software Engineering  Product Management  Leadership and Management  software  Agile Software Development  agile management  software product management  Planning  agile manifesto computer-science design-and-product,0.2597,0.2389
31,James Wilson,Mobile App Developer,Mobile App Development,9,Engineering Practices for Building Quality Software,4.1,0.82,Conversant,code coverage  version control systems  software project management  design pattern  software quality  Software Architecture  static analysis  software  Continuous Integration  Software Engineering computer-science software-development,0.2775,0.2276
31,James Wilson,Mobile App Developer,Mobile App Development,10,Continuous Integration,3.7,0.74,Advanced,flow network  software development process  shippable  software configuration management  euler's totient function  reusability  packaging  software project management  DevOps  Continuous Integration computer-science software-development,0.2653,0.1963
32,Olivia Clark,Graphics Programmer,Computer Graphics,1,Agile Planning for Software Products,4.7,0.94,Advanced,Risk  Leadership and Management  Software Engineering  Planning  project  Risk Management  software  Agile Software Development  Estimation  agile management computer-science software-development,0.2448,0.2301
32,Olivia Clark,Graphics Programmer,Computer Graphics,2,Requirements Gathering for Secure Software Development,4.6,0.92,Beginner,software requirements  requirements analysis  requirements elicitation  software requirements specification  software  Agile Software Development  software development process  Software Engineering  requirements engineering  analysis computer-science software-development,0.2485,0.2286
32,Olivia Clark,Graphics Programmer,Computer Graphics,3,Introduction to Game Development,4.8,0.96,Beginner,game design  java annotation  Computer Programming  game development tool  user interface  game engine  unity (user interface)  programming tool  interfaces  video game development computer-science software-development,0.2138,0.2052
32,Olivia Clark,Graphics Programmer,Computer Graphics,4,Software Design as an Element of the Software Development Lifecycle,4.6,0.92,Advanced,Software Architecture  software design  security  Software Testing  Software Engineering  interfaces  low-level design  software  specification (technical standard)  software development process computer-science software-development,0.2172,0.1998
32,Olivia Clark,Graphics Programmer,Computer Graphics,5,Reviews & Metrics for Software Improvements,4.6,0.92,Advanced,software metrics  software project management  scrum (software development)  Project Management  software  Leadership and Management  Software Engineering  software product management  project  Product Management computer-science design-and-product,0.2167,0.1994
32,Olivia Clark,Graphics Programmer,Computer Graphics,6,Software Development Processes and Methodologies,4.4,0.88,Advanced,waterfall model  modeling  software  scrum (software development)  methodology  process  Software Engineering  software development process  Software Testing  Agile Software Development computer-science software-development,0.2256,0.1985
32,Olivia Clark,Graphics Programmer,Computer Graphics,7,Engineering Practices for Building Quality Software,4.1,0.82,Conversant,code coverage  version control systems  software project management  design pattern  software quality  Software Architecture  static analysis  software  Continuous Integration  Software Engineering computer-science software-development,0.2254,0.1848
32,Olivia Clark,Graphics Programmer,Computer Graphics,8,Software Security,4.6,0.92,Advanced,internet security  SQL  security  Security Software  web  buffer overflow  software  penetration test  analysis  sql injection computer-science computer-security-and-networks,0.1952,0.1796
32,Olivia Clark,Graphics Programmer,Computer Graphics,9,Continuous Integration,3.7,0.74,Advanced,flow network  software development process  shippable  software configuration management  euler's totient function  reusability  packaging  software project management  DevOps  Continuous Integration computer-science software-development,0.2342,0.1733
32,Olivia Clark,Graphics Programmer,Computer Graphics,10,Lean Software Development,4.2,0.84,Advanced,process  Mobile Development  software  Agile Software Development  value stream mapping  software development process  Software Testing  Software Engineering  scrum (software development)  lean software development computer-science software-development,0.1989,0.1671
33,Andrew Hall,NLP Research Scientist,Artificial Intelligence,1,Introduction to Applied Machine Learning,4.7,0.94,Intermediate,Algorithms  Machine Learning Algorithms  Applied Machine Learning  Test Set  Machine Learning  ordered pair  Training  Human Learning  Deep Learning  business requirements data-science machine-learning,0.3264,0.3068
33,Andrew Hall,NLP Research Scientist,Artificial Intelligence,2,Machine Learning With Big Data,4.6,0.92,Beginner,statistical classification  knime  data clustering algorithms  Human Learning  analysis  Algorithms  Apache Spark  cluster analysis  Machine Learning  Apache data-science machine-learning,0.3148,0.2896
33,Andrew Hall,NLP Research Scientist,Artificial Intelligence,3,Machine Learning Foundations: A Case Study Approach,4.5,0.9,Conversant,Human Learning  Regression  Machine Learning  Graphlab  statistical classification  linearity  Algorithms  Computer Programming  Python Programming  analysis data-science machine-learning,0.313,0.2817
33,Andrew Hall,NLP Research Scientist,Artificial Intelligence,4,Research for Impact,4.9,0.98,Intermediate,experience  knowledge-based systems  Strategic Partnerships  research methods  evaluation  climate change  sustainability  strategic communication  wicked problem  Communication social-sciences governance-and-society,0.2825,0.2768
33,Andrew Hall,NLP Research Scientist,Artificial Intelligence,5,Being a researcher (in Information Science and Technology),4.8,0.96,Advanced,Laboratory Research  physics  window blind  physics experiments  pharmacy  medical laboratory  pharmacology  Scientific Analysis  research methods  robotics physical-science-and-engineering research-methods,0.2843,0.2729
33,Andrew Hall,NLP Research Scientist,Artificial Intelligence,6,Machine Learning for Data Analysis,4.2,0.84,Intermediate,Algorithms  Data Analysis  numbers (spreadsheet)  evaluation  Machine Learning  Regression  Dependent And Independent Variables  Human Learning  Regression Analysis  decision tree data-science machine-learning,0.3211,0.2697
33,Andrew Hall,NLP Research Scientist,Artificial Intelligence,7,Machine Learning for All,4.7,0.94,Conversant,robotics  Machine Learning  Artificial Neural Networks  Training  Algorithms  Tensorflow  statistical classification  modeling  Human Learning  Deep Learning computer-science software-development,0.2726,0.2562
33,Andrew Hall,NLP Research Scientist,Artificial Intelligence,8,Introduction to Research for Essay Writing,4.7,0.94,Intermediate,language  linguistics  Writing  english language  formal language  english grammar  academic writing  sources  Note Taking  essay writing arts-and-humanities music-and-art,0.2638,0.248
33,Andrew Hall,NLP Research Scientist,Artificial Intelligence,9,Machine Learning with Python,4.6,0.92,Beginner,Logistic Regression  Algorithms  Human Learning  data clustering algorithms  Machine Learning  statistical classification  classification algorithms  Regression  Computer Programming  Python Programming data-science machine-learning,0.2652,0.244
33,Andrew Hall,NLP Research Scientist,Artificial Intelligence,10,Developing AI Applications on Azure,4.3,0.86,Beginner,Machine Learning  web service  workspace  Training  Computer Programming  Microsoft Azure  Python Programming  Computer Vision  Human Learning  application programming interfaces data-science machine-learning,0.2658,0.2286
34,David Jones,Web Developer,Web Development,1,Requirements Gathering for Secure Software Development,4.6,0.92,Beginner,software requirements  requirements analysis  requirements elicitation  software requirements specification  software  Agile Software Development  software development process  Software Engineering  requirements engineering  analysis computer-science software-development,0.2563,0.2358
34,David Jones,Web Developer,Web Development,2,Agile Planning for Software Products,4.7,0.94,Advanced,Risk  Leadership and Management  Software Engineering  Planning  project  Risk Management  software  Agile Software Development  Estimation  agile management computer-science software-development,0.234,0.22
34,David Jones,Web Developer,Web Development,3,Software Design as an Element of the Software Development Lifecycle,4.6,0.92,Advanced,Software Architecture  software design  security  Software Testing  Software Engineering  interfaces  low-level design  software  specification (technical standard)  software development process computer-science software-development,0.2282,0.2099
34,David Jones,Web Developer,Web Development,4,Design Patterns,4.6,0.92,Advanced,architectural pattern  code smell  software  code refactoring  design pattern  unified modeling language  software design  chain of responsibility  factory method pattern  software design pattern computer-science software-development,0.228,0.2098
34,David Jones,Web Developer,Web Development,5,Introduction to UI Design,4.7,0.94,Conversant,usability  user interface  experience  interfaces  evaluation  java annotation  user interface design  principle  principles of user interface design  User Experience computer-science design-and-product,0.2149,0.202
34,David Jones,Web Developer,Web Development,6,Standardisation & Technology,4.4,0.88,Advanced,ageing  how we decide  connected car  privacy  ethics  opinion  process  Weighting  standards organization  voting business business-strategy,0.2294,0.2019
34,David Jones,Web Developer,Web Development,7,Web Connectivity and Security in Embedded Systems,4.5,0.9,Advanced,attack model  cryptographic protocol  application layer  web service  web  link layer  wireless security  symmetric-key algorithm  application layer protocols  public-key cryptography computer-science computer-security-and-networks,0.2055,0.185
34,David Jones,Web Developer,Web Development,8,Usable Security,4.5,0.9,Beginner,Human Computer Interaction  privacy  java annotation  user interface  Security Design  usability testing  usability  authentication  security  password computer-science computer-security-and-networks,0.2015,0.1814
34,David Jones,Web Developer,Web Development,9,Web Application Development: Basic Concepts,4.5,0.9,Advanced,active record pattern  ruby on rails  web  Javascript  ajax (programming)  html  middleware  ruby (programming language)  Full-Stack Web Development  web application computer-science mobile-and-web-development,0.2011,0.181
34,David Jones,Web Developer,Web Development,10,Software Development Processes and Methodologies,4.4,0.88,Advanced,waterfall model  modeling  software  scrum (software development)  methodology  process  Software Engineering  software development process  Software Testing  Agile Software Development computer-science software-development,0.1981,0.1743
35,Elizabeth Williams,Mobile App Developer,Mobile App Development,1,Requirements Gathering for Secure Software Development,4.6,0.92,Beginner,software requirements  requirements analysis  requirements elicitation  software requirements specification  software  Agile Software Development  software development process  Software Engineering  requirements engineering  analysis computer-science software-development,0.3705,0.3409
35,Elizabeth Williams,Mobile App Developer,Mobile App Development,2,Agile Planning for Software Products,4.7,0.94,Advanced,Risk  Leadership and Management  Software Engineering  Planning  project  Risk Management  software  Agile Software Development  Estimation  agile management computer-science software-development,0.32,0.3008
35,Elizabeth Williams,Mobile App Developer,Mobile App Development,3,Reviews & Metrics for Software Improvements,4.6,0.92,Advanced,software metrics  software project management  scrum (software development)  Project Management  software  Leadership and Management  Software Engineering  software product management  project  Product Management computer-science design-and-product,0.2954,0.2718
35,Elizabeth Williams,Mobile App Developer,Mobile App Development,4,Software Product Management Capstone,4.8,0.96,Advanced,Product Management  Leadership and Management  project  scrum (software development)  Project Management  software  software product management  Software Engineering  software project management  Agile Software Development computer-science design-and-product,0.2779,0.2668
35,Elizabeth Williams,Mobile App Developer,Mobile App Development,5,Software Design as an Element of the Software Development Lifecycle,4.6,0.92,Advanced,Software Architecture  software design  security  Software Testing  Software Engineering  interfaces  low-level design  software  specification (technical standard)  software development process computer-science software-development,0.2781,0.2559
35,Elizabeth Williams,Mobile App Developer,Mobile App Development,6,Software Security,4.6,0.92,Advanced,internet security  SQL  security  Security Software  web  buffer overflow  software  penetration test  analysis  sql injection computer-science computer-security-and-networks,0.2751,0.2531
35,Elizabeth Williams,Mobile App Developer,Mobile App Development,7,Software Development Processes and Methodologies,4.4,0.88,Advanced,waterfall model  modeling  software  scrum (software development)  methodology  process  Software Engineering  software development process  Software Testing  Agile Software Development computer-science software-development,0.2836,0.2496
35,Elizabeth Williams,Mobile App Developer,Mobile App Development,8,Introduction to Software Product Management,4.6,0.92,Beginner,project  Software Engineering  Product Management  Leadership and Management  software  Agile Software Development  agile management  software product management  Planning  agile manifesto computer-science design-and-product,0.2597,0.2389
35,Elizabeth Williams,Mobile App Developer,Mobile App Development,9,Engineering Practices for Building Quality Software,4.1,0.82,Conversant,code coverage  version control systems  software project management  design pattern  software quality  Software Architecture  static analysis  software  Continuous Integration  Software Engineering computer-science software-development,0.2775,0.2276
35,Elizabeth Williams,Mobile App Developer,Mobile App Development,10,Continuous Integration,3.7,0.74,Advanced,flow network  software development process  shippable  software configuration management  euler's totient function  reusability  packaging  software project management  DevOps  Continuous Integration computer-science software-development,0.2653,0.1963
36,Charles Miller,Game Developer,Computer Graphics,1,Agile Planning for Software Products,4.7,0.94,Advanced,Risk  Leadership and Management  Software Engineering  Planning  project  Risk Management  software  Agile Software Development  Estimation  agile management computer-science software-development,0.2476,0.2327
36,Charles Miller,Game Developer,Computer Graphics,2,Requirements Gathering for Secure Software Development,4.6,0.92,Beginner,software requirements  requirements analysis  requirements elicitation  software requirements specification  software  Agile Software Development  software development process  Software Engineering  requirements engineering  analysis computer-science software-development,0.2479,0.2281
36,Charles Miller,Game Developer,Computer Graphics,3,Introduction to Game Development,4.8,0.96,Beginner,game design  java annotation  Computer Programming  game development tool  user interface  game engine  unity (user interface)  programming tool  interfaces  video game development computer-science software-development,0.2245,0.2155
36,Charles Miller,Game Developer,Computer Graphics,4,Software Design as an Element of the Software Development Lifecycle,4.6,0.92,Advanced,Software Architecture  software design  security  Software Testing  Software Engineering  interfaces  low-level design  software  specification (technical standard)  software development process computer-science software-development,0.2166,0.1993
36,Charles Miller,Game Developer,Computer Graphics,5,Reviews & Metrics for Software Improvements,4.6,0.92,Advanced,software metrics  software project management  scrum (software development)  Project Management  software  Leadership and Management  Software Engineering  software product management  project  Product Management computer-science design-and-product,0.2161,0.1988
36,Charles Miller,Game Developer,Computer Graphics,6,Software Development Processes and Methodologies,4.4,0.88,Advanced,waterfall model  modeling  software  scrum (software development)  methodology  process  Software Engineering  software development process  Software Testing  Agile Software Development computer-science software-development,0.225,0.198
36,Charles Miller,Game Developer,Computer Graphics,7,Engineering Practices for Building Quality Software,4.1,0.82,Conversant,code coverage  version control systems  software project management  design pattern  software quality  Software Architecture  static analysis  software  Continuous Integration  Software Engineering computer-science software-development,0.2248,0.1843
36,Charles Miller,Game Developer,Computer Graphics,8,Software Security,4.6,0.92,Advanced,internet security  SQL  security  Security Software  web  buffer overflow  software  penetration test  analysis  sql injection computer-science computer-security-and-networks,0.1947,0.1791
36,Charles Miller,Game Developer,Computer Graphics,9,Continuous Integration,3.7,0.74,Advanced,flow network  software development process  shippable  software configuration management  euler's totient function  reusability  packaging  software project management  DevOps  Continuous Integration computer-science software-development,0.2336,0.1729
36,Charles Miller,Game Developer,Computer Graphics,10,Lean Software Development,4.2,0.84,Advanced,process  Mobile Development  software  Agile Software Development  value stream mapping  software development process  Software Testing  Software Engineering  scrum (software development)  lean software development computer-science software-development,0.1984,0.1667
37,Susan Davis,Software Engineer,Software Engineering,1,Requirements Gathering for Secure Software Development,4.6,0.92,Beginner,software requirements  requirements analysis  requirements elicitation  software requirements specification  software  Agile Software Development  software development process  Software Engineering  requirements engineering  analysis computer-science software-development,0.331,0.3045
37,Susan Davis,Software Engineer,Software Engineering,2,Engineering Practices for Building Quality Software,4.1,0.82,Conversant,code coverage  version control systems  software project management  design pattern  software quality  Software Architecture  static analysis  software  Continuous Integration  Software Engineering computer-science software-development,0.3639,0.2984
37,Susan Davis,Software Engineer,Software Engineering,3,Agile Planning for Software Products,4.7,0.94,Advanced,Risk  Leadership and Management  Software Engineering  Planning  project  Risk Management  software  Agile Software Development  Estimation  agile management computer-science software-development,0.2975,0.2796
37,Susan Davis,Software Engineer,Software Engineering,4,Software Product Management Capstone,4.8,0.96,Advanced,Product Management  Leadership and Management  project  scrum (software development)  Project Management  software  software product management  Software Engineering  software project management  Agile Software Development computer-science design-and-product,0.2869,0.2754
37,Susan Davis,Software Engineer,Software Engineering,5,Software Development Processes and Methodologies,4.4,0.88,Advanced,waterfall model  modeling  software  scrum (software development)  methodology  process  Software Engineering  software development process  Software Testing  Agile Software Development computer-science software-development,0.3081,0.2711
37,Susan Davis,Software Engineer,Software Engineering,6,Software Processes and Agile Practices,4.7,0.94,Beginner,lean software development  process  kanban  software development process  software  Software Engineering  Leadership and Management  scrum (software development)  unified process  Agile Software Development computer-science design-and-product,0.2877,0.2704
37,Susan Davis,Software Engineer,Software Engineering,7,Software Design as an Element of the Software Development Lifecycle,4.6,0.92,Advanced,Software Architecture  software design  security  Software Testing  Software Engineering  interfaces  low-level design  software  specification (technical standard)  software development process computer-science software-development,0.2821,0.2595
37,Susan Davis,Software Engineer,Software Engineering,8,Reviews & Metrics for Software Improvements,4.6,0.92,Advanced,software metrics  software project management  scrum (software development)  Project Management  software  Leadership and Management  Software Engineering  software product management  project  Product Management computer-science design-and-product,0.2705,0.2489
37,Susan Davis,Software Engineer,Software Engineering,9,Continuous Integration,3.7,0.74,Advanced,flow network  software development process  shippable  software configuration management  euler's totient function  reusability  packaging  software project management  DevOps  Continuous Integration computer-science software-development,0.3247,0.2403
37,Susan Davis,Software Engineer,Software Engineering,10,Introduction to Software Product Management,4.6,0.92,Beginner,project  Software Engineering  Product Management  Leadership and Management  software  Agile Software Development  agile management  software product management  Planning  agile manifesto computer-science design-and-product,0.2592,0.2385
38,John Brown,Information Security Analyst,Cybersecurity,1,Security Operations and Administration,4.7,0.94,Advanced,configuration management  separation of duties  key (cryptography)  Security Operations  security awareness  Software Engineering  owasp  management process  security  release management information-technology security,0.5448,0.5121
38,John Brown,Information Security Analyst,Cybersecurity,2,Information Security: Context and Introduction,4.6,0.92,Beginner,Cryptography  Leadership and Management  security management  information security  Network Security  security  encryption  incident management  authorization  Risk computer-science computer-security-and-networks,0.5176,0.4762
38,John Brown,Information Security Analyst,Cybersecurity,3,Protecting Cloud Architecture with Alibaba Cloud,4.9,0.98,Beginner,performance  wi-fi  encryption  data security  wireless network interface controller  index  security  Switches  web  history computer-science software-development,0.4342,0.4255
38,John Brown,Information Security Analyst,Cybersecurity,4,Networks and Communications Security,4.7,0.94,Advanced,sublayer  virtual circuit  security  virtual lan  wireless  fibre channel over ethernet  virtual private lan service  domain name system  control plane  data link layer information-technology security,0.4237,0.3983
38,John Brown,Information Security Analyst,Cybersecurity,5,Cloud Security Basics,4.7,0.94,Advanced,separation of duties  protocol stack  cloud computing security  trust boundary  attack surface  cryptographic protocol  security  Network Security  Cloud Computing  public key certificate information-technology cloud-computing,0.4075,0.383
38,John Brown,Information Security Analyst,Cybersecurity,6,Enterprise and Infrastructure Security,4.6,0.92,Advanced,infrastructure security  critical infrastructure protection  cloud computing security  Mobile Security  payment card industry data security standard  Cloud Computing  security awareness  BlockChain  internet of things  security computer-science computer-security-and-networks,0.406,0.3735
38,John Brown,Information Security Analyst,Cybersecurity,7,IT Security: Defense against the digital dark arts,4.7,0.94,Beginner,wireless  wireless security  authentication  encryption  information security  Network Security  Cryptography  security  System Security  network monitoring information-technology security,0.3857,0.3626
38,John Brown,Information Security Analyst,Cybersecurity,8,Systems and Application Security,4.8,0.96,Advanced,virtual machine  encryption  process  privacy  software  malware  Cloud Computing  Leadership and Management  security  cloud computing security information-technology security,0.3671,0.3524
38,John Brown,Information Security Analyst,Cybersecurity,9,Security Awareness Training,4.7,0.94,Beginner,security  security management  multi-factor authentication  security question  awareness  malware  security awareness  authentication  password  Mobile Security information-technology security,0.3446,0.3239
38,John Brown,Information Security Analyst,Cybersecurity,10,The Business of Cybersecurity Capstone,4.8,0.96,Advanced,Risk  Leadership and Management  performance measurement  security management  security  information security  contingency plan  Risk Management  Computer Security Incident Management  Strategy computer-science computer-security-and-networks,0.332,0.3187
39,Laura Lee,Machine Learning Engineer,Machine Learning,1,Machine Learning With Big Data,4.6,0.92,Beginner,statistical classification  knime  data clustering algorithms  Human Learning  analysis  Algorithms  Apache Spark  cluster analysis  Machine Learning  Apache data-science machine-learning,0.4873,0.4483
39,Laura Lee,Machine Learning Engineer,Machine Learning,2,Introduction to Applied Machine Learning,4.7,0.94,Intermediate,Algorithms  Machine Learning Algorithms  Applied Machine Learning  Test Set  Machine Learning  ordered pair  Training  Human Learning  Deep Learning  business requirements data-science machine-learning,0.397,0.3732
39,Laura Lee,Machine Learning Engineer,Machine Learning,3,Data Science for Business Innovation,4.2,0.84,Advanced,statistical classification  Machine Learning  Big Data  Data Analysis  linear regression  recommender systems  linearity  analysis  Computer Programming  Machine Learning Algorithms data-science data-analysis,0.3924,0.3296
39,Laura Lee,Machine Learning Engineer,Machine Learning,4,Introduction to Data Analytics,4.7,0.94,Advanced,analytics  Data Analysis  physics  Exploratory Data Analysis  business analytics  Python Programming  quality control  Data Science  SQL  Business Analysis data-science data-analysis,0.3455,0.3248
39,Laura Lee,Machine Learning Engineer,Machine Learning,5,Machine Learning Foundations: A Case Study Approach,4.5,0.9,Conversant,Human Learning  Regression  Machine Learning  Graphlab  statistical classification  linearity  Algorithms  Computer Programming  Python Programming  analysis data-science machine-learning,0.3564,0.3208
39,Laura Lee,Machine Learning Engineer,Machine Learning,6,Machine Learning for Data Analysis,4.2,0.84,Intermediate,Algorithms  Data Analysis  numbers (spreadsheet)  evaluation  Machine Learning  Regression  Dependent And Independent Variables  Human Learning  Regression Analysis  decision tree data-science machine-learning,0.3661,0.3075
39,Laura Lee,Machine Learning Engineer,Machine Learning,7,Code Free Data Science,4.3,0.86,Beginner,analytics  knime  download  decision tree  Machine Learning  Data Manipulation  Data Mining  data clustering algorithms  Microsoft Excel  modeling data-science machine-learning,0.3462,0.2977
39,Laura Lee,Machine Learning Engineer,Machine Learning,8,Data Analysis with Python,4.6,0.92,Conversant,Data Model  Regression  Python Programming  Regression Analysis  Exploratory Data Analysis  analysis  Computer Programming  modeling  Data Analysis  linearity data-science data-analysis,0.3174,0.292
39,Laura Lee,Machine Learning Engineer,Machine Learning,9,Machine Learning for Accounting with Python,4.5,0.9,Advanced,statistical classification  Regression  mathematical optimization  Python Programming  decision tree  Document Classification  n-gram  Machine Learning  Algorithms  hyperparameter data-science machine-learning,0.3226,0.2903
39,Laura Lee,Machine Learning Engineer,Machine Learning,10,Developing AI Applications on Azure,4.3,0.86,Beginner,Machine Learning  web service  workspace  Training  Computer Programming  Microsoft Azure  Python Programming  Computer Vision  Human Learning  application programming interfaces data-science machine-learning,0.3273,0.2815
40,Jessica Jones,Cloud Solutions Architect,Cloud Computing,1,System Administration and IT Infrastructure Services,4.7,0.94,Conversant,disaster  directory services  lightweight directory access protocol  Cloud Computing  backup  directory access protocol  Planning  lightweight  Server Systems  infrastructure as a service information-technology support-and-operations,0.2759,0.2593
40,Jessica Jones,Cloud Solutions Architect,Cloud Computing,2,Essential Google Cloud Infrastructure: Core Services,4.7,0.94,Conversant,Leadership and Management  bigquery  Cloud Infrastructure  identity management  Cloud Platforms  Cloud Computing  network monitoring  Google Cloud Platform  Cloud Storage  resource information-technology cloud-computing,0.2556,0.2403
40,Jessica Jones,Cloud Solutions Architect,Cloud Computing,3,Essential Google Cloud Infrastructure: Foundation,4.7,0.94,Conversant,Cloud Infrastructure  private network  virtual machine  Cloud Storage  Cloud Computing  virtual private networks  Network Architecture  Cloud Platforms  architecture  Google Cloud Platform information-technology cloud-computing,0.2471,0.2323
40,Jessica Jones,Cloud Solutions Architect,Cloud Computing,4,Elastic Google Cloud Infrastructure: Scaling and Automation,4.7,0.94,Beginner,Cloud Platforms  virtual private networks  Google Cloud Platform  Cloud Computing  load balancing  build automation  deployment environment  Cloud Infrastructure  managed services  Leadership and Management information-technology cloud-computing,0.2459,0.2311
40,Jessica Jones,Cloud Solutions Architect,Cloud Computing,5,Enterprise and Infrastructure Security,4.6,0.92,Advanced,infrastructure security  critical infrastructure protection  cloud computing security  Mobile Security  payment card industry data security standard  Cloud Computing  security awareness  BlockChain  internet of things  security computer-science computer-security-and-networks,0.2341,0.2154
40,Jessica Jones,Cloud Solutions Architect,Cloud Computing,6,Reliable Google Cloud Infrastructure: Design and Process,4.7,0.94,Beginner,Google Cloud Platform  Cloud Platforms  Cloud Computing  process  security  Cloud Infrastructure  deployment environment  site reliability engineering  architecture  reliability engineering information-technology cloud-computing,0.2179,0.2048
40,Jessica Jones,Cloud Solutions Architect,Cloud Computing,7,Cloud Networking,4.4,0.88,Advanced,Network Infrastructure  distributed computing  tcp congestion control  Computer Networking  routing  Cloud Computing  Cloud Infrastructure  Python Programming  network congestion  data centers computer-science computer-security-and-networks,0.2285,0.2011
40,Jessica Jones,Cloud Solutions Architect,Cloud Computing,8,"Innovation Through Design: Think, Make, Break, Repeat",4.7,0.94,Intermediate,minimum viable product  Innovation  innovation management  thought  process  Entrepreneurship  design thinking  agile management  instructional design  project management professional business entrepreneurship,0.2071,0.1947
40,Jessica Jones,Cloud Solutions Architect,Cloud Computing,9,Prototyping and Design,4.6,0.92,Advanced,design pattern  paper prototyping  Commercial Design  user interface  interaction design  interaction design pattern  User Experience  interfaces  usability  user interface design computer-science design-and-product,0.2068,0.1903
40,Jessica Jones,Cloud Solutions Architect,Cloud Computing,10,Azure Infrastructure Fundamentals,4.2,0.84,Advanced,Microsoft Azure  Machine Learning  coroutine  openshift  sap erp  reliability engineering  archimate  BlockChain  windows services  site reliability engineering computer-science computer-security-and-networks,0.2254,0.1893
41,Peter Parker,Software Engineer,Software Development,1,Requirements Gathering for Secure Software Development,4.6,0.92,Beginner,software requirements  requirements analysis  requirements elicitation  software requirements specification  software  Agile Software Development  software development process  Software Engineering  requirements engineering  analysis computer-science software-development,0.331,0.3045
41,Peter Parker,Software Engineer,Software Development,2,Engineering Practices for Building Quality Software,4.1,0.82,Conversant,code coverage  version control systems  software project management  design pattern  software quality  Software Architecture  static analysis  software  Continuous Integration  Software Engineering computer-science software-development,0.3639,0.2984
41,Peter Parker,Software Engineer,Software Development,3,Agile Planning for Software Products,4.7,0.94,Advanced,Risk  Leadership and Management  Software Engineering  Planning  project  Risk Management  software  Agile Software Development  Estimation  agile management computer-science software-development,0.2975,0.2796
41,Peter Parker,Software Engineer,Software Development,4,Software Product Management Capstone,4.8,0.96,Advanced,Product Management  Leadership and Management  project  scrum (software development)  Project Management  software  software product management  Software Engineering  software project management  Agile Software Development computer-science design-and-product,0.2869,0.2754
41,Peter Parker,Software Engineer,Software Development,5,Software Development Processes and Methodologies,4.4,0.88,Advanced,waterfall model  modeling  software  scrum (software development)  methodology  process  Software Engineering  software development process  Software Testing  Agile Software Development computer-science software-development,0.3081,0.2711
41,Peter Parker,Software Engineer,Software Development,6,Software Processes and Agile Practices,4.7,0.94,Beginner,lean software development  process  kanban  software development process  software  Software Engineering  Leadership and Management  scrum (software development)  unified process  Agile Software Development computer-science design-and-product,0.2877,0.2704
41,Peter Parker,Software Engineer,Software Development,7,Software Design as an Element of the Software Development Lifecycle,4.6,0.92,Advanced,Software Architecture  software design  security  Software Testing  Software Engineering  interfaces  low-level design  software  specification (technical standard)  software development process computer-science software-development,0.2821,0.2595
41,Peter Parker,Software Engineer,Software Development,8,Reviews & Metrics for Software Improvements,4.6,0.92,Advanced,software metrics  software project management  scrum (software development)  Project Management  software  Leadership and Management  Software Engineering  software product management  project  Product Management computer-science design-and-product,0.2705,0.2489
41,Peter Parker,Software Engineer,Software Development,9,Continuous Integration,3.7,0.74,Advanced,flow network  software development process  shippable  software configuration management  euler's totient function  reusability  packaging  software project management  DevOps  Continuous Integration computer-science software-development,0.3247,0.2403
41,Peter Parker,Software Engineer,Software Development,10,Introduction to Software Product Management,4.6,0.92,Beginner,project  Software Engineering  Product Management  Leadership and Management  software  Agile Software Development  agile management  software product management  Planning  agile manifesto computer-science design-and-product,0.2592,0.2385
42,Mary Jane Watson,Web Developer,Web Development,1,Requirements Gathering for Secure Software Development,4.6,0.92,Beginner,software requirements  requirements analysis  requirements elicitation  software requirements specification  software  Agile Software Development  software development process  Software Engineering  requirements engineering  analysis computer-science software-development,0.2563,0.2358
42,Mary Jane Watson,Web Developer,Web Development,2,Agile Planning for Software Products,4.7,0.94,Advanced,Risk  Leadership and Management  Software Engineering  Planning  project  Risk Management  software  Agile Software Development  Estimation  agile management computer-science software-development,0.234,0.22
42,Mary Jane Watson,Web Developer,Web Development,3,Software Design as an Element of the Software Development Lifecycle,4.6,0.92,Advanced,Software Architecture  software design  security  Software Testing  Software Engineering  interfaces  low-level design  software  specification (technical standard)  software development process computer-science software-development,0.2282,0.2099
42,Mary Jane Watson,Web Developer,Web Development,4,Design Patterns,4.6,0.92,Advanced,architectural pattern  code smell  software  code refactoring  design pattern  unified modeling language  software design  chain of responsibility  factory method pattern  software design pattern computer-science software-development,0.228,0.2098
42,Mary Jane Watson,Web Developer,Web Development,5,Introduction to UI Design,4.7,0.94,Conversant,usability  user interface  experience  interfaces  evaluation  java annotation  user interface design  principle  principles of user interface design  User Experience computer-science design-and-product,0.2149,0.202
42,Mary Jane Watson,Web Developer,Web Development,6,Standardisation & Technology,4.4,0.88,Advanced,ageing  how we decide  connected car  privacy  ethics  opinion  process  Weighting  standards organization  voting business business-strategy,0.2294,0.2019
42,Mary Jane Watson,Web Developer,Web Development,7,Web Connectivity and Security in Embedded Systems,4.5,0.9,Advanced,attack model  cryptographic protocol  application layer  web service  web  link layer  wireless security  symmetric-key algorithm  application layer protocols  public-key cryptography computer-science computer-security-and-networks,0.2055,0.185
42,Mary Jane Watson,Web Developer,Web Development,8,Usable Security,4.5,0.9,Beginner,Human Computer Interaction  privacy  java annotation  user interface  Security Design  usability testing  usability  authentication  security  password computer-science computer-security-and-networks,0.2015,0.1814
42,Mary Jane Watson,Web Developer,Web Development,9,Web Application Development: Basic Concepts,4.5,0.9,Advanced,active record pattern  ruby on rails  web  Javascript  ajax (programming)  html  middleware  ruby (programming language)  Full-Stack Web Development  web application computer-science mobile-and-web-development,0.2011,0.181
42,Mary Jane Watson,Web Developer,Web Development,10,Software Development Processes and Methodologies,4.4,0.88,Advanced,waterfall model  modeling  software  scrum (software development)  methodology  process  Software Engineering  software development process  Software Testing  Agile Software Development computer-science software-development,0.1981,0.1743
43,Harry Osborn,Mobile App Developer,Mobile App Development,1,Requirements Gathering for Secure Software Development,4.6,0.92,Beginner,software requirements  requirements analysis  requirements elicitation  software requirements specification  software  Agile Software Development  software development process  Software Engineering  requirements engineering  analysis computer-science software-development,0.3705,0.3409
43,Harry Osborn,Mobile App Developer,Mobile App Development,2,Agile Planning for Software Products,4.7,0.94,Advanced,Risk  Leadership and Management  Software Engineering  Planning  project  Risk Management  software  Agile Software Development  Estimation  agile management computer-science software-development,0.32,0.3008
43,Harry Osborn,Mobile App Developer,Mobile App Development,3,Reviews & Metrics for Software Improvements,4.6,0.92,Advanced,software metrics  software project management  scrum (software development)  Project Management  software  Leadership and Management  Software Engineering  software product management  project  Product Management computer-science design-and-product,0.2954,0.2718
43,Harry Osborn,Mobile App Developer,Mobile App Development,4,Software Product Management Capstone,4.8,0.96,Advanced,Product Management  Leadership and Management  project  scrum (software development)  Project Management  software  software product management  Software Engineering  software project management  Agile Software Development computer-science design-and-product,0.2779,0.2668
43,Harry Osborn,Mobile App Developer,Mobile App Development,5,Software Design as an Element of the Software Development Lifecycle,4.6,0.92,Advanced,Software Architecture  software design  security  Software Testing  Software Engineering  interfaces  low-level design  software  specification (technical standard)  software development process computer-science software-development,0.2781,0.2559
43,Harry Osborn,Mobile App Developer,Mobile App Development,6,Software Security,4.6,0.92,Advanced,internet security  SQL  security  Security Software  web  buffer overflow  software  penetration test  analysis  sql injection computer-science computer-security-and-networks,0.2751,0.2531
43,Harry Osborn,Mobile App Developer,Mobile App Development,7,Software Development Processes and Methodologies,4.4,0.88,Advanced,waterfall model  modeling  software  scrum (software development)  methodology  process  Software Engineering  software development process  Software Testing  Agile Software Development computer-science software-development,0.2836,0.2496
43,Harry Osborn,Mobile App Developer,Mobile App Development,8,Introduction to Software Product Management,4.6,0.92,Beginner,project  Software Engineering  Product Management  Leadership and Management  software  Agile Software Development  agile management  software product management  Planning  agile manifesto computer-science design-and-product,0.2597,0.2389
43,Harry Osborn,Mobile App Developer,Mobile App Development,9,Engineering Practices for Building Quality Software,4.1,0.82,Conversant,code coverage  version control systems  software project management  design pattern  software quality  Software Architecture  static analysis  software  Continuous Integration  Software Engineering computer-science software-development,0.2775,0.2276
43,Harry Osborn,Mobile App Developer,Mobile App Development,10,Continuous Integration,3.7,0.74,Advanced,flow network  software development process  shippable  software configuration management  euler's totient function  reusability  packaging  software project management  DevOps  Continuous Integration computer-science software-development,0.2653,0.1963
44,Gwen Stacy,Graphics Programmer,Computer Graphics,1,Agile Planning for Software Products,4.7,0.94,Advanced,Risk  Leadership and Management  Software Engineering  Planning  project  Risk Management  software  Agile Software Development  Estimation  agile management computer-science software-development,0.2448,0.2301
44,Gwen Stacy,Graphics Programmer,Computer Graphics,2,Requirements Gathering for Secure Software Development,4.6,0.92,Beginner,software requirements  requirements analysis  requirements elicitation  software requirements specification  software  Agile Software Development  software development process  Software Engineering  requirements engineering  analysis computer-science software-development,0.2485,0.2286
44,Gwen Stacy,Graphics Programmer,Computer Graphics,3,Introduction to Game Development,4.8,0.96,Beginner,game design  java annotation  Computer Programming  game development tool  user interface  game engine  unity (user interface)  programming tool  interfaces  video game development computer-science software-development,0.2138,0.2052
44,Gwen Stacy,Graphics Programmer,Computer Graphics,4,Software Design as an Element of the Software Development Lifecycle,4.6,0.92,Advanced,Software Architecture  software design  security  Software Testing  Software Engineering  interfaces  low-level design  software  specification (technical standard)  software development process computer-science software-development,0.2172,0.1998
44,Gwen Stacy,Graphics Programmer,Computer Graphics,5,Reviews & Metrics for Software Improvements,4.6,0.92,Advanced,software metrics  software project management  scrum (software development)  Project Management  software  Leadership and Management  Software Engineering  software product management  project  Product Management computer-science design-and-product,0.2167,0.1994
44,Gwen Stacy,Graphics Programmer,Computer Graphics,6,Software Development Processes and Methodologies,4.4,0.88,Advanced,waterfall model  modeling  software  scrum (software development)  methodology  process  Software Engineering  software development process  Software Testing  Agile Software Development computer-science software-development,0.2256,0.1985
44,Gwen Stacy,Graphics Programmer,Computer Graphics,7,Engineering Practices for Building Quality Software,4.1,0.82,Conversant,code coverage  version control systems  software project management  design pattern  software quality  Software Architecture  static analysis  software  Continuous Integration  Software Engineering computer-science software-development,0.2254,0.1848
44,Gwen Stacy,Graphics Programmer,Computer Graphics,8,Software Security,4.6,0.92,Advanced,internet security  SQL  security  Security Software  web  buffer overflow  software  penetration test  analysis  sql injection computer-science computer-security-and-networks,0.1952,0.1796
44,Gwen Stacy,Graphics Programmer,Computer Graphics,9,Continuous Integration,3.7,0.74,Advanced,flow network  software development process  shippable  software configuration management  euler's totient function  reusability  packaging  software project management  DevOps  Continuous Integration computer-science software-development,0.2342,0.1733
44,Gwen Stacy,Graphics Programmer,Computer Graphics,10,Lean Software Development,4.2,0.84,Advanced,process  Mobile Development  software  Agile Software Development  value stream mapping  software development process  Software Testing  Software Engineering  scrum (software development)  lean software development computer-science software-development,0.1989,0.1671
45,Eddie Brock,NLP Research Scientist,Artificial Intelligence,1,Introduction to Applied Machine Learning,4.7,0.94,Intermediate,Algorithms  Machine Learning Algorithms  Applied Machine Learning  Test Set  Machine Learning  ordered pair  Training  Human Learning  Deep Learning  business requirements data-science machine-learning,0.3264,0.3068
45,Eddie Brock,NLP Research Scientist,Artificial Intelligence,2,Machine Learning With Big Data,4.6,0.92,Beginner,statistical classification  knime  data clustering algorithms  Human Learning  analysis  Algorithms  Apache Spark  cluster analysis  Machine Learning  Apache data-science machine-learning,0.3148,0.2896
45,Eddie Brock,NLP Research Scientist,Artificial Intelligence,3,Machine Learning Foundations: A Case Study Approach,4.5,0.9,Conversant,Human Learning  Regression  Machine Learning  Graphlab  statistical classification  linearity  Algorithms  Computer Programming  Python Programming  analysis data-science machine-learning,0.313,0.2817
45,Eddie Brock,NLP Research Scientist,Artificial Intelligence,4,Research for Impact,4.9,0.98,Intermediate,experience  knowledge-based systems  Strategic Partnerships  research methods  evaluation  climate change  sustainability  strategic communication  wicked problem  Communication social-sciences governance-and-society,0.2825,0.2768
45,Eddie Brock,NLP Research Scientist,Artificial Intelligence,5,Being a researcher (in Information Science and Technology),4.8,0.96,Advanced,Laboratory Research  physics  window blind  physics experiments  pharmacy  medical laboratory  pharmacology  Scientific Analysis  research methods  robotics physical-science-and-engineering research-methods,0.2843,0.2729
45,Eddie Brock,NLP Research Scientist,Artificial Intelligence,6,Machine Learning for Data Analysis,4.2,0.84,Intermediate,Algorithms  Data Analysis  numbers (spreadsheet)  evaluation  Machine Learning  Regression  Dependent And Independent Variables  Human Learning  Regression Analysis  decision tree data-science machine-learning,0.3211,0.2697
45,Eddie Brock,NLP Research Scientist,Artificial Intelligence,7,Machine Learning for All,4.7,0.94,Conversant,robotics  Machine Learning  Artificial Neural Networks  Training  Algorithms  Tensorflow  statistical classification  modeling  Human Learning  Deep Learning computer-science software-development,0.2726,0.2562
45,Eddie Brock,NLP Research Scientist,Artificial Intelligence,8,Introduction to Research for Essay Writing,4.7,0.94,Intermediate,language  linguistics  Writing  english language  formal language  english grammar  academic writing  sources  Note Taking  essay writing arts-and-humanities music-and-art,0.2638,0.248
45,Eddie Brock,NLP Research Scientist,Artificial Intelligence,9,Machine Learning with Python,4.6,0.92,Beginner,Logistic Regression  Algorithms  Human Learning  data clustering algorithms  Machine Learning  statistical classification  classification algorithms  Regression  Computer Programming  Python Programming data-science machine-learning,0.2652,0.244
45,Eddie Brock,NLP Research Scientist,Artificial Intelligence,10,Developing AI Applications on Azure,4.3,0.86,Beginner,Machine Learning  web service  workspace  Training  Computer Programming  Microsoft Azure  Python Programming  Computer Vision  Human Learning  application programming interfaces data-science machine-learning,0.2658,0.2286
46,Michelle Williams,Data Scientist,Data Science,1,Introduction to Data Analytics,4.7,0.94,Advanced,analytics  Data Analysis  physics  Exploratory Data Analysis  business analytics  Python Programming  quality control  Data Science  SQL  Business Analysis data-science data-analysis,0.4604,0.4328
46,Michelle Williams,Data Scientist,Data Science,2,Machine Learning With Big Data,4.6,0.92,Beginner,statistical classification  knime  data clustering algorithms  Human Learning  analysis  Algorithms  Apache Spark  cluster analysis  Machine Learning  Apache data-science machine-learning,0.4529,0.4167
46,Michelle Williams,Data Scientist,Data Science,3,Data Science for Business Innovation,4.2,0.84,Advanced,statistical classification  Machine Learning  Big Data  Data Analysis  linear regression  recommender systems  linearity  analysis  Computer Programming  Machine Learning Algorithms data-science data-analysis,0.4308,0.3619
46,Michelle Williams,Data Scientist,Data Science,4,Code Free Data Science,4.3,0.86,Beginner,analytics  knime  download  decision tree  Machine Learning  Data Manipulation  Data Mining  data clustering algorithms  Microsoft Excel  modeling data-science machine-learning,0.4036,0.3471
46,Michelle Williams,Data Scientist,Data Science,5,Machine Learning for Accounting with Python,4.5,0.9,Advanced,statistical classification  Regression  mathematical optimization  Python Programming  decision tree  Document Classification  n-gram  Machine Learning  Algorithms  hyperparameter data-science machine-learning,0.3759,0.3383
46,Michelle Williams,Data Scientist,Data Science,6,Business Analytics Executive Overview,4.5,0.9,Beginner,Data Visualization  quantum computing  business analytics  Recruitment  analytics  Closed-Form Expression  Chart  Business Intelligence  euler's totient function  Data Warehousing business leadership-and-management,0.3687,0.3318
46,Michelle Williams,Data Scientist,Data Science,7,Communicating Business Analytics Results,4.4,0.88,Advanced,Strategy  Communication  business analytics  analytics  analysis  presentation  Data Analysis  graphs  measurement  Data Visualization data-science data-analysis,0.3702,0.3258
46,Michelle Williams,Data Scientist,Data Science,8,Introduction to Business Analytics with R,4.4,0.88,Advanced,lecture  rstudio  business analytics  software  R Programming  Data Analysis  Exploratory Data Analysis  applied statistics  utility  analytics business business-essentials,0.3666,0.3226
46,Michelle Williams,Data Scientist,Data Science,9,Basic Data Processing and Visualization,4.2,0.84,Advanced,software  jpeg  Outlier  Python Programming  Data Visualization  Numpy  predictive analytics  Big Data  python libraries  json data-science data-analysis,0.3706,0.3113
46,Michelle Williams,Data Scientist,Data Science,10,Accounting Data Analytics with Python,3.6,0.72,Advanced,data type  relational database management system  Numpy  Basic Descriptive Statistics  Data Structures  Python Programming  Databases  SQL  euler's totient function  jpeg data-science data-analysis,0.3794,0.2732
47,Flash Thompson,Information Security Analyst,Cybersecurity,1,Security Operations and Administration,4.7,0.94,Advanced,configuration management  separation of duties  key (cryptography)  Security Operations  security awareness  Software Engineering  owasp  management process  security  release management information-technology security,0.5448,0.5121
47,Flash Thompson,Information Security Analyst,Cybersecurity,2,Information Security: Context and Introduction,4.6,0.92,Beginner,Cryptography  Leadership and Management  security management  information security  Network Security  security  encryption  incident management  authorization  Risk computer-science computer-security-and-networks,0.5176,0.4762
47,Flash Thompson,Information Security Analyst,Cybersecurity,3,Protecting Cloud Architecture with Alibaba Cloud,4.9,0.98,Beginner,performance  wi-fi  encryption  data security  wireless network interface controller  index  security  Switches  web  history computer-science software-development,0.4342,0.4255
47,Flash Thompson,Information Security Analyst,Cybersecurity,4,Networks and Communications Security,4.7,0.94,Advanced,sublayer  virtual circuit  security  virtual lan  wireless  fibre channel over ethernet  virtual private lan service  domain name system  control plane  data link layer information-technology security,0.4237,0.3983
47,Flash Thompson,Information Security Analyst,Cybersecurity,5,Cloud Security Basics,4.7,0.94,Advanced,separation of duties  protocol stack  cloud computing security  trust boundary  attack surface  cryptographic protocol  security  Network Security  Cloud Computing  public key certificate information-technology cloud-computing,0.4075,0.383
47,Flash Thompson,Information Security Analyst,Cybersecurity,6,Enterprise and Infrastructure Security,4.6,0.92,Advanced,infrastructure security  critical infrastructure protection  cloud computing security  Mobile Security  payment card industry data security standard  Cloud Computing  security awareness  BlockChain  internet of things  security computer-science computer-security-and-networks,0.406,0.3735
47,Flash Thompson,Information Security Analyst,Cybersecurity,7,IT Security: Defense against the digital dark arts,4.7,0.94,Beginner,wireless  wireless security  authentication  encryption  information security  Network Security  Cryptography  security  System Security  network monitoring information-technology security,0.3857,0.3626
47,Flash Thompson,Information Security Analyst,Cybersecurity,8,Systems and Application Security,4.8,0.96,Advanced,virtual machine  encryption  process  privacy  software  malware  Cloud Computing  Leadership and Management  security  cloud computing security information-technology security,0.3671,0.3524
47,Flash Thompson,Information Security Analyst,Cybersecurity,9,Security Awareness Training,4.7,0.94,Beginner,security  security management  multi-factor authentication  security question  awareness  malware  security awareness  authentication  password  Mobile Security information-technology security,0.3446,0.3239
47,Flash Thompson,Information Security Analyst,Cybersecurity,10,The Business of Cybersecurity Capstone,4.8,0.96,Advanced,Risk  Leadership and Management  performance measurement  security management  security  information security  contingency plan  Risk Management  Computer Security Incident Management  Strategy computer-science computer-security-and-networks,0.332,0.3187
48,Liz Allan,Database Administrator,Database Management,1,Create Relational Database Tables Using SQLiteStudio,4.7,0.94,Beginner,database management systems  Databases  web browsers  BlockChain  relational database  sqlite  web  Average  SQL  table (database) information-technology data-management,0.3867,0.3635
48,Liz Allan,Database Administrator,Database Management,2,Creating Database Tables with SQL,4.6,0.92,Beginner,SQL  HTML5  mysql  database management systems  Database Design  relational database  table (database)  Accuracy And Precision  Databases  data retrieval information-technology data-management,0.371,0.3413
48,Liz Allan,Database Administrator,Database Management,3,Retrieve Data using Single-Table SQL Queries,4.6,0.92,Beginner,Data Analysis  select (sql)  database management systems  online shopping  table (database)  data retrieval  Databases  web page  numbers (spreadsheet)  SQL information-technology data-management,0.3694,0.3398
48,Liz Allan,Database Administrator,Database Management,4,Introduction to Data Analytics,4.7,0.94,Advanced,analytics  Data Analysis  physics  Exploratory Data Analysis  business analytics  Python Programming  quality control  Data Science  SQL  Business Analysis data-science data-analysis,0.3514,0.3303
48,Liz Allan,Database Administrator,Database Management,5,Relational Database Support for Data Warehouses,4.6,0.92,Advanced,data integration  data governance  null coalescing operator  Business Intelligence  SQL  modulo operation  Databases  relational database  ternary conditional operator  Data Warehousing data-science data-analysis,0.3531,0.3249
48,Liz Allan,Database Administrator,Database Management,6,Build a Database from a Relational Model,4.8,0.96,Beginner,Database Design  relational database  Databases  ordered pair  Data Model  test data  database management systems  relational model  graphical model  unique key information-technology data-management,0.3265,0.3134
48,Liz Allan,Database Administrator,Database Management,7,Manipulating Data with SQL,4.6,0.92,Beginner,system u  table (database)  relational database  database management systems  Databases  Database Design  SQL  Rowing  data retrieval  unique key information-technology data-management,0.3207,0.295
48,Liz Allan,Database Administrator,Database Management,8,Research Data Management and Sharing,4.7,0.94,Intermediate,enabling  document management systems  Strategy  Data Management  confidentiality  research data archiving  metadata  Planning  data file  Leadership and Management data-science data-analysis,0.3133,0.2945
48,Liz Allan,Database Administrator,Database Management,9,Big Data Modeling and Management Systems,4.4,0.88,Intermediate,Databases  analytics  graphs  Data Structures  Big Data Analytics  Data Management  Big Data  Data Model  Leadership and Management  modeling data-science data-analysis,0.3104,0.2732
48,Liz Allan,Database Administrator,Database Management,10,Database Design and Diagramming in Dia,4.6,0.92,Beginner,data retrieval  Databases  requirements analysis  relational database  table (database)  user requirements document  entity relationship model  Database Design  process  database management systems information-technology data-management,0.296,0.2723
49,Jason Macendale,Cloud Solutions Architect,Cloud Computing,1,System Administration and IT Infrastructure Services,4.7,0.94,Conversant,disaster  directory services  lightweight directory access protocol  Cloud Computing  backup  directory access protocol  Planning  lightweight  Server Systems  infrastructure as a service information-technology support-and-operations,0.2759,0.2593
49,Jason Macendale,Cloud Solutions Architect,Cloud Computing,2,Essential Google Cloud Infrastructure: Core Services,4.7,0.94,Conversant,Leadership and Management  bigquery  Cloud Infrastructure  identity management  Cloud Platforms  Cloud Computing  network monitoring  Google Cloud Platform  Cloud Storage  resource information-technology cloud-computing,0.2556,0.2403
49,Jason Macendale,Cloud Solutions Architect,Cloud Computing,3,Essential Google Cloud Infrastructure: Foundation,4.7,0.94,Conversant,Cloud Infrastructure  private network  virtual machine  Cloud Storage  Cloud Computing  virtual private networks  Network Architecture  Cloud Platforms  architecture  Google Cloud Platform information-technology cloud-computing,0.2471,0.2323
49,Jason Macendale,Cloud Solutions Architect,Cloud Computing,4,Elastic Google Cloud Infrastructure: Scaling and Automation,4.7,0.94,Beginner,Cloud Platforms  virtual private networks  Google Cloud Platform  Cloud Computing  load balancing  build automation  deployment environment  Cloud Infrastructure  managed services  Leadership and Management information-technology cloud-computing,0.2459,0.2311
49,Jason Macendale,Cloud Solutions Architect,Cloud Computing,5,Enterprise and Infrastructure Security,4.6,0.92,Advanced,infrastructure security  critical infrastructure protection  cloud computing security  Mobile Security  payment card industry data security standard  Cloud Computing  security awareness  BlockChain  internet of things  security computer-science computer-security-and-networks,0.2341,0.2154
49,Jason Macendale,Cloud Solutions Architect,Cloud Computing,6,Reliable Google Cloud Infrastructure: Design and Process,4.7,0.94,Beginner,Google Cloud Platform  Cloud Platforms  Cloud Computing  process  security  Cloud Infrastructure  deployment environment  site reliability engineering  architecture  reliability engineering information-technology cloud-computing,0.2179,0.2048
49,Jason Macendale,Cloud Solutions Architect,Cloud Computing,7,Cloud Networking,4.4,0.88,Advanced,Network Infrastructure  distributed computing  tcp congestion control  Computer Networking  routing  Cloud Computing  Cloud Infrastructure  Python Programming  network congestion  data centers computer-science computer-security-and-networks,0.2285,0.2011
49,Jason Macendale,Cloud Solutions Architect,Cloud Computing,8,"Innovation Through Design: Think, Make, Break, Repeat",4.7,0.94,Intermediate,minimum viable product  Innovation  innovation management  thought  process  Entrepreneurship  design thinking  agile management  instructional design  project management professional business entrepreneurship,0.2071,0.1947
49,Jason Macendale,Cloud Solutions Architect,Cloud Computing,9,Prototyping and Design,4.6,0.92,Advanced,design pattern  paper prototyping  Commercial Design  user interface  interaction design  interaction design pattern  User Experience  interfaces  usability  user interface design computer-science design-and-product,0.2068,0.1903
49,Jason Macendale,Cloud Solutions Architect,Cloud Computing,10,Azure Infrastructure Fundamentals,4.2,0.84,Advanced,Microsoft Azure  Machine Learning  coroutine  openshift  sap erp  reliability engineering  archimate  BlockChain  windows services  site reliability engineering computer-science computer-security-and-networks,0.2254,0.1893
50,Fred Myers,Software Engineer,Software Development,1,Requirements Gathering for Secure Software Development,4.6,0.92,Beginner,software requirements  requirements analysis  requirements elicitation  software requirements specification  software  Agile Software Development  software development process  Software Engineering  requirements engineering  analysis computer-science software-development,0.331,0.3045
50,Fred Myers,Software Engineer,Software Development,2,Engineering Practices for Building Quality Software,4.1,0.82,Conversant,code coverage  version control systems  software project management  design pattern  software quality  Software Architecture  static analysis  software  Continuous Integration  Software Engineering computer-science software-development,0.3639,0.2984
50,Fred Myers,Software Engineer,Software Development,3,Agile Planning for Software Products,4.7,0.94,Advanced,Risk  Leadership and Management  Software Engineering  Planning  project  Risk Management  software  Agile Software Development  Estimation  agile management computer-science software-development,0.2975,0.2796
50,Fred Myers,Software Engineer,Software Development,4,Software Product Management Capstone,4.8,0.96,Advanced,Product Management  Leadership and Management  project  scrum (software development)  Project Management  software  software product management  Software Engineering  software project management  Agile Software Development computer-science design-and-product,0.2869,0.2754
50,Fred Myers,Software Engineer,Software Development,5,Software Development Processes and Methodologies,4.4,0.88,Advanced,waterfall model  modeling  software  scrum (software development)  methodology  process  Software Engineering  software development process  Software Testing  Agile Software Development computer-science software-development,0.3081,0.2711
50,Fred Myers,Software Engineer,Software Development,6,Software Processes and Agile Practices,4.7,0.94,Beginner,lean software development  process  kanban  software development process  software  Software Engineering  Leadership and Management  scrum (software development)  unified process  Agile Software Development computer-science design-and-product,0.2877,0.2704
50,Fred Myers,Software Engineer,Software Development,7,Software Design as an Element of the Software Development Lifecycle,4.6,0.92,Advanced,Software Architecture  software design  security  Software Testing  Software Engineering  interfaces  low-level design  software  specification (technical standard)  software development process computer-science software-development,0.2821,0.2595
50,Fred Myers,Software Engineer,Software Development,8,Reviews & Metrics for Software Improvements,4.6,0.92,Advanced,software metrics  software project management  scrum (software development)  Project Management  software  Leadership and Management  Software Engineering  software product management  project  Product Management computer-science design-and-product,0.2705,0.2489
50,Fred Myers,Software Engineer,Software Development,9,Continuous Integration,3.7,0.74,Advanced,flow network  software development process  shippable  software configuration management  euler's totient function  reusability  packaging  software project management  DevOps  Continuous Integration computer-science software-development,0.3247,0.2403
50,Fred Myers,Software Engineer,Software Development,10,Introduction to Software Product Management,4.6,0.92,Beginner,project  Software Engineering  Product Management  Leadership and Management  software  Agile Software Development  agile management  software product management  Planning  agile manifesto computer-science design-and-product,0.2592,0.2385
51,Betty Brant,Web Developer,Web Development,1,Requirements Gathering for Secure Software Development,4.6,0.92,Beginner,software requirements  requirements analysis  requirements elicitation  software requirements specification  software  Agile Software Development  software development process  Software Engineering  requirements engineering  analysis computer-science software-development,0.2563,0.2358
51,Betty Brant,Web Developer,Web Development,2,Agile Planning for Software Products,4.7,0.94,Advanced,Risk  Leadership and Management  Software Engineering  Planning  project  Risk Management  software  Agile Software Development  Estimation  agile management computer-science software-development,0.234,0.22
51,Betty Brant,Web Developer,Web Development,3,Software Design as an Element of the Software Development Lifecycle,4.6,0.92,Advanced,Software Architecture  software design  security  Software Testing  Software Engineering  interfaces  low-level design  software  specification (technical standard)  software development process computer-science software-development,0.2282,0.2099
51,Betty Brant,Web Developer,Web Development,4,Design Patterns,4.6,0.92,Advanced,architectural pattern  code smell  software  code refactoring  design pattern  unified modeling language  software design  chain of responsibility  factory method pattern  software design pattern computer-science software-development,0.228,0.2098
51,Betty Brant,Web Developer,Web Development,5,Introduction to UI Design,4.7,0.94,Conversant,usability  user interface  experience  interfaces  evaluation  java annotation  user interface design  principle  principles of user interface design  User Experience computer-science design-and-product,0.2149,0.202
51,Betty Brant,Web Developer,Web Development,6,Standardisation & Technology,4.4,0.88,Advanced,ageing  how we decide  connected car  privacy  ethics  opinion  process  Weighting  standards organization  voting business business-strategy,0.2294,0.2019
51,Betty Brant,Web Developer,Web Development,7,Web Connectivity and Security in Embedded Systems,4.5,0.9,Advanced,attack model  cryptographic protocol  application layer  web service  web  link layer  wireless security  symmetric-key algorithm  application layer protocols  public-key cryptography computer-science computer-security-and-networks,0.2055,0.185
51,Betty Brant,Web Developer,Web Development,8,Usable Security,4.5,0.9,Beginner,Human Computer Interaction  privacy  java annotation  user interface  Security Design  usability testing  usability  authentication  security  password computer-science computer-security-and-networks,0.2015,0.1814
51,Betty Brant,Web Developer,Web Development,9,Web Application Development: Basic Concepts,4.5,0.9,Advanced,active record pattern  ruby on rails  web  Javascript  ajax (programming)  html  middleware  ruby (programming language)  Full-Stack Web Development  web application computer-science mobile-and-web-development,0.2011,0.181
51,Betty Brant,Web Developer,Web Development,10,Software Development Processes and Methodologies,4.4,0.88,Advanced,waterfall model  modeling  software  scrum (software development)  methodology  process  Software Engineering  software development process  Software Testing  Agile Software Development computer-science software-development,0.1981,0.1743
52,Ned Leeds,Mobile App Developer,Mobile App Development,1,Requirements Gathering for Secure Software Development,4.6,0.92,Beginner,software requirements  requirements analysis  requirements elicitation  software requirements specification  software  Agile Software Development  software development process  Software Engineering  requirements engineering  analysis computer-science software-development,0.3705,0.3409
52,Ned Leeds,Mobile App Developer,Mobile App Development,2,Agile Planning for Software Products,4.7,0.94,Advanced,Risk  Leadership and Management  Software Engineering  Planning  project  Risk Management  software  Agile Software Development  Estimation  agile management computer-science software-development,0.32,0.3008
52,Ned Leeds,Mobile App Developer,Mobile App Development,3,Reviews & Metrics for Software Improvements,4.6,0.92,Advanced,software metrics  software project management  scrum (software development)  Project Management  software  Leadership and Management  Software Engineering  software product management  project  Product Management computer-science design-and-product,0.2954,0.2718
52,Ned Leeds,Mobile App Developer,Mobile App Development,4,Software Product Management Capstone,4.8,0.96,Advanced,Product Management  Leadership and Management  project  scrum (software development)  Project Management  software  software product management  Software Engineering  software project management  Agile Software Development computer-science design-and-product,0.2779,0.2668
52,Ned Leeds,Mobile App Developer,Mobile App Development,5,Software Design as an Element of the Software Development Lifecycle,4.6,0.92,Advanced,Software Architecture  software design  security  Software Testing  Software Engineering  interfaces  low-level design  software  specification (technical standard)  software development process computer-science software-development,0.2781,0.2559
52,Ned Leeds,Mobile App Developer,Mobile App Development,6,Software Security,4.6,0.92,Advanced,internet security  SQL  security  Security Software  web  buffer overflow  software  penetration test  analysis  sql injection computer-science computer-security-and-networks,0.2751,0.2531
52,Ned Leeds,Mobile App Developer,Mobile App Development,7,Software Development Processes and Methodologies,4.4,0.88,Advanced,waterfall model  modeling  software  scrum (software development)  methodology  process  Software Engineering  software development process  Software Testing  Agile Software Development computer-science software-development,0.2836,0.2496
52,Ned Leeds,Mobile App Developer,Mobile App Development,8,Introduction to Software Product Management,4.6,0.92,Beginner,project  Software Engineering  Product Management  Leadership and Management  software  Agile Software Development  agile management  software product management  Planning  agile manifesto computer-science design-and-product,0.2597,0.2389
52,Ned Leeds,Mobile App Developer,Mobile App Development,9,Engineering Practices for Building Quality Software,4.1,0.82,Conversant,code coverage  version control systems  software project management  design pattern  software quality  Software Architecture  static analysis  software  Continuous Integration  Software Engineering computer-science software-development,0.2775,0.2276
52,Ned Leeds,Mobile App Developer,Mobile App Development,10,Continuous Integration,3.7,0.74,Advanced,flow network  software development process  shippable  software configuration management  euler's totient function  reusability  packaging  software project management  DevOps  Continuous Integration computer-science software-development,0.2653,0.1963
53,Silver Sable,Graphics Programmer,Computer Graphics,1,Agile Planning for Software Products,4.7,0.94,Advanced,Risk  Leadership and Management  Software Engineering  Planning  project  Risk Management  software  Agile Software Development  Estimation  agile management computer-science software-development,0.2448,0.2301
53,Silver Sable,Graphics Programmer,Computer Graphics,2,Requirements Gathering for Secure Software Development,4.6,0.92,Beginner,software requirements  requirements analysis  requirements elicitation  software requirements specification  software  Agile Software Development  software development process  Software Engineering  requirements engineering  analysis computer-science software-development,0.2485,0.2286
53,Silver Sable,Graphics Programmer,Computer Graphics,3,Introduction to Game Development,4.8,0.96,Beginner,game design  java annotation  Computer Programming  game development tool  user interface  game engine  unity (user interface)  programming tool  interfaces  video game development computer-science software-development,0.2138,0.2052
53,Silver Sable,Graphics Programmer,Computer Graphics,4,Software Design as an Element of the Software Development Lifecycle,4.6,0.92,Advanced,Software Architecture  software design  security  Software Testing  Software Engineering  interfaces  low-level design  software  specification (technical standard)  software development process computer-science software-development,0.2172,0.1998
53,Silver Sable,Graphics Programmer,Computer Graphics,5,Reviews & Metrics for Software Improvements,4.6,0.92,Advanced,software metrics  software project management  scrum (software development)  Project Management  software  Leadership and Management  Software Engineering  software product management  project  Product Management computer-science design-and-product,0.2167,0.1994
53,Silver Sable,Graphics Programmer,Computer Graphics,6,Software Development Processes and Methodologies,4.4,0.88,Advanced,waterfall model  modeling  software  scrum (software development)  methodology  process  Software Engineering  software development process  Software Testing  Agile Software Development computer-science software-development,0.2256,0.1985
53,Silver Sable,Graphics Programmer,Computer Graphics,7,Engineering Practices for Building Quality Software,4.1,0.82,Conversant,code coverage  version control systems  software project management  design pattern  software quality  Software Architecture  static analysis  software  Continuous Integration  Software Engineering computer-science software-development,0.2254,0.1848
53,Silver Sable,Graphics Programmer,Computer Graphics,8,Software Security,4.6,0.92,Advanced,internet security  SQL  security  Security Software  web  buffer overflow  software  penetration test  analysis  sql injection computer-science computer-security-and-networks,0.1952,0.1796
53,Silver Sable,Graphics Programmer,Computer Graphics,9,Continuous Integration,3.7,0.74,Advanced,flow network  software development process  shippable  software configuration management  euler's totient function  reusability  packaging  software project management  DevOps  Continuous Integration computer-science software-development,0.2342,0.1733
53,Silver Sable,Graphics Programmer,Computer Graphics,10,Lean Software Development,4.2,0.84,Advanced,process  Mobile Development  software  Agile Software Development  value stream mapping  software development process  Software Testing  Software Engineering  scrum (software development)  lean software development computer-science software-development,0.1989,0.1671
54,Black Cat,NLP Research Scientist,Artificial Intelligence,1,Introduction to Applied Machine Learning,4.7,0.94,Intermediate,Algorithms  Machine Learning Algorithms  Applied Machine Learning  Test Set  Machine Learning  ordered pair  Training  Human Learning  Deep Learning  business requirements data-science machine-learning,0.3264,0.3068
54,Black Cat,NLP Research Scientist,Artificial Intelligence,2,Machine Learning With Big Data,4.6,0.92,Beginner,statistical classification  knime  data clustering algorithms  Human Learning  analysis  Algorithms  Apache Spark  cluster analysis  Machine Learning  Apache data-science machine-learning,0.3148,0.2896
54,Black Cat,NLP Research Scientist,Artificial Intelligence,3,Machine Learning Foundations: A Case Study Approach,4.5,0.9,Conversant,Human Learning  Regression  Machine Learning  Graphlab  statistical classification  linearity  Algorithms  Computer Programming  Python Programming  analysis data-science machine-learning,0.313,0.2817
54,Black Cat,NLP Research Scientist,Artificial Intelligence,4,Research for Impact,4.9,0.98,Intermediate,experience  knowledge-based systems  Strategic Partnerships  research methods  evaluation  climate change  sustainability  strategic communication  wicked problem  Communication social-sciences governance-and-society,0.2825,0.2768
54,Black Cat,NLP Research Scientist,Artificial Intelligence,5,Being a researcher (in Information Science and Technology),4.8,0.96,Advanced,Laboratory Research  physics  window blind  physics experiments  pharmacy  medical laboratory  pharmacology  Scientific Analysis  research methods  robotics physical-science-and-engineering research-methods,0.2843,0.2729
54,Black Cat,NLP Research Scientist,Artificial Intelligence,6,Machine Learning for Data Analysis,4.2,0.84,Intermediate,Algorithms  Data Analysis  numbers (spreadsheet)  evaluation  Machine Learning  Regression  Dependent And Independent Variables  Human Learning  Regression Analysis  decision tree data-science machine-learning,0.3211,0.2697
54,Black Cat,NLP Research Scientist,Artificial Intelligence,7,Machine Learning for All,4.7,0.94,Conversant,robotics  Machine Learning  Artificial Neural Networks  Training  Algorithms  Tensorflow  statistical classification  modeling  Human Learning  Deep Learning computer-science software-development,0.2726,0.2562
54,Black Cat,NLP Research Scientist,Artificial Intelligence,8,Introduction to Research for Essay Writing,4.7,0.94,Intermediate,language  linguistics  Writing  english language  formal language  english grammar  academic writing  sources  Note Taking  essay writing arts-and-humanities music-and-art,0.2638,0.248
54,Black Cat,NLP Research Scientist,Artificial Intelligence,9,Machine Learning with Python,4.6,0.92,Beginner,Logistic Regression  Algorithms  Human Learning  data clustering algorithms  Machine Learning  statistical classification  classification algorithms  Regression  Computer Programming  Python Programming data-science machine-learning,0.2652,0.244
54,Black Cat,NLP Research Scientist,Artificial Intelligence,10,Developing AI Applications on Azure,4.3,0.86,Beginner,Machine Learning  web service  workspace  Training  Computer Programming  Microsoft Azure  Python Programming  Computer Vision  Human Learning  application programming interfaces data-science machine-learning,0.2658,0.2286
55,Venom,Data Scientist,Data Science,1,Introduction to Data Analytics,4.7,0.94,Advanced,analytics  Data Analysis  physics  Exploratory Data Analysis  business analytics  Python Programming  quality control  Data Science  SQL  Business Analysis data-science data-analysis,0.4604,0.4328
55,Venom,Data Scientist,Data Science,2,Machine Learning With Big Data,4.6,0.92,Beginner,statistical classification  knime  data clustering algorithms  Human Learning  analysis  Algorithms  Apache Spark  cluster analysis  Machine Learning  Apache data-science machine-learning,0.4529,0.4167
55,Venom,Data Scientist,Data Science,3,Data Science for Business Innovation,4.2,0.84,Advanced,statistical classification  Machine Learning  Big Data  Data Analysis  linear regression  recommender systems  linearity  analysis  Computer Programming  Machine Learning Algorithms data-science data-analysis,0.4308,0.3619
55,Venom,Data Scientist,Data Science,4,Code Free Data Science,4.3,0.86,Beginner,analytics  knime  download  decision tree  Machine Learning  Data Manipulation  Data Mining  data clustering algorithms  Microsoft Excel  modeling data-science machine-learning,0.4036,0.3471
55,Venom,Data Scientist,Data Science,5,Machine Learning for Accounting with Python,4.5,0.9,Advanced,statistical classification  Regression  mathematical optimization  Python Programming  decision tree  Document Classification  n-gram  Machine Learning  Algorithms  hyperparameter data-science machine-learning,0.3759,0.3383
55,Venom,Data Scientist,Data Science,6,Business Analytics Executive Overview,4.5,0.9,Beginner,Data Visualization  quantum computing  business analytics  Recruitment  analytics  Closed-Form Expression  Chart  Business Intelligence  euler's totient function  Data Warehousing business leadership-and-management,0.3687,0.3318
55,Venom,Data Scientist,Data Science,7,Communicating Business Analytics Results,4.4,0.88,Advanced,Strategy  Communication  business analytics  analytics  analysis  presentation  Data Analysis  graphs  measurement  Data Visualization data-science data-analysis,0.3702,0.3258
55,Venom,Data Scientist,Data Science,8,Introduction to Business Analytics with R,4.4,0.88,Advanced,lecture  rstudio  business analytics  software  R Programming  Data Analysis  Exploratory Data Analysis  applied statistics  utility  analytics business business-essentials,0.3666,0.3226
55,Venom,Data Scientist,Data Science,9,Basic Data Processing and Visualization,4.2,0.84,Advanced,software  jpeg  Outlier  Python Programming  Data Visualization  Numpy  predictive analytics  Big Data  python libraries  json data-science data-analysis,0.3706,0.3113
55,Venom,Data Scientist,Data Science,10,Accounting Data Analytics with Python,3.6,0.72,Advanced,data type  relational database management system  Numpy  Basic Descriptive Statistics  Data Structures  Python Programming  Databases  SQL  euler's totient function  jpeg data-science data-analysis,0.3794,0.2732
56,Carnage,Information Security Analyst,Cybersecurity,1,Security Operations and Administration,4.7,0.94,Advanced,configuration management  separation of duties  key (cryptography)  Security Operations  security awareness  Software Engineering  owasp  management process  security  release management information-technology security,0.5448,0.5121
56,Carnage,Information Security Analyst,Cybersecurity,2,Information Security: Context and Introduction,4.6,0.92,Beginner,Cryptography  Leadership and Management  security management  information security  Network Security  security  encryption  incident management  authorization  Risk computer-science computer-security-and-networks,0.5176,0.4762
56,Carnage,Information Security Analyst,Cybersecurity,3,Protecting Cloud Architecture with Alibaba Cloud,4.9,0.98,Beginner,performance  wi-fi  encryption  data security  wireless network interface controller  index  security  Switches  web  history computer-science software-development,0.4342,0.4255
56,Carnage,Information Security Analyst,Cybersecurity,4,Networks and Communications Security,4.7,0.94,Advanced,sublayer  virtual circuit  security  virtual lan  wireless  fibre channel over ethernet  virtual private lan service  domain name system  control plane  data link layer information-technology security,0.4237,0.3983
56,Carnage,Information Security Analyst,Cybersecurity,5,Cloud Security Basics,4.7,0.94,Advanced,separation of duties  protocol stack  cloud computing security  trust boundary  attack surface  cryptographic protocol  security  Network Security  Cloud Computing  public key certificate information-technology cloud-computing,0.4075,0.383
56,Carnage,Information Security Analyst,Cybersecurity,6,Enterprise and Infrastructure Security,4.6,0.92,Advanced,infrastructure security  critical infrastructure protection  cloud computing security  Mobile Security  payment card industry data security standard  Cloud Computing  security awareness  BlockChain  internet of things  security computer-science computer-security-and-networks,0.406,0.3735
56,Carnage,Information Security Analyst,Cybersecurity,7,IT Security: Defense against the digital dark arts,4.7,0.94,Beginner,wireless  wireless security  authentication  encryption  information security  Network Security  Cryptography  security  System Security  network monitoring information-technology security,0.3857,0.3626
56,Carnage,Information Security Analyst,Cybersecurity,8,Systems and Application Security,4.8,0.96,Advanced,virtual machine  encryption  process  privacy  software  malware  Cloud Computing  Leadership and Management  security  cloud computing security information-technology security,0.3671,0.3524
56,Carnage,Information Security Analyst,Cybersecurity,9,Security Awareness Training,4.7,0.94,Beginner,security  security management  multi-factor authentication  security question  awareness  malware  security awareness  authentication  password  Mobile Security information-technology security,0.3446,0.3239
56,Carnage,Information Security Analyst,Cybersecurity,10,The Business of Cybersecurity Capstone,4.8,0.96,Advanced,Risk  Leadership and Management  performance measurement  security management  security  information security  contingency plan  Risk Management  Computer Security Incident Management  Strategy computer-science computer-security-and-networks,0.332,0.3187
57,Lizard,Database Administrator,Database Management,1,Create Relational Database Tables Using SQLiteStudio,4.7,0.94,Beginner,database management systems  Databases  web browsers  BlockChain  relational database  sqlite  web  Average  SQL  table (database) information-technology data-management,0.3867,0.3635
57,Lizard,Database Administrator,Database Management,2,Creating Database Tables with SQL,4.6,0.92,Beginner,SQL  HTML5  mysql  database management systems  Database Design  relational database  table (database)  Accuracy And Precision  Databases  data retrieval information-technology data-management,0.371,0.3413
57,Lizard,Database Administrator,Database Management,3,Retrieve Data using Single-Table SQL Queries,4.6,0.92,Beginner,Data Analysis  select (sql)  database management systems  online shopping  table (database)  data retrieval  Databases  web page  numbers (spreadsheet)  SQL information-technology data-management,0.3694,0.3398
57,Lizard,Database Administrator,Database Management,4,Introduction to Data Analytics,4.7,0.94,Advanced,analytics  Data Analysis  physics  Exploratory Data Analysis  business analytics  Python Programming  quality control  Data Science  SQL  Business Analysis data-science data-analysis,0.3514,0.3303
57,Lizard,Database Administrator,Database Management,5,Relational Database Support for Data Warehouses,4.6,0.92,Advanced,data integration  data governance  null coalescing operator  Business Intelligence  SQL  modulo operation  Databases  relational database  ternary conditional operator  Data Warehousing data-science data-analysis,0.3531,0.3249
57,Lizard,Database Administrator,Database Management,6,Build a Database from a Relational Model,4.8,0.96,Beginner,Database Design  relational database  Databases  ordered pair  Data Model  test data  database management systems  relational model  graphical model  unique key information-technology data-management,0.3265,0.3134
57,Lizard,Database Administrator,Database Management,7,Manipulating Data with SQL,4.6,0.92,Beginner,system u  table (database)  relational database  database management systems  Databases  Database Design  SQL  Rowing  data retrieval  unique key information-technology data-management,0.3207,0.295
57,Lizard,Database Administrator,Database Management,8,Research Data Management and Sharing,4.7,0.94,Intermediate,enabling  document management systems  Strategy  Data Management  confidentiality  research data archiving  metadata  Planning  data file  Leadership and Management data-science data-analysis,0.3133,0.2945
57,Lizard,Database Administrator,Database Management,9,Big Data Modeling and Management Systems,4.4,0.88,Intermediate,Databases  analytics  graphs  Data Structures  Big Data Analytics  Data Management  Big Data  Data Model  Leadership and Management  modeling data-science data-analysis,0.3104,0.2732
57,Lizard,Database Administrator,Database Management,10,Database Design and Diagramming in Dia,4.6,0.92,Beginner,data retrieval  Databases  requirements analysis  relational database  table (database)  user requirements document  entity relationship model  Database Design  process  database management systems information-technology data-management,0.296,0.2723
58,Electro,Cloud Solutions Architect,Cloud Computing,1,System Administration and IT Infrastructure Services,4.7,0.94,Conversant,disaster  directory services  lightweight directory access protocol  Cloud Computing  backup  directory access protocol  Planning  lightweight  Server Systems  infrastructure as a service information-technology support-and-operations,0.2759,0.2593
58,Electro,Cloud Solutions Architect,Cloud Computing,2,Essential Google Cloud Infrastructure: Core Services,4.7,0.94,Conversant,Leadership and Management  bigquery  Cloud Infrastructure  identity management  Cloud Platforms  Cloud Computing  network monitoring  Google Cloud Platform  Cloud Storage  resource information-technology cloud-computing,0.2556,0.2403
58,Electro,Cloud Solutions Architect,Cloud Computing,3,Essential Google Cloud Infrastructure: Foundation,4.7,0.94,Conversant,Cloud Infrastructure  private network  virtual machine  Cloud Storage  Cloud Computing  virtual private networks  Network Architecture  Cloud Platforms  architecture  Google Cloud Platform information-technology cloud-computing,0.2471,0.2323
58,Electro,Cloud Solutions Architect,Cloud Computing,4,Elastic Google Cloud Infrastructure: Scaling and Automation,4.7,0.94,Beginner,Cloud Platforms  virtual private networks  Google Cloud Platform  Cloud Computing  load balancing  build automation  deployment environment  Cloud Infrastructure  managed services  Leadership and Management information-technology cloud-computing,0.2459,0.2311
58,Electro,Cloud Solutions Architect,Cloud Computing,5,Enterprise and Infrastructure Security,4.6,0.92,Advanced,infrastructure security  critical infrastructure protection  cloud computing security  Mobile Security  payment card industry data security standard  Cloud Computing  security awareness  BlockChain  internet of things  security computer-science computer-security-and-networks,0.2341,0.2154
58,Electro,Cloud Solutions Architect,Cloud Computing,6,Reliable Google Cloud Infrastructure: Design and Process,4.7,0.94,Beginner,Google Cloud Platform  Cloud Platforms  Cloud Computing  process  security  Cloud Infrastructure  deployment environment  site reliability engineering  architecture  reliability engineering information-technology cloud-computing,0.2179,0.2048
58,Electro,Cloud Solutions Architect,Cloud Computing,7,Cloud Networking,4.4,0.88,Advanced,Network Infrastructure  distributed computing  tcp congestion control  Computer Networking  routing  Cloud Computing  Cloud Infrastructure  Python Programming  network congestion  data centers computer-science computer-security-and-networks,0.2285,0.2011
58,Electro,Cloud Solutions Architect,Cloud Computing,8,"Innovation Through Design: Think, Make, Break, Repeat",4.7,0.94,Intermediate,minimum viable product  Innovation  innovation management  thought  process  Entrepreneurship  design thinking  agile management  instructional design  project management professional business entrepreneurship,0.2071,0.1947
58,Electro,Cloud Solutions Architect,Cloud Computing,9,Prototyping and Design,4.6,0.92,Advanced,design pattern  paper prototyping  Commercial Design  user interface  interaction design  interaction design pattern  User Experience  interfaces  usability  user interface design computer-science design-and-product,0.2068,0.1903
58,Electro,Cloud Solutions Architect,Cloud Computing,10,Azure Infrastructure Fundamentals,4.2,0.84,Advanced,Microsoft Azure  Machine Learning  coroutine  openshift  sap erp  reliability engineering  archimate  BlockChain  windows services  site reliability engineering computer-science computer-security-and-networks,0.2254,0.1893
59,Sandman,Software Engineer,Software Development,1,Requirements Gathering for Secure Software Development,4.6,0.92,Beginner,software requirements  requirements analysis  requirements elicitation  software requirements specification  software  Agile Software Development  software development process  Software Engineering  requirements engineering  analysis computer-science software-development,0.331,0.3045
59,Sandman,Software Engineer,Software Development,2,Engineering Practices for Building Quality Software,4.1,0.82,Conversant,code coverage  version control systems  software project management  design pattern  software quality  Software Architecture  static analysis  software  Continuous Integration  Software Engineering computer-science software-development,0.3639,0.2984
59,Sandman,Software Engineer,Software Development,3,Agile Planning for Software Products,4.7,0.94,Advanced,Risk  Leadership and Management  Software Engineering  Planning  project  Risk Management  software  Agile Software Development  Estimation  agile management computer-science software-development,0.2975,0.2796
59,Sandman,Software Engineer,Software Development,4,Software Product Management Capstone,4.8,0.96,Advanced,Product Management  Leadership and Management  project  scrum (software development)  Project Management  software  software product management  Software Engineering  software project management  Agile Software Development computer-science design-and-product,0.2869,0.2754
59,Sandman,Software Engineer,Software Development,5,Software Development Processes and Methodologies,4.4,0.88,Advanced,waterfall model  modeling  software  scrum (software development)  methodology  process  Software Engineering  software development process  Software Testing  Agile Software Development computer-science software-development,0.3081,0.2711
59,Sandman,Software Engineer,Software Development,6,Software Processes and Agile Practices,4.7,0.94,Beginner,lean software development  process  kanban  software development process  software  Software Engineering  Leadership and Management  scrum (software development)  unified process  Agile Software Development computer-science design-and-product,0.2877,0.2704
59,Sandman,Software Engineer,Software Development,7,Software Design as an Element of the Software Development Lifecycle,4.6,0.92,Advanced,Software Architecture  software design  security  Software Testing  Software Engineering  interfaces  low-level design  software  specification (technical standard)  software development process computer-science software-development,0.2821,0.2595
59,Sandman,Software Engineer,Software Development,8,Reviews & Metrics for Software Improvements,4.6,0.92,Advanced,software metrics  software project management  scrum (software development)  Project Management  software  Leadership and Management  Software Engineering  software product management  project  Product Management computer-science design-and-product,0.2705,0.2489
59,Sandman,Software Engineer,Software Development,9,Continuous Integration,3.7,0.74,Advanced,flow network  software development process  shippable  software configuration management  euler's totient function  reusability  packaging  software project management  DevOps  Continuous Integration computer-science software-development,0.3247,0.2403
59,Sandman,Software Engineer,Software Development,10,Introduction to Software Product Management,4.6,0.92,Beginner,project  Software Engineering  Product Management  Leadership and Management  software  Agile Software Development  agile management  software product management  Planning  agile manifesto computer-science design-and-product,0.2592,0.2385
60,Mysterio,Web Developer,Web Development,1,Requirements Gathering for Secure Software Development,4.6,0.92,Beginner,software requirements  requirements analysis  requirements elicitation  software requirements specification  software  Agile Software Development  software development process  Software Engineering  requirements engineering  analysis computer-science software-development,0.2563,0.2358
60,Mysterio,Web Developer,Web Development,2,Agile Planning for Software Products,4.7,0.94,Advanced,Risk  Leadership and Management  Software Engineering  Planning  project  Risk Management  software  Agile Software Development  Estimation  agile management computer-science software-development,0.234,0.22
60,Mysterio,Web Developer,Web Development,3,Software Design as an Element of the Software Development Lifecycle,4.6,0.92,Advanced,Software Architecture  software design  security  Software Testing  Software Engineering  interfaces  low-level design  software  specification (technical standard)  software development process computer-science software-development,0.2282,0.2099
60,Mysterio,Web Developer,Web Development,4,Design Patterns,4.6,0.92,Advanced,architectural pattern  code smell  software  code refactoring  design pattern  unified modeling language  software design  chain of responsibility  factory method pattern  software design pattern computer-science software-development,0.228,0.2098
60,Mysterio,Web Developer,Web Development,5,Introduction to UI Design,4.7,0.94,Conversant,usability  user interface  experience  interfaces  evaluation  java annotation  user interface design  principle  principles of user interface design  User Experience computer-science design-and-product,0.2149,0.202
60,Mysterio,Web Developer,Web Development,6,Standardisation & Technology,4.4,0.88,Advanced,ageing  how we decide  connected car  privacy  ethics  opinion  process  Weighting  standards organization  voting business business-strategy,0.2294,0.2019
60,Mysterio,Web Developer,Web Development,7,Web Connectivity and Security in Embedded Systems,4.5,0.9,Advanced,attack model  cryptographic protocol  application layer  web service  web  link layer  wireless security  symmetric-key algorithm  application layer protocols  public-key cryptography computer-science computer-security-and-networks,0.2055,0.185
60,Mysterio,Web Developer,Web Development,8,Usable Security,4.5,0.9,Beginner,Human Computer Interaction  privacy  java annotation  user interface  Security Design  usability testing  usability  authentication  security  password computer-science computer-security-and-networks,0.2015,0.1814
60,Mysterio,Web Developer,Web Development,9,Web Application Development: Basic Concepts,4.5,0.9,Advanced,active record pattern  ruby on rails  web  Javascript  ajax (programming)  html  middleware  ruby (programming language)  Full-Stack Web Development  web application computer-science mobile-and-web-development,0.2011,0.181
60,Mysterio,Web Developer,Web Development,10,Software Development Processes and Methodologies,4.4,0.88,Advanced,waterfall model  modeling  software  scrum (software development)  methodology  process  Software Engineering  software development process  Software Testing  Agile Software Development computer-science software-development,0.1981,0.1743
61,Rhino,Mobile App Developer,Mobile App Development,1,Requirements Gathering for Secure Software Development,4.6,0.92,Beginner,software requirements  requirements analysis  requirements elicitation  software requirements specification  software  Agile Software Development  software development process  Software Engineering  requirements engineering  analysis computer-science software-development,0.3705,0.3409
61,Rhino,Mobile App Developer,Mobile App Development,2,Agile Planning for Software Products,4.7,0.94,Advanced,Risk  Leadership and Management  Software Engineering  Planning  project  Risk Management  software  Agile Software Development  Estimation  agile management computer-science software-development,0.32,0.3008
61,Rhino,Mobile App Developer,Mobile App Development,3,Reviews & Metrics for Software Improvements,4.6,0.92,Advanced,software metrics  software project management  scrum (software development)  Project Management  software  Leadership and Management  Software Engineering  software product management  project  Product Management computer-science design-and-product,0.2954,0.2718
61,Rhino,Mobile App Developer,Mobile App Development,4,Software Product Management Capstone,4.8,0.96,Advanced,Product Management  Leadership and Management  project  scrum (software development)  Project Management  software  software product management  Software Engineering  software project management  Agile Software Development computer-science design-and-product,0.2779,0.2668
61,Rhino,Mobile App Developer,Mobile App Development,5,Software Design as an Element of the Software Development Lifecycle,4.6,0.92,Advanced,Software Architecture  software design  security  Software Testing  Software Engineering  interfaces  low-level design  software  specification (technical standard)  software development process computer-science software-development,0.2781,0.2559
61,Rhino,Mobile App Developer,Mobile App Development,6,Software Security,4.6,0.92,Advanced,internet security  SQL  security  Security Software  web  buffer overflow  software  penetration test  analysis  sql injection computer-science computer-security-and-networks,0.2751,0.2531
61,Rhino,Mobile App Developer,Mobile App Development,7,Software Development Processes and Methodologies,4.4,0.88,Advanced,waterfall model  modeling  software  scrum (software development)  methodology  process  Software Engineering  software development process  Software Testing  Agile Software Development computer-science software-development,0.2836,0.2496
61,Rhino,Mobile App Developer,Mobile App Development,8,Introduction to Software Product Management,4.6,0.92,Beginner,project  Software Engineering  Product Management  Leadership and Management  software  Agile Software Development  agile management  software product management  Planning  agile manifesto computer-science design-and-product,0.2597,0.2389
61,Rhino,Mobile App Developer,Mobile App Development,9,Engineering Practices for Building Quality Software,4.1,0.82,Conversant,code coverage  version control systems  software project management  design pattern  software quality  Software Architecture  static analysis  software  Continuous Integration  Software Engineering computer-science software-development,0.2775,0.2276
61,Rhino,Mobile App Developer,Mobile App Development,10,Continuous Integration,3.7,0.74,Advanced,flow network  software development process  shippable  software configuration management  euler's totient function  reusability  packaging  software project management  DevOps  Continuous Integration computer-science software-development,0.2653,0.1963
62,Scorpion,Graphics Programmer,Computer Graphics,1,Agile Planning for Software Products,4.7,0.94,Advanced,Risk  Leadership and Management  Software Engineering  Planning  project  Risk Management  software  Agile Software Development  Estimation  agile management computer-science software-development,0.2448,0.2301
62,Scorpion,Graphics Programmer,Computer Graphics,2,Requirements Gathering for Secure Software Development,4.6,0.92,Beginner,software requirements  requirements analysis  requirements elicitation  software requirements specification  software  Agile Software Development  software development process  Software Engineering  requirements engineering  analysis computer-science software-development,0.2485,0.2286
62,Scorpion,Graphics Programmer,Computer Graphics,3,Introduction to Game Development,4.8,0.96,Beginner,game design  java annotation  Computer Programming  game development tool  user interface  game engine  unity (user interface)  programming tool  interfaces  video game development computer-science software-development,0.2138,0.2052
62,Scorpion,Graphics Programmer,Computer Graphics,4,Software Design as an Element of the Software Development Lifecycle,4.6,0.92,Advanced,Software Architecture  software design  security  Software Testing  Software Engineering  interfaces  low-level design  software  specification (technical standard)  software development process computer-science software-development,0.2172,0.1998
62,Scorpion,Graphics Programmer,Computer Graphics,5,Reviews & Metrics for Software Improvements,4.6,0.92,Advanced,software metrics  software project management  scrum (software development)  Project Management  software  Leadership and Management  Software Engineering  software product management  project  Product Management computer-science design-and-product,0.2167,0.1994
62,Scorpion,Graphics Programmer,Computer Graphics,6,Software Development Processes and Methodologies,4.4,0.88,Advanced,waterfall model  modeling  software  scrum (software development)  methodology  process  Software Engineering  software development process  Software Testing  Agile Software Development computer-science software-development,0.2256,0.1985
62,Scorpion,Graphics Programmer,Computer Graphics,7,Engineering Practices for Building Quality Software,4.1,0.82,Conversant,code coverage  version control systems  software project management  design pattern  software quality  Software Architecture  static analysis  software  Continuous Integration  Software Engineering computer-science software-development,0.2254,0.1848
62,Scorpion,Graphics Programmer,Computer Graphics,8,Software Security,4.6,0.92,Advanced,internet security  SQL  security  Security Software  web  buffer overflow  software  penetration test  analysis  sql injection computer-science computer-security-and-networks,0.1952,0.1796
62,Scorpion,Graphics Programmer,Computer Graphics,9,Continuous Integration,3.7,0.74,Advanced,flow network  software development process  shippable  software configuration management  euler's totient function  reusability  packaging  software project management  DevOps  Continuous Integration computer-science software-development,0.2342,0.1733
62,Scorpion,Graphics Programmer,Computer Graphics,10,Lean Software Development,4.2,0.84,Advanced,process  Mobile Development  software  Agile Software Development  value stream mapping  software development process  Software Testing  Software Engineering  scrum (software development)  lean software development computer-science software-development,0.1989,0.1671
63,Vulture,NLP Research Scientist,Artificial Intelligence,1,Introduction to Applied Machine Learning,4.7,0.94,Intermediate,Algorithms  Machine Learning Algorithms  Applied Machine Learning  Test Set  Machine Learning  ordered pair  Training  Human Learning  Deep Learning  business requirements data-science machine-learning,0.3264,0.3068
63,Vulture,NLP Research Scientist,Artificial Intelligence,2,Machine Learning With Big Data,4.6,0.92,Beginner,statistical classification  knime  data clustering algorithms  Human Learning  analysis  Algorithms  Apache Spark  cluster analysis  Machine Learning  Apache data-science machine-learning,0.3148,0.2896
63,Vulture,NLP Research Scientist,Artificial Intelligence,3,Machine Learning Foundations: A Case Study Approach,4.5,0.9,Conversant,Human Learning  Regression  Machine Learning  Graphlab  statistical classification  linearity  Algorithms  Computer Programming  Python Programming  analysis data-science machine-learning,0.313,0.2817
63,Vulture,NLP Research Scientist,Artificial Intelligence,4,Research for Impact,4.9,0.98,Intermediate,experience  knowledge-based systems  Strategic Partnerships  research methods  evaluation  climate change  sustainability  strategic communication  wicked problem  Communication social-sciences governance-and-society,0.2825,0.2768
63,Vulture,NLP Research Scientist,Artificial Intelligence,5,Being a researcher (in Information Science and Technology),4.8,0.96,Advanced,Laboratory Research  physics  window blind  physics experiments  pharmacy  medical laboratory  pharmacology  Scientific Analysis  research methods  robotics physical-science-and-engineering research-methods,0.2843,0.2729
63,Vulture,NLP Research Scientist,Artificial Intelligence,6,Machine Learning for Data Analysis,4.2,0.84,Intermediate,Algorithms  Data Analysis  numbers (spreadsheet)  evaluation  Machine Learning  Regression  Dependent And Independent Variables  Human Learning  Regression Analysis  decision tree data-science machine-learning,0.3211,0.2697
63,Vulture,NLP Research Scientist,Artificial Intelligence,7,Machine Learning for All,4.7,0.94,Conversant,robotics  Machine Learning  Artificial Neural Networks  Training  Algorithms  Tensorflow  statistical classification  modeling  Human Learning  Deep Learning computer-science software-development,0.2726,0.2562
63,Vulture,NLP Research Scientist,Artificial Intelligence,8,Introduction to Research for Essay Writing,4.7,0.94,Intermediate,language  linguistics  Writing  english language  formal language  english grammar  academic writing  sources  Note Taking  essay writing arts-and-humanities music-and-art,0.2638,0.248
63,Vulture,NLP Research Scientist,Artificial Intelligence,9,Machine Learning with Python,4.6,0.92,Beginner,Logistic Regression  Algorithms  Human Learning  data clustering algorithms  Machine Learning  statistical classification  classification algorithms  Regression  Computer Programming  Python Programming data-science machine-learning,0.2652,0.244
63,Vulture,NLP Research Scientist,Artificial Intelligence,10,Developing AI Applications on Azure,4.3,0.86,Beginner,Machine Learning  web service  workspace  Training  Computer Programming  Microsoft Azure  Python Programming  Computer Vision  Human Learning  application programming interfaces data-science machine-learning,0.2658,0.2286
64,Shocker,Data Scientist,Data Science,1,Introduction to Data Analytics,4.7,0.94,Advanced,analytics  Data Analysis  physics  Exploratory Data Analysis  business analytics  Python Programming  quality control  Data Science  SQL  Business Analysis data-science data-analysis,0.4604,0.4328
64,Shocker,Data Scientist,Data Science,2,Machine Learning With Big Data,4.6,0.92,Beginner,statistical classification  knime  data clustering algorithms  Human Learning  analysis  Algorithms  Apache Spark  cluster analysis  Machine Learning  Apache data-science machine-learning,0.4529,0.4167
64,Shocker,Data Scientist,Data Science,3,Data Science for Business Innovation,4.2,0.84,Advanced,statistical classification  Machine Learning  Big Data  Data Analysis  linear regression  recommender systems  linearity  analysis  Computer Programming  Machine Learning Algorithms data-science data-analysis,0.4308,0.3619
64,Shocker,Data Scientist,Data Science,4,Code Free Data Science,4.3,0.86,Beginner,analytics  knime  download  decision tree  Machine Learning  Data Manipulation  Data Mining  data clustering algorithms  Microsoft Excel  modeling data-science machine-learning,0.4036,0.3471
64,Shocker,Data Scientist,Data Science,5,Machine Learning for Accounting with Python,4.5,0.9,Advanced,statistical classification  Regression  mathematical optimization  Python Programming  decision tree  Document Classification  n-gram  Machine Learning  Algorithms  hyperparameter data-science machine-learning,0.3759,0.3383
64,Shocker,Data Scientist,Data Science,6,Business Analytics Executive Overview,4.5,0.9,Beginner,Data Visualization  quantum computing  business analytics  Recruitment  analytics  Closed-Form Expression  Chart  Business Intelligence  euler's totient function  Data Warehousing business leadership-and-management,0.3687,0.3318
64,Shocker,Data Scientist,Data Science,7,Communicating Business Analytics Results,4.4,0.88,Advanced,Strategy  Communication  business analytics  analytics  analysis  presentation  Data Analysis  graphs  measurement  Data Visualization data-science data-analysis,0.3702,0.3258
64,Shocker,Data Scientist,Data Science,8,Introduction to Business Analytics with R,4.4,0.88,Advanced,lecture  rstudio  business analytics  software  R Programming  Data Analysis  Exploratory Data Analysis  applied statistics  utility  analytics business business-essentials,0.3666,0.3226
64,Shocker,Data Scientist,Data Science,9,Basic Data Processing and Visualization,4.2,0.84,Advanced,software  jpeg  Outlier  Python Programming  Data Visualization  Numpy  predictive analytics  Big Data  python libraries  json data-science data-analysis,0.3706,0.3113
64,Shocker,Data Scientist,Data Science,10,Accounting Data Analytics with Python,3.6,0.72,Advanced,data type  relational database management system  Numpy  Basic Descriptive Statistics  Data Structures  Python Programming  Databases  SQL  euler's totient function  jpeg data-science data-analysis,0.3794,0.2732
65,Kraven the Hunter,Information Security Analyst,Cybersecurity,1,Security Operations and Administration,4.7,0.94,Advanced,configuration management  separation of duties  key (cryptography)  Security Operations  security awareness  Software Engineering  owasp  management process  security  release management information-technology security,0.5448,0.5121
65,Kraven the Hunter,Information Security Analyst,Cybersecurity,2,Information Security: Context and Introduction,4.6,0.92,Beginner,Cryptography  Leadership and Management  security management  information security  Network Security  security  encryption  incident management  authorization  Risk computer-science computer-security-and-networks,0.5176,0.4762
65,Kraven the Hunter,Information Security Analyst,Cybersecurity,3,Protecting Cloud Architecture with Alibaba Cloud,4.9,0.98,Beginner,performance  wi-fi  encryption  data security  wireless network interface controller  index  security  Switches  web  history computer-science software-development,0.4342,0.4255
65,Kraven the Hunter,Information Security Analyst,Cybersecurity,4,Networks and Communications Security,4.7,0.94,Advanced,sublayer  virtual circuit  security  virtual lan  wireless  fibre channel over ethernet  virtual private lan service  domain name system  control plane  data link layer information-technology security,0.4237,0.3983
65,Kraven the Hunter,Information Security Analyst,Cybersecurity,5,Cloud Security Basics,4.7,0.94,Advanced,separation of duties  protocol stack  cloud computing security  trust boundary  attack surface  cryptographic protocol  security  Network Security  Cloud Computing  public key certificate information-technology cloud-computing,0.4075,0.383
65,Kraven the Hunter,Information Security Analyst,Cybersecurity,6,Enterprise and Infrastructure Security,4.6,0.92,Advanced,infrastructure security  critical infrastructure protection  cloud computing security  Mobile Security  payment card industry data security standard  Cloud Computing  security awareness  BlockChain  internet of things  security computer-science computer-security-and-networks,0.406,0.3735
65,Kraven the Hunter,Information Security Analyst,Cybersecurity,7,IT Security: Defense against the digital dark arts,4.7,0.94,Beginner,wireless  wireless security  authentication  encryption  information security  Network Security  Cryptography  security  System Security  network monitoring information-technology security,0.3857,0.3626
65,Kraven the Hunter,Information Security Analyst,Cybersecurity,8,Systems and Application Security,4.8,0.96,Advanced,virtual machine  encryption  process  privacy  software  malware  Cloud Computing  Leadership and Management  security  cloud computing security information-technology security,0.3671,0.3524
65,Kraven the Hunter,Information Security Analyst,Cybersecurity,9,Security Awareness Training,4.7,0.94,Beginner,security  security management  multi-factor authentication  security question  awareness  malware  security awareness  authentication  password  Mobile Security information-technology security,0.3446,0.3239
65,Kraven the Hunter,Information Security Analyst,Cybersecurity,10,The Business of Cybersecurity Capstone,4.8,0.96,Advanced,Risk  Leadership and Management  performance measurement  security management  security  information security  contingency plan  Risk Management  Computer Security Incident Management  Strategy computer-science computer-security-and-networks,0.332,0.3187
66,Green Goblin,Database Administrator,Database Management,1,Create Relational Database Tables Using SQLiteStudio,4.7,0.94,Beginner,database management systems  Databases  web browsers  BlockChain  relational database  sqlite  web  Average  SQL  table (database) information-technology data-management,0.3867,0.3635
66,Green Goblin,Database Administrator,Database Management,2,Creating Database Tables with SQL,4.6,0.92,Beginner,SQL  HTML5  mysql  database management systems  Database Design  relational database  table (database)  Accuracy And Precision  Databases  data retrieval information-technology data-management,0.371,0.3413
66,Green Goblin,Database Administrator,Database Management,3,Retrieve Data using Single-Table SQL Queries,4.6,0.92,Beginner,Data Analysis  select (sql)  database management systems  online shopping  table (database)  data retrieval  Databases  web page  numbers (spreadsheet)  SQL information-technology data-management,0.3694,0.3398
66,Green Goblin,Database Administrator,Database Management,4,Introduction to Data Analytics,4.7,0.94,Advanced,analytics  Data Analysis  physics  Exploratory Data Analysis  business analytics  Python Programming  quality control  Data Science  SQL  Business Analysis data-science data-analysis,0.3514,0.3303
66,Green Goblin,Database Administrator,Database Management,5,Relational Database Support for Data Warehouses,4.6,0.92,Advanced,data integration  data governance  null coalescing operator  Business Intelligence  SQL  modulo operation  Databases  relational database  ternary conditional operator  Data Warehousing data-science data-analysis,0.3531,0.3249
66,Green Goblin,Database Administrator,Database Management,6,Build a Database from a Relational Model,4.8,0.96,Beginner,Database Design  relational database  Databases  ordered pair  Data Model  test data  database management systems  relational model  graphical model  unique key information-technology data-management,0.3265,0.3134
66,Green Goblin,Database Administrator,Database Management,7,Manipulating Data with SQL,4.6,0.92,Beginner,system u  table (database)  relational database  database management systems  Databases  Database Design  SQL  Rowing  data retrieval  unique key information-technology data-management,0.3207,0.295
66,Green Goblin,Database Administrator,Database Management,8,Research Data Management and Sharing,4.7,0.94,Intermediate,enabling  document management systems  Strategy  Data Management  confidentiality  research data archiving  metadata  Planning  data file  Leadership and Management data-science data-analysis,0.3133,0.2945
66,Green Goblin,Database Administrator,Database Management,9,Big Data Modeling and Management Systems,4.4,0.88,Intermediate,Databases  analytics  graphs  Data Structures  Big Data Analytics  Data Management  Big Data  Data Model  Leadership and Management  modeling data-science data-analysis,0.3104,0.2732
66,Green Goblin,Database Administrator,Database Management,10,Database Design and Diagramming in Dia,4.6,0.92,Beginner,data retrieval  Databases  requirements analysis  relational database  table (database)  user requirements document  entity relationship model  Database Design  process  database management systems information-technology data-management,0.296,0.2723
67,Doctor Octopus,Cloud Solutions Architect,Cloud Computing,1,System Administration and IT Infrastructure Services,4.7,0.94,Conversant,disaster  directory services  lightweight directory access protocol  Cloud Computing  backup  directory access protocol  Planning  lightweight  Server Systems  infrastructure as a service information-technology support-and-operations,0.2759,0.2593
67,Doctor Octopus,Cloud Solutions Architect,Cloud Computing,2,Essential Google Cloud Infrastructure: Core Services,4.7,0.94,Conversant,Leadership and Management  bigquery  Cloud Infrastructure  identity management  Cloud Platforms  Cloud Computing  network monitoring  Google Cloud Platform  Cloud Storage  resource information-technology cloud-computing,0.2556,0.2403
67,Doctor Octopus,Cloud Solutions Architect,Cloud Computing,3,Essential Google Cloud Infrastructure: Foundation,4.7,0.94,Conversant,Cloud Infrastructure  private network  virtual machine  Cloud Storage  Cloud Computing  virtual private networks  Network Architecture  Cloud Platforms  architecture  Google Cloud Platform information-technology cloud-computing,0.2471,0.2323
67,Doctor Octopus,Cloud Solutions Architect,Cloud Computing,4,Elastic Google Cloud Infrastructure: Scaling and Automation,4.7,0.94,Beginner,Cloud Platforms  virtual private networks  Google Cloud Platform  Cloud Computing  load balancing  build automation  deployment environment  Cloud Infrastructure  managed services  Leadership and Management information-technology cloud-computing,0.2459,0.2311
67,Doctor Octopus,Cloud Solutions Architect,Cloud Computing,5,Enterprise and Infrastructure Security,4.6,0.92,Advanced,infrastructure security  critical infrastructure protection  cloud computing security  Mobile Security  payment card industry data security standard  Cloud Computing  security awareness  BlockChain  internet of things  security computer-science computer-security-and-networks,0.2341,0.2154
67,Doctor Octopus,Cloud Solutions Architect,Cloud Computing,6,Reliable Google Cloud Infrastructure: Design and Process,4.7,0.94,Beginner,Google Cloud Platform  Cloud Platforms  Cloud Computing  process  security  Cloud Infrastructure  deployment environment  site reliability engineering  architecture  reliability engineering information-technology cloud-computing,0.2179,0.2048
67,Doctor Octopus,Cloud Solutions Architect,Cloud Computing,7,Cloud Networking,4.4,0.88,Advanced,Network Infrastructure  distributed computing  tcp congestion control  Computer Networking  routing  Cloud Computing  Cloud Infrastructure  Python Programming  network congestion  data centers computer-science computer-security-and-networks,0.2285,0.2011
67,Doctor Octopus,Cloud Solutions Architect,Cloud Computing,8,"Innovation Through Design: Think, Make, Break, Repeat",4.7,0.94,Intermediate,minimum viable product  Innovation  innovation management  thought  process  Entrepreneurship  design thinking  agile management  instructional design  project management professional business entrepreneurship,0.2071,0.1947
67,Doctor Octopus,Cloud Solutions Architect,Cloud Computing,9,Prototyping and Design,4.6,0.92,Advanced,design pattern  paper prototyping  Commercial Design  user interface  interaction design  interaction design pattern  User Experience  interfaces  usability  user interface design computer-science design-and-product,0.2068,0.1903
67,Doctor Octopus,Cloud Solutions Architect,Cloud Computing,10,Azure Infrastructure Fundamentals,4.2,0.84,Advanced,Microsoft Azure  Machine Learning  coroutine  openshift  sap erp  reliability engineering  archimate  BlockChain  windows services  site reliability engineering computer-science computer-security-and-networks,0.2254,0.1893
68,Morbius,Software Engineer,Software Development,1,Requirements Gathering for Secure Software Development,4.6,0.92,Beginner,software requirements  requirements analysis  requirements elicitation  software requirements specification  software  Agile Software Development  software development process  Software Engineering  requirements engineering  analysis computer-science software-development,0.331,0.3045
68,Morbius,Software Engineer,Software Development,2,Engineering Practices for Building Quality Software,4.1,0.82,Conversant,code coverage  version control systems  software project management  design pattern  software quality  Software Architecture  static analysis  software  Continuous Integration  Software Engineering computer-science software-development,0.3639,0.2984
68,Morbius,Software Engineer,Software Development,3,Agile Planning for Software Products,4.7,0.94,Advanced,Risk  Leadership and Management  Software Engineering  Planning  project  Risk Management  software  Agile Software Development  Estimation  agile management computer-science software-development,0.2975,0.2796
68,Morbius,Software Engineer,Software Development,4,Software Product Management Capstone,4.8,0.96,Advanced,Product Management  Leadership and Management  project  scrum (software development)  Project Management  software  software product management  Software Engineering  software project management  Agile Software Development computer-science design-and-product,0.2869,0.2754
68,Morbius,Software Engineer,Software Development,5,Software Development Processes and Methodologies,4.4,0.88,Advanced,waterfall model  modeling  software  scrum (software development)  methodology  process  Software Engineering  software development process  Software Testing  Agile Software Development computer-science software-development,0.3081,0.2711
68,Morbius,Software Engineer,Software Development,6,Software Processes and Agile Practices,4.7,0.94,Beginner,lean software development  process  kanban  software development process  software  Software Engineering  Leadership and Management  scrum (software development)  unified process  Agile Software Development computer-science design-and-product,0.2877,0.2704
68,Morbius,Software Engineer,Software Development,7,Software Design as an Element of the Software Development Lifecycle,4.6,0.92,Advanced,Software Architecture  software design  security  Software Testing  Software Engineering  interfaces  low-level design  software  specification (technical standard)  software development process computer-science software-development,0.2821,0.2595
68,Morbius,Software Engineer,Software Development,8,Reviews & Metrics for Software Improvements,4.6,0.92,Advanced,software metrics  software project management  scrum (software development)  Project Management  software  Leadership and Management  Software Engineering  software product management  project  Product Management computer-science design-and-product,0.2705,0.2489
68,Morbius,Software Engineer,Software Development,9,Continuous Integration,3.7,0.74,Advanced,flow network  software development process  shippable  software configuration management  euler's totient function  reusability  packaging  software project management  DevOps  Continuous Integration computer-science software-development,0.3247,0.2403
68,Morbius,Software Engineer,Software Development,10,Introduction to Software Product Management,4.6,0.92,Beginner,project  Software Engineering  Product Management  Leadership and Management  software  Agile Software Development  agile management  software product management  Planning  agile manifesto computer-science design-and-product,0.2592,0.2385
69,Lizard,Web Developer,Web Development,1,Requirements Gathering for Secure Software Development,4.6,0.92,Beginner,software requirements  requirements analysis  requirements elicitation  software requirements specification  software  Agile Software Development  software development process  Software Engineering  requirements engineering  analysis computer-science software-development,0.2563,0.2358
69,Lizard,Web Developer,Web Development,2,Agile Planning for Software Products,4.7,0.94,Advanced,Risk  Leadership and Management  Software Engineering  Planning  project  Risk Management  software  Agile Software Development  Estimation  agile management computer-science software-development,0.234,0.22
69,Lizard,Web Developer,Web Development,3,Software Design as an Element of the Software Development Lifecycle,4.6,0.92,Advanced,Software Architecture  software design  security  Software Testing  Software Engineering  interfaces  low-level design  software  specification (technical standard)  software development process computer-science software-development,0.2282,0.2099
69,Lizard,Web Developer,Web Development,4,Design Patterns,4.6,0.92,Advanced,architectural pattern  code smell  software  code refactoring  design pattern  unified modeling language  software design  chain of responsibility  factory method pattern  software design pattern computer-science software-development,0.228,0.2098
69,Lizard,Web Developer,Web Development,5,Introduction to UI Design,4.7,0.94,Conversant,usability  user interface  experience  interfaces  evaluation  java annotation  user interface design  principle  principles of user interface design  User Experience computer-science design-and-product,0.2149,0.202
69,Lizard,Web Developer,Web Development,6,Standardisation & Technology,4.4,0.88,Advanced,ageing  how we decide  connected car  privacy  ethics  opinion  process  Weighting  standards organization  voting business business-strategy,0.2294,0.2019
69,Lizard,Web Developer,Web Development,7,Web Connectivity and Security in Embedded Systems,4.5,0.9,Advanced,attack model  cryptographic protocol  application layer  web service  web  link layer  wireless security  symmetric-key algorithm  application layer protocols  public-key cryptography computer-science computer-security-and-networks,0.2055,0.185
69,Lizard,Web Developer,Web Development,8,Usable Security,4.5,0.9,Beginner,Human Computer Interaction  privacy  java annotation  user interface  Security Design  usability testing  usability  authentication  security  password computer-science computer-security-and-networks,0.2015,0.1814
69,Lizard,Web Developer,Web Development,9,Web Application Development: Basic Concepts,4.5,0.9,Advanced,active record pattern  ruby on rails  web  Javascript  ajax (programming)  html  middleware  ruby (programming language)  Full-Stack Web Development  web application computer-science mobile-and-web-development,0.2011,0.181
69,Lizard,Web Developer,Web Development,10,Software Development Processes and Methodologies,4.4,0.88,Advanced,waterfall model  modeling  software  scrum (software development)  methodology  process  Software Engineering  software development process  Software Testing  Agile Software Development computer-science software-development,0.1981,0.1743
70,Hydro-Man,Mobile App Developer,Mobile App Development,1,Requirements Gathering for Secure Software Development,4.6,0.92,Beginner,software requirements  requirements analysis  requirements elicitation  software requirements specification  software  Agile Software Development  software development process  Software Engineering  requirements engineering  analysis computer-science software-development,0.3705,0.3409
70,Hydro-Man,Mobile App Developer,Mobile App Development,2,Agile Planning for Software Products,4.7,0.94,Advanced,Risk  Leadership and Management  Software Engineering  Planning  project  Risk Management  software  Agile Software Development  Estimation  agile management computer-science software-development,0.32,0.3008
70,Hydro-Man,Mobile App Developer,Mobile App Development,3,Reviews & Metrics for Software Improvements,4.6,0.92,Advanced,software metrics  software project management  scrum (software development)  Project Management  software  Leadership and Management  Software Engineering  software product management  project  Product Management computer-science design-and-product,0.2954,0.2718
70,Hydro-Man,Mobile App Developer,Mobile App Development,4,Software Product Management Capstone,4.8,0.96,Advanced,Product Management  Leadership and Management  project  scrum (software development)  Project Management  software  software product management  Software Engineering  software project management  Agile Software Development computer-science design-and-product,0.2779,0.2668
70,Hydro-Man,Mobile App Developer,Mobile App Development,5,Software Design as an Element of the Software Development Lifecycle,4.6,0.92,Advanced,Software Architecture  software design  security  Software Testing  Software Engineering  interfaces  low-level design  software  specification (technical standard)  software development process computer-science software-development,0.2781,0.2559
70,Hydro-Man,Mobile App Developer,Mobile App Development,6,Software Security,4.6,0.92,Advanced,internet security  SQL  security  Security Software  web  buffer overflow  software  penetration test  analysis  sql injection computer-science computer-security-and-networks,0.2751,0.2531
70,Hydro-Man,Mobile App Developer,Mobile App Development,7,Software Development Processes and Methodologies,4.4,0.88,Advanced,waterfall model  modeling  software  scrum (software development)  methodology  process  Software Engineering  software development process  Software Testing  Agile Software Development computer-science software-development,0.2836,0.2496
70,Hydro-Man,Mobile App Developer,Mobile App Development,8,Introduction to Software Product Management,4.6,0.92,Beginner,project  Software Engineering  Product Management  Leadership and Management  software  Agile Software Development  agile management  software product management  Planning  agile manifesto computer-science design-and-product,0.2597,0.2389
70,Hydro-Man,Mobile App Developer,Mobile App Development,9,Engineering Practices for Building Quality Software,4.1,0.82,Conversant,code coverage  version control systems  software project management  design pattern  software quality  Software Architecture  static analysis  software  Continuous Integration  Software Engineering computer-science software-development,0.2775,0.2276
70,Hydro-Man,Mobile App Developer,Mobile App Development,10,Continuous Integration,3.7,0.74,Advanced,flow network  software development process  shippable  software configuration management  euler's totient function  reusability  packaging  software project management  DevOps  Continuous Integration computer-science software-development,0.2653,0.1963
71,Kingpin,Graphics Programmer,Computer Graphics,1,Agile Planning for Software Products,4.7,0.94,Advanced,Risk  Leadership and Management  Software Engineering  Planning  project  Risk Management  software  Agile Software Development  Estimation  agile management computer-science software-development,0.2448,0.2301
71,Kingpin,Graphics Programmer,Computer Graphics,2,Requirements Gathering for Secure Software Development,4.6,0.92,Beginner,software requirements  requirements analysis  requirements elicitation  software requirements specification  software  Agile Software Development  software development process  Software Engineering  requirements engineering  analysis computer-science software-development,0.2485,0.2286
71,Kingpin,Graphics Programmer,Computer Graphics,3,Introduction to Game Development,4.8,0.96,Beginner,game design  java annotation  Computer Programming  game development tool  user interface  game engine  unity (user interface)  programming tool  interfaces  video game development computer-science software-development,0.2138,0.2052
71,Kingpin,Graphics Programmer,Computer Graphics,4,Software Design as an Element of the Software Development Lifecycle,4.6,0.92,Advanced,Software Architecture  software design  security  Software Testing  Software Engineering  interfaces  low-level design  software  specification (technical standard)  software development process computer-science software-development,0.2172,0.1998
71,Kingpin,Graphics Programmer,Computer Graphics,5,Reviews & Metrics for Software Improvements,4.6,0.92,Advanced,software metrics  software project management  scrum (software development)  Project Management  software  Leadership and Management  Software Engineering  software product management  project  Product Management computer-science design-and-product,0.2167,0.1994
71,Kingpin,Graphics Programmer,Computer Graphics,6,Software Development Processes and Methodologies,4.4,0.88,Advanced,waterfall model  modeling  software  scrum (software development)  methodology  process  Software Engineering  software development process  Software Testing  Agile Software Development computer-science software-development,0.2256,0.1985
71,Kingpin,Graphics Programmer,Computer Graphics,7,Engineering Practices for Building Quality Software,4.1,0.82,Conversant,code coverage  version control systems  software project management  design pattern  software quality  Software Architecture  static analysis  software  Continuous Integration  Software Engineering computer-science software-development,0.2254,0.1848
71,Kingpin,Graphics Programmer,Computer Graphics,8,Software Security,4.6,0.92,Advanced,internet security  SQL  security  Security Software  web  buffer overflow  software  penetration test  analysis  sql injection computer-science computer-security-and-networks,0.1952,0.1796
71,Kingpin,Graphics Programmer,Computer Graphics,9,Continuous Integration,3.7,0.74,Advanced,flow network  software development process  shippable  software configuration management  euler's totient function  reusability  packaging  software project management  DevOps  Continuous Integration computer-science software-development,0.2342,0.1733
71,Kingpin,Graphics Programmer,Computer Graphics,10,Lean Software Development,4.2,0.84,Advanced,process  Mobile Development  software  Agile Software Development  value stream mapping  software development process  Software Testing  Software Engineering  scrum (software development)  lean software development computer-science software-development,0.1989,0.1671
72,Taskmaster,NLP Research Scientist,Artificial Intelligence,1,Introduction to Applied Machine Learning,4.7,0.94,Intermediate,Algorithms  Machine Learning Algorithms  Applied Machine Learning  Test Set  Machine Learning  ordered pair  Training  Human Learning  Deep Learning  business requirements data-science machine-learning,0.3264,0.3068
72,Taskmaster,NLP Research Scientist,Artificial Intelligence,2,Machine Learning With Big Data,4.6,0.92,Beginner,statistical classification  knime  data clustering algorithms  Human Learning  analysis  Algorithms  Apache Spark  cluster analysis  Machine Learning  Apache data-science machine-learning,0.3148,0.2896
72,Taskmaster,NLP Research Scientist,Artificial Intelligence,3,Machine Learning Foundations: A Case Study Approach,4.5,0.9,Conversant,Human Learning  Regression  Machine Learning  Graphlab  statistical classification  linearity  Algorithms  Computer Programming  Python Programming  analysis data-science machine-learning,0.313,0.2817
72,Taskmaster,NLP Research Scientist,Artificial Intelligence,4,Research for Impact,4.9,0.98,Intermediate,experience  knowledge-based systems  Strategic Partnerships  research methods  evaluation  climate change  sustainability  strategic communication  wicked problem  Communication social-sciences governance-and-society,0.2825,0.2768
72,Taskmaster,NLP Research Scientist,Artificial Intelligence,5,Being a researcher (in Information Science and Technology),4.8,0.96,Advanced,Laboratory Research  physics  window blind  physics experiments  pharmacy  medical laboratory  pharmacology  Scientific Analysis  research methods  robotics physical-science-and-engineering research-methods,0.2843,0.2729
72,Taskmaster,NLP Research Scientist,Artificial Intelligence,6,Machine Learning for Data Analysis,4.2,0.84,Intermediate,Algorithms  Data Analysis  numbers (spreadsheet)  evaluation  Machine Learning  Regression  Dependent And Independent Variables  Human Learning  Regression Analysis  decision tree data-science machine-learning,0.3211,0.2697
72,Taskmaster,NLP Research Scientist,Artificial Intelligence,7,Machine Learning for All,4.7,0.94,Conversant,robotics  Machine Learning  Artificial Neural Networks  Training  Algorithms  Tensorflow  statistical classification  modeling  Human Learning  Deep Learning computer-science software-development,0.2726,0.2562
72,Taskmaster,NLP Research Scientist,Artificial Intelligence,8,Introduction to Research for Essay Writing,4.7,0.94,Intermediate,language  linguistics  Writing  english language  formal language  english grammar  academic writing  sources  Note Taking  essay writing arts-and-humanities music-and-art,0.2638,0.248
72,Taskmaster,NLP Research Scientist,Artificial Intelligence,9,Machine Learning with Python,4.6,0.92,Beginner,Logistic Regression  Algorithms  Human Learning  data clustering algorithms  Machine Learning  statistical classification  classification algorithms  Regression  Computer Programming  Python Programming data-science machine-learning,0.2652,0.244
72,Taskmaster,NLP Research Scientist,Artificial Intelligence,10,Developing AI Applications on Azure,4.3,0.86,Beginner,Machine Learning  web service  workspace  Training  Computer Programming  Microsoft Azure  Python Programming  Computer Vision  Human Learning  application programming interfaces data-science machine-learning,0.2658,0.2286
73,MODOK,Data Scientist,Data Science,1,Introduction to Data Analytics,4.7,0.94,Advanced,analytics  Data Analysis  physics  Exploratory Data Analysis  business analytics  Python Programming  quality control  Data Science  SQL  Business Analysis data-science data-analysis,0.4604,0.4328
73,MODOK,Data Scientist,Data Science,2,Machine Learning With Big Data,4.6,0.92,Beginner,statistical classification  knime  data clustering algorithms  Human Learning  analysis  Algorithms  Apache Spark  cluster analysis  Machine Learning  Apache data-science machine-learning,0.4529,0.4167
73,MODOK,Data Scientist,Data Science,3,Data Science for Business Innovation,4.2,0.84,Advanced,statistical classification  Machine Learning  Big Data  Data Analysis  linear regression  recommender systems  linearity  analysis  Computer Programming  Machine Learning Algorithms data-science data-analysis,0.4308,0.3619
73,MODOK,Data Scientist,Data Science,4,Code Free Data Science,4.3,0.86,Beginner,analytics  knime  download  decision tree  Machine Learning  Data Manipulation  Data Mining  data clustering algorithms  Microsoft Excel  modeling data-science machine-learning,0.4036,0.3471
73,MODOK,Data Scientist,Data Science,5,Machine Learning for Accounting with Python,4.5,0.9,Advanced,statistical classification  Regression  mathematical optimization  Python Programming  decision tree  Document Classification  n-gram  Machine Learning  Algorithms  hyperparameter data-science machine-learning,0.3759,0.3383
73,MODOK,Data Scientist,Data Science,6,Business Analytics Executive Overview,4.5,0.9,Beginner,Data Visualization  quantum computing  business analytics  Recruitment  analytics  Closed-Form Expression  Chart  Business Intelligence  euler's totient function  Data Warehousing business leadership-and-management,0.3687,0.3318
73,MODOK,Data Scientist,Data Science,7,Communicating Business Analytics Results,4.4,0.88,Advanced,Strategy  Communication  business analytics  analytics  analysis  presentation  Data Analysis  graphs  measurement  Data Visualization data-science data-analysis,0.3702,0.3258
73,MODOK,Data Scientist,Data Science,8,Introduction to Business Analytics with R,4.4,0.88,Advanced,lecture  rstudio  business analytics  software  R Programming  Data Analysis  Exploratory Data Analysis  applied statistics  utility  analytics business business-essentials,0.3666,0.3226
73,MODOK,Data Scientist,Data Science,9,Basic Data Processing and Visualization,4.2,0.84,Advanced,software  jpeg  Outlier  Python Programming  Data Visualization  Numpy  predictive analytics  Big Data  python libraries  json data-science data-analysis,0.3706,0.3113
73,MODOK,Data Scientist,Data Science,10,Accounting Data Analytics with Python,3.6,0.72,Advanced,data type  relational database management system  Numpy  Basic Descriptive Statistics  Data Structures  Python Programming  Databases  SQL  euler's totient function  jpeg data-science data-analysis,0.3794,0.2732
74,AIM,Information Security Analyst,Cybersecurity,1,Security Operations and Administration,4.7,0.94,Advanced,configuration management  separation of duties  key (cryptography)  Security Operations  security awareness  Software Engineering  owasp  management process  security  release management information-technology security,0.5448,0.5121
74,AIM,Information Security Analyst,Cybersecurity,2,Information Security: Context and Introduction,4.6,0.92,Beginner,Cryptography  Leadership and Management  security management  information security  Network Security  security  encryption  incident management  authorization  Risk computer-science computer-security-and-networks,0.5176,0.4762
74,AIM,Information Security Analyst,Cybersecurity,3,Protecting Cloud Architecture with Alibaba Cloud,4.9,0.98,Beginner,performance  wi-fi  encryption  data security  wireless network interface controller  index  security  Switches  web  history computer-science software-development,0.4342,0.4255
74,AIM,Information Security Analyst,Cybersecurity,4,Networks and Communications Security,4.7,0.94,Advanced,sublayer  virtual circuit  security  virtual lan  wireless  fibre channel over ethernet  virtual private lan service  domain name system  control plane  data link layer information-technology security,0.4237,0.3983
74,AIM,Information Security Analyst,Cybersecurity,5,Cloud Security Basics,4.7,0.94,Advanced,separation of duties  protocol stack  cloud computing security  trust boundary  attack surface  cryptographic protocol  security  Network Security  Cloud Computing  public key certificate information-technology cloud-computing,0.4075,0.383
74,AIM,Information Security Analyst,Cybersecurity,6,Enterprise and Infrastructure Security,4.6,0.92,Advanced,infrastructure security  critical infrastructure protection  cloud computing security  Mobile Security  payment card industry data security standard  Cloud Computing  security awareness  BlockChain  internet of things  security computer-science computer-security-and-networks,0.406,0.3735
74,AIM,Information Security Analyst,Cybersecurity,7,IT Security: Defense against the digital dark arts,4.7,0.94,Beginner,wireless  wireless security  authentication  encryption  information security  Network Security  Cryptography  security  System Security  network monitoring information-technology security,0.3857,0.3626
74,AIM,Information Security Analyst,Cybersecurity,8,Systems and Application Security,4.8,0.96,Advanced,virtual machine  encryption  process  privacy  software  malware  Cloud Computing  Leadership and Management  security  cloud computing security information-technology security,0.3671,0.3524
74,AIM,Information Security Analyst,Cybersecurity,9,Security Awareness Training,4.7,0.94,Beginner,security  security management  multi-factor authentication  security question  awareness  malware  security awareness  authentication  password  Mobile Security information-technology security,0.3446,0.3239
74,AIM,Information Security Analyst,Cybersecurity,10,The Business of Cybersecurity Capstone,4.8,0.96,Advanced,Risk  Leadership and Management  performance measurement  security management  security  information security  contingency plan  Risk Management  Computer Security Incident Management  Strategy computer-science computer-security-and-networks,0.332,0.3187
75,Hydra,Database Administrator,Database Management,1,Create Relational Database Tables Using SQLiteStudio,4.7,0.94,Beginner,database management systems  Databases  web browsers  BlockChain  relational database  sqlite  web  Average  SQL  table (database) information-technology data-management,0.3867,0.3635
75,Hydra,Database Administrator,Database Management,2,Creating Database Tables with SQL,4.6,0.92,Beginner,SQL  HTML5  mysql  database management systems  Database Design  relational database  table (database)  Accuracy And Precision  Databases  data retrieval information-technology data-management,0.371,0.3413
75,Hydra,Database Administrator,Database Management,3,Retrieve Data using Single-Table SQL Queries,4.6,0.92,Beginner,Data Analysis  select (sql)  database management systems  online shopping  table (database)  data retrieval  Databases  web page  numbers (spreadsheet)  SQL information-technology data-management,0.3694,0.3398
75,Hydra,Database Administrator,Database Management,4,Introduction to Data Analytics,4.7,0.94,Advanced,analytics  Data Analysis  physics  Exploratory Data Analysis  business analytics  Python Programming  quality control  Data Science  SQL  Business Analysis data-science data-analysis,0.3514,0.3303
75,Hydra,Database Administrator,Database Management,5,Relational Database Support for Data Warehouses,4.6,0.92,Advanced,data integration  data governance  null coalescing operator  Business Intelligence  SQL  modulo operation  Databases  relational database  ternary conditional operator  Data Warehousing data-science data-analysis,0.3531,0.3249
75,Hydra,Database Administrator,Database Management,6,Build a Database from a Relational Model,4.8,0.96,Beginner,Database Design  relational database  Databases  ordered pair  Data Model  test data  database management systems  relational model  graphical model  unique key information-technology data-management,0.3265,0.3134
75,Hydra,Database Administrator,Database Management,7,Manipulating Data with SQL,4.6,0.92,Beginner,system u  table (database)  relational database  database management systems  Databases  Database Design  SQL  Rowing  data retrieval  unique key information-technology data-management,0.3207,0.295
75,Hydra,Database Administrator,Database Management,8,Research Data Management and Sharing,4.7,0.94,Intermediate,enabling  document management systems  Strategy  Data Management  confidentiality  research data archiving  metadata  Planning  data file  Leadership and Management data-science data-analysis,0.3133,0.2945
75,Hydra,Database Administrator,Database Management,9,Big Data Modeling and Management Systems,4.4,0.88,Intermediate,Databases  analytics  graphs  Data Structures  Big Data Analytics  Data Management  Big Data  Data Model  Leadership and Management  modeling data-science data-analysis,0.3104,0.2732
75,Hydra,Database Administrator,Database Management,10,Database Design and Diagramming in Dia,4.6,0.92,Beginner,data retrieval  Databases  requirements analysis  relational database  table (database)  user requirements document  entity relationship model  Database Design  process  database management systems information-technology data-management,0.296,0.2723
76,AIM,Information Security Analyst,Cybersecurity,1,Security Operations and Administration,4.7,0.94,Advanced,configuration management  separation of duties  key (cryptography)  Security Operations  security awareness  Software Engineering  owasp  management process  security  release management information-technology security,0.5448,0.5121
76,AIM,Information Security Analyst,Cybersecurity,2,Information Security: Context and Introduction,4.6,0.92,Beginner,Cryptography  Leadership and Management  security management  information security  Network Security  security  encryption  incident management  authorization  Risk computer-science computer-security-and-networks,0.5176,0.4762
76,AIM,Information Security Analyst,Cybersecurity,3,Protecting Cloud Architecture with Alibaba Cloud,4.9,0.98,Beginner,performance  wi-fi  encryption  data security  wireless network interface controller  index  security  Switches  web  history computer-science software-development,0.4342,0.4255
76,AIM,Information Security Analyst,Cybersecurity,4,Networks and Communications Security,4.7,0.94,Advanced,sublayer  virtual circuit  security  virtual lan  wireless  fibre channel over ethernet  virtual private lan service  domain name system  control plane  data link layer information-technology security,0.4237,0.3983
76,AIM,Information Security Analyst,Cybersecurity,5,Cloud Security Basics,4.7,0.94,Advanced,separation of duties  protocol stack  cloud computing security  trust boundary  attack surface  cryptographic protocol  security  Network Security  Cloud Computing  public key certificate information-technology cloud-computing,0.4075,0.383
76,AIM,Information Security Analyst,Cybersecurity,6,Enterprise and Infrastructure Security,4.6,0.92,Advanced,infrastructure security  critical infrastructure protection  cloud computing security  Mobile Security  payment card industry data security standard  Cloud Computing  security awareness  BlockChain  internet of things  security computer-science computer-security-and-networks,0.406,0.3735
76,AIM,Information Security Analyst,Cybersecurity,7,IT Security: Defense against the digital dark arts,4.7,0.94,Beginner,wireless  wireless security  authentication  encryption  information security  Network Security  Cryptography  security  System Security  network monitoring information-technology security,0.3857,0.3626
76,AIM,Information Security Analyst,Cybersecurity,8,Systems and Application Security,4.8,0.96,Advanced,virtual machine  encryption  process  privacy  software  malware  Cloud Computing  Leadership and Management  security  cloud computing security information-technology security,0.3671,0.3524
76,AIM,Information Security Analyst,Cybersecurity,9,Security Awareness Training,4.7,0.94,Beginner,security  security management  multi-factor authentication  security question  awareness  malware  security awareness  authentication  password  Mobile Security information-technology security,0.3446,0.3239
76,AIM,Information Security Analyst,Cybersecurity,10,The Business of Cybersecurity Capstone,4.8,0.96,Advanced,Risk  Leadership and Management  performance measurement  security management  security  information security  contingency plan  Risk Management  Computer Security Incident Management  Strategy computer-science computer-security-and-networks,0.332,0.3187
77,Agent Coulson,Cloud Solutions Architect,Cloud Computing,1,System Administration and IT Infrastructure Services,4.7,0.94,Conversant,disaster  directory services  lightweight directory access protocol  Cloud Computing  backup  directory access protocol  Planning  lightweight  Server Systems  infrastructure as a service information-technology support-and-operations,0.2759,0.2593
77,Agent Coulson,Cloud Solutions Architect,Cloud Computing,2,Essential Google Cloud Infrastructure: Core Services,4.7,0.94,Conversant,Leadership and Management  bigquery  Cloud Infrastructure  identity management  Cloud Platforms  Cloud Computing  network monitoring  Google Cloud Platform  Cloud Storage  resource information-technology cloud-computing,0.2556,0.2403
77,Agent Coulson,Cloud Solutions Architect,Cloud Computing,3,Essential Google Cloud Infrastructure: Foundation,4.7,0.94,Conversant,Cloud Infrastructure  private network  virtual machine  Cloud Storage  Cloud Computing  virtual private networks  Network Architecture  Cloud Platforms  architecture  Google Cloud Platform information-technology cloud-computing,0.2471,0.2323
77,Agent Coulson,Cloud Solutions Architect,Cloud Computing,4,Elastic Google Cloud Infrastructure: Scaling and Automation,4.7,0.94,Beginner,Cloud Platforms  virtual private networks  Google Cloud Platform  Cloud Computing  load balancing  build automation  deployment environment  Cloud Infrastructure  managed services  Leadership and Management information-technology cloud-computing,0.2459,0.2311
77,Agent Coulson,Cloud Solutions Architect,Cloud Computing,5,Enterprise and Infrastructure Security,4.6,0.92,Advanced,infrastructure security  critical infrastructure protection  cloud computing security  Mobile Security  payment card industry data security standard  Cloud Computing  security awareness  BlockChain  internet of things  security computer-science computer-security-and-networks,0.2341,0.2154
77,Agent Coulson,Cloud Solutions Architect,Cloud Computing,6,Reliable Google Cloud Infrastructure: Design and Process,4.7,0.94,Beginner,Google Cloud Platform  Cloud Platforms  Cloud Computing  process  security  Cloud Infrastructure  deployment environment  site reliability engineering  architecture  reliability engineering information-technology cloud-computing,0.2179,0.2048
77,Agent Coulson,Cloud Solutions Architect,Cloud Computing,7,Cloud Networking,4.4,0.88,Advanced,Network Infrastructure  distributed computing  tcp congestion control  Computer Networking  routing  Cloud Computing  Cloud Infrastructure  Python Programming  network congestion  data centers computer-science computer-security-and-networks,0.2285,0.2011
77,Agent Coulson,Cloud Solutions Architect,Cloud Computing,8,"Innovation Through Design: Think, Make, Break, Repeat",4.7,0.94,Intermediate,minimum viable product  Innovation  innovation management  thought  process  Entrepreneurship  design thinking  agile management  instructional design  project management professional business entrepreneurship,0.2071,0.1947
77,Agent Coulson,Cloud Solutions Architect,Cloud Computing,9,Prototyping and Design,4.6,0.92,Advanced,design pattern  paper prototyping  Commercial Design  user interface  interaction design  interaction design pattern  User Experience  interfaces  usability  user interface design computer-science design-and-product,0.2068,0.1903
77,Agent Coulson,Cloud Solutions Architect,Cloud Computing,10,Azure Infrastructure Fundamentals,4.2,0.84,Advanced,Microsoft Azure  Machine Learning  coroutine  openshift  sap erp  reliability engineering  archimate  BlockChain  windows services  site reliability engineering computer-science computer-security-and-networks,0.2254,0.1893
78,Agent Hill,Information Security Analyst,Cybersecurity,1,Security Operations and Administration,4.7,0.94,Advanced,configuration management  separation of duties  key (cryptography)  Security Operations  security awareness  Software Engineering  owasp  management process  security  release management information-technology security,0.5448,0.5121
78,Agent Hill,Information Security Analyst,Cybersecurity,2,Information Security: Context and Introduction,4.6,0.92,Beginner,Cryptography  Leadership and Management  security management  information security  Network Security  security  encryption  incident management  authorization  Risk computer-science computer-security-and-networks,0.5176,0.4762
78,Agent Hill,Information Security Analyst,Cybersecurity,3,Protecting Cloud Architecture with Alibaba Cloud,4.9,0.98,Beginner,performance  wi-fi  encryption  data security  wireless network interface controller  index  security  Switches  web  history computer-science software-development,0.4342,0.4255
78,Agent Hill,Information Security Analyst,Cybersecurity,4,Networks and Communications Security,4.7,0.94,Advanced,sublayer  virtual circuit  security  virtual lan  wireless  fibre channel over ethernet  virtual private lan service  domain name system  control plane  data link layer information-technology security,0.4237,0.3983
78,Agent Hill,Information Security Analyst,Cybersecurity,5,Cloud Security Basics,4.7,0.94,Advanced,separation of duties  protocol stack  cloud computing security  trust boundary  attack surface  cryptographic protocol  security  Network Security  Cloud Computing  public key certificate information-technology cloud-computing,0.4075,0.383
78,Agent Hill,Information Security Analyst,Cybersecurity,6,Enterprise and Infrastructure Security,4.6,0.92,Advanced,infrastructure security  critical infrastructure protection  cloud computing security  Mobile Security  payment card industry data security standard  Cloud Computing  security awareness  BlockChain  internet of things  security computer-science computer-security-and-networks,0.406,0.3735
78,Agent Hill,Information Security Analyst,Cybersecurity,7,IT Security: Defense against the digital dark arts,4.7,0.94,Beginner,wireless  wireless security  authentication  encryption  information security  Network Security  Cryptography  security  System Security  network monitoring information-technology security,0.3857,0.3626
78,Agent Hill,Information Security Analyst,Cybersecurity,8,Systems and Application Security,4.8,0.96,Advanced,virtual machine  encryption  process  privacy  software  malware  Cloud Computing  Leadership and Management  security  cloud computing security information-technology security,0.3671,0.3524
78,Agent Hill,Information Security Analyst,Cybersecurity,9,Security Awareness Training,4.7,0.94,Beginner,security  security management  multi-factor authentication  security question  awareness  malware  security awareness  authentication  password  Mobile Security information-technology security,0.3446,0.3239
78,Agent Hill,Information Security Analyst,Cybersecurity,10,The Business of Cybersecurity Capstone,4.8,0.96,Advanced,Risk  Leadership and Management  performance measurement  security management  security  information security  contingency plan  Risk Management  Computer Security Incident Management  Strategy computer-science computer-security-and-networks,0.332,0.3187
79,Agent Melinda May,Database Administrator,Database Management,1,Create Relational Database Tables Using SQLiteStudio,4.7,0.94,Beginner,database management systems  Databases  web browsers  BlockChain  relational database  sqlite  web  Average  SQL  table (database) information-technology data-management,0.3867,0.3635
79,Agent Melinda May,Database Administrator,Database Management,2,Creating Database Tables with SQL,4.6,0.92,Beginner,SQL  HTML5  mysql  database management systems  Database Design  relational database  table (database)  Accuracy And Precision  Databases  data retrieval information-technology data-management,0.371,0.3413
79,Agent Melinda May,Database Administrator,Database Management,3,Retrieve Data using Single-Table SQL Queries,4.6,0.92,Beginner,Data Analysis  select (sql)  database management systems  online shopping  table (database)  data retrieval  Databases  web page  numbers (spreadsheet)  SQL information-technology data-management,0.3694,0.3398
79,Agent Melinda May,Database Administrator,Database Management,4,Introduction to Data Analytics,4.7,0.94,Advanced,analytics  Data Analysis  physics  Exploratory Data Analysis  business analytics  Python Programming  quality control  Data Science  SQL  Business Analysis data-science data-analysis,0.3514,0.3303
79,Agent Melinda May,Database Administrator,Database Management,5,Relational Database Support for Data Warehouses,4.6,0.92,Advanced,data integration  data governance  null coalescing operator  Business Intelligence  SQL  modulo operation  Databases  relational database  ternary conditional operator  Data Warehousing data-science data-analysis,0.3531,0.3249
79,Agent Melinda May,Database Administrator,Database Management,6,Build a Database from a Relational Model,4.8,0.96,Beginner,Database Design  relational database  Databases  ordered pair  Data Model  test data  database management systems  relational model  graphical model  unique key information-technology data-management,0.3265,0.3134
79,Agent Melinda May,Database Administrator,Database Management,7,Manipulating Data with SQL,4.6,0.92,Beginner,system u  table (database)  relational database  database management systems  Databases  Database Design  SQL  Rowing  data retrieval  unique key information-technology data-management,0.3207,0.295
79,Agent Melinda May,Database Administrator,Database Management,8,Research Data Management and Sharing,4.7,0.94,Intermediate,enabling  document management systems  Strategy  Data Management  confidentiality  research data archiving  metadata  Planning  data file  Leadership and Management data-science data-analysis,0.3133,0.2945
79,Agent Melinda May,Database Administrator,Database Management,9,Big Data Modeling and Management Systems,4.4,0.88,Intermediate,Databases  analytics  graphs  Data Structures  Big Data Analytics  Data Management  Big Data  Data Model  Leadership and Management  modeling data-science data-analysis,0.3104,0.2732
79,Agent Melinda May,Database Administrator,Database Management,10,Database Design and Diagramming in Dia,4.6,0.92,Beginner,data retrieval  Databases  requirements analysis  relational database  table (database)  user requirements document  entity relationship model  Database Design  process  database management systems information-technology data-management,0.296,0.2723
80,Agent Daisy Johnson,Mobile App Developer,Mobile App Development,1,Requirements Gathering for Secure Software Development,4.6,0.92,Beginner,software requirements  requirements analysis  requirements elicitation  software requirements specification  software  Agile Software Development  software development process  Software Engineering  requirements engineering  analysis computer-science software-development,0.3705,0.3409
80,Agent Daisy Johnson,Mobile App Developer,Mobile App Development,2,Agile Planning for Software Products,4.7,0.94,Advanced,Risk  Leadership and Management  Software Engineering  Planning  project  Risk Management  software  Agile Software Development  Estimation  agile management computer-science software-development,0.32,0.3008
80,Agent Daisy Johnson,Mobile App Developer,Mobile App Development,3,Reviews & Metrics for Software Improvements,4.6,0.92,Advanced,software metrics  software project management  scrum (software development)  Project Management  software  Leadership and Management  Software Engineering  software product management  project  Product Management computer-science design-and-product,0.2954,0.2718
80,Agent Daisy Johnson,Mobile App Developer,Mobile App Development,4,Software Product Management Capstone,4.8,0.96,Advanced,Product Management  Leadership and Management  project  scrum (software development)  Project Management  software  software product management  Software Engineering  software project management  Agile Software Development computer-science design-and-product,0.2779,0.2668
80,Agent Daisy Johnson,Mobile App Developer,Mobile App Development,5,Software Design as an Element of the Software Development Lifecycle,4.6,0.92,Advanced,Software Architecture  software design  security  Software Testing  Software Engineering  interfaces  low-level design  software  specification (technical standard)  software development process computer-science software-development,0.2781,0.2559
80,Agent Daisy Johnson,Mobile App Developer,Mobile App Development,6,Software Security,4.6,0.92,Advanced,internet security  SQL  security  Security Software  web  buffer overflow  software  penetration test  analysis  sql injection computer-science computer-security-and-networks,0.2751,0.2531
80,Agent Daisy Johnson,Mobile App Developer,Mobile App Development,7,Software Development Processes and Methodologies,4.4,0.88,Advanced,waterfall model  modeling  software  scrum (software development)  methodology  process  Software Engineering  software development process  Software Testing  Agile Software Development computer-science software-development,0.2836,0.2496
80,Agent Daisy Johnson,Mobile App Developer,Mobile App Development,8,Introduction to Software Product Management,4.6,0.92,Beginner,project  Software Engineering  Product Management  Leadership and Management  software  Agile Software Development  agile management  software product management  Planning  agile manifesto computer-science design-and-product,0.2597,0.2389
80,Agent Daisy Johnson,Mobile App Developer,Mobile App Development,9,Engineering Practices for Building Quality Software,4.1,0.82,Conversant,code coverage  version control systems  software project management  design pattern  software quality  Software Architecture  static analysis  software  Continuous Integration  Software Engineering computer-science software-development,0.2775,0.2276
80,Agent Daisy Johnson,Mobile App Developer,Mobile App Development,10,Continuous Integration,3.7,0.74,Advanced,flow network  software development process  shippable  software configuration management  euler's totient function  reusability  packaging  software project management  DevOps  Continuous Integration computer-science software-development,0.2653,0.1963
81,Agent Simmons,Web Developer,Web Development,1,Requirements Gathering for Secure Software Development,4.6,0.92,Beginner,software requirements  requirements analysis  requirements elicitation  software requirements specification  software  Agile Software Development  software development process  Software Engineering  requirements engineering  analysis computer-science software-development,0.2563,0.2358
81,Agent Simmons,Web Developer,Web Development,2,Agile Planning for Software Products,4.7,0.94,Advanced,Risk  Leadership and Management  Software Engineering  Planning  project  Risk Management  software  Agile Software Development  Estimation  agile management computer-science software-development,0.234,0.22
81,Agent Simmons,Web Developer,Web Development,3,Software Design as an Element of the Software Development Lifecycle,4.6,0.92,Advanced,Software Architecture  software design  security  Software Testing  Software Engineering  interfaces  low-level design  software  specification (technical standard)  software development process computer-science software-development,0.2282,0.2099
81,Agent Simmons,Web Developer,Web Development,4,Design Patterns,4.6,0.92,Advanced,architectural pattern  code smell  software  code refactoring  design pattern  unified modeling language  software design  chain of responsibility  factory method pattern  software design pattern computer-science software-development,0.228,0.2098
81,Agent Simmons,Web Developer,Web Development,5,Introduction to UI Design,4.7,0.94,Conversant,usability  user interface  experience  interfaces  evaluation  java annotation  user interface design  principle  principles of user interface design  User Experience computer-science design-and-product,0.2149,0.202
81,Agent Simmons,Web Developer,Web Development,6,Standardisation & Technology,4.4,0.88,Advanced,ageing  how we decide  connected car  privacy  ethics  opinion  process  Weighting  standards organization  voting business business-strategy,0.2294,0.2019
81,Agent Simmons,Web Developer,Web Development,7,Web Connectivity and Security in Embedded Systems,4.5,0.9,Advanced,attack model  cryptographic protocol  application layer  web service  web  link layer  wireless security  symmetric-key algorithm  application layer protocols  public-key cryptography computer-science computer-security-and-networks,0.2055,0.185
81,Agent Simmons,Web Developer,Web Development,8,Usable Security,4.5,0.9,Beginner,Human Computer Interaction  privacy  java annotation  user interface  Security Design  usability testing  usability  authentication  security  password computer-science computer-security-and-networks,0.2015,0.1814
81,Agent Simmons,Web Developer,Web Development,9,Web Application Development: Basic Concepts,4.5,0.9,Advanced,active record pattern  ruby on rails  web  Javascript  ajax (programming)  html  middleware  ruby (programming language)  Full-Stack Web Development  web application computer-science mobile-and-web-development,0.2011,0.181
81,Agent Simmons,Web Developer,Web Development,10,Software Development Processes and Methodologies,4.4,0.88,Advanced,waterfall model  modeling  software  scrum (software development)  methodology  process  Software Engineering  software development process  Software Testing  Agile Software Development computer-science software-development,0.1981,0.1743
82,Agent Fitz,Software Engineer,Software Development,1,Requirements Gathering for Secure Software Development,4.6,0.92,Beginner,software requirements  requirements analysis  requirements elicitation  software requirements specification  software  Agile Software Development  software development process  Software Engineering  requirements engineering  analysis computer-science software-development,0.331,0.3045
82,Agent Fitz,Software Engineer,Software Development,2,Engineering Practices for Building Quality Software,4.1,0.82,Conversant,code coverage  version control systems  software project management  design pattern  software quality  Software Architecture  static analysis  software  Continuous Integration  Software Engineering computer-science software-development,0.3639,0.2984
82,Agent Fitz,Software Engineer,Software Development,3,Agile Planning for Software Products,4.7,0.94,Advanced,Risk  Leadership and Management  Software Engineering  Planning  project  Risk Management  software  Agile Software Development  Estimation  agile management computer-science software-development,0.2975,0.2796
82,Agent Fitz,Software Engineer,Software Development,4,Software Product Management Capstone,4.8,0.96,Advanced,Product Management  Leadership and Management  project  scrum (software development)  Project Management  software  software product management  Software Engineering  software project management  Agile Software Development computer-science design-and-product,0.2869,0.2754
82,Agent Fitz,Software Engineer,Software Development,5,Software Development Processes and Methodologies,4.4,0.88,Advanced,waterfall model  modeling  software  scrum (software development)  methodology  process  Software Engineering  software development process  Software Testing  Agile Software Development computer-science software-development,0.3081,0.2711
82,Agent Fitz,Software Engineer,Software Development,6,Software Processes and Agile Practices,4.7,0.94,Beginner,lean software development  process  kanban  software development process  software  Software Engineering  Leadership and Management  scrum (software development)  unified process  Agile Software Development computer-science design-and-product,0.2877,0.2704
82,Agent Fitz,Software Engineer,Software Development,7,Software Design as an Element of the Software Development Lifecycle,4.6,0.92,Advanced,Software Architecture  software design  security  Software Testing  Software Engineering  interfaces  low-level design  software  specification (technical standard)  software development process computer-science software-development,0.2821,0.2595
82,Agent Fitz,Software Engineer,Software Development,8,Reviews & Metrics for Software Improvements,4.6,0.92,Advanced,software metrics  software project management  scrum (software development)  Project Management  software  Leadership and Management  Software Engineering  software product management  project  Product Management computer-science design-and-product,0.2705,0.2489
82,Agent Fitz,Software Engineer,Software Development,9,Continuous Integration,3.7,0.74,Advanced,flow network  software development process  shippable  software configuration management  euler's totient function  reusability  packaging  software project management  DevOps  Continuous Integration computer-science software-development,0.3247,0.2403
82,Agent Fitz,Software Engineer,Software Development,10,Introduction to Software Product Management,4.6,0.92,Beginner,project  Software Engineering  Product Management  Leadership and Management  software  Agile Software Development  agile management  software product management  Planning  agile manifesto computer-science design-and-product,0.2592,0.2385
83,Agent Mack,Graphics Programmer,Computer Graphics,1,Agile Planning for Software Products,4.7,0.94,Advanced,Risk  Leadership and Management  Software Engineering  Planning  project  Risk Management  software  Agile Software Development  Estimation  agile management computer-science software-development,0.2448,0.2301
83,Agent Mack,Graphics Programmer,Computer Graphics,2,Requirements Gathering for Secure Software Development,4.6,0.92,Beginner,software requirements  requirements analysis  requirements elicitation  software requirements specification  software  Agile Software Development  software development process  Software Engineering  requirements engineering  analysis computer-science software-development,0.2485,0.2286
83,Agent Mack,Graphics Programmer,Computer Graphics,3,Introduction to Game Development,4.8,0.96,Beginner,game design  java annotation  Computer Programming  game development tool  user interface  game engine  unity (user interface)  programming tool  interfaces  video game development computer-science software-development,0.2138,0.2052
83,Agent Mack,Graphics Programmer,Computer Graphics,4,Software Design as an Element of the Software Development Lifecycle,4.6,0.92,Advanced,Software Architecture  software design  security  Software Testing  Software Engineering  interfaces  low-level design  software  specification (technical standard)  software development process computer-science software-development,0.2172,0.1998
83,Agent Mack,Graphics Programmer,Computer Graphics,5,Reviews & Metrics for Software Improvements,4.6,0.92,Advanced,software metrics  software project management  scrum (software development)  Project Management  software  Leadership and Management  Software Engineering  software product management  project  Product Management computer-science design-and-product,0.2167,0.1994
83,Agent Mack,Graphics Programmer,Computer Graphics,6,Software Development Processes and Methodologies,4.4,0.88,Advanced,waterfall model  modeling  software  scrum (software development)  methodology  process  Software Engineering  software development process  Software Testing  Agile Software Development computer-science software-development,0.2256,0.1985
83,Agent Mack,Graphics Programmer,Computer Graphics,7,Engineering Practices for Building Quality Software,4.1,0.82,Conversant,code coverage  version control systems  software project management  design pattern  software quality  Software Architecture  static analysis  software  Continuous Integration  Software Engineering computer-science software-development,0.2254,0.1848
83,Agent Mack,Graphics Programmer,Computer Graphics,8,Software Security,4.6,0.92,Advanced,internet security  SQL  security  Security Software  web  buffer overflow  software  penetration test  analysis  sql injection computer-science computer-security-and-networks,0.1952,0.1796
83,Agent Mack,Graphics Programmer,Computer Graphics,9,Continuous Integration,3.7,0.74,Advanced,flow network  software development process  shippable  software configuration management  euler's totient function  reusability  packaging  software project management  DevOps  Continuous Integration computer-science software-development,0.2342,0.1733
83,Agent Mack,Graphics Programmer,Computer Graphics,10,Lean Software Development,4.2,0.84,Advanced,process  Mobile Development  software  Agile Software Development  value stream mapping  software development process  Software Testing  Software Engineering  scrum (software development)  lean software development computer-science software-development,0.1989,0.1671
84,Agent Bobbi Morse,NLP Research Scientist,Artificial Intelligence,1,Introduction to Applied Machine Learning,4.7,0.94,Intermediate,Algorithms  Machine Learning Algorithms  Applied Machine Learning  Test Set  Machine Learning  ordered pair  Training  Human Learning  Deep Learning  business requirements data-science machine-learning,0.3264,0.3068
84,Agent Bobbi Morse,NLP Research Scientist,Artificial Intelligence,2,Machine Learning With Big Data,4.6,0.92,Beginner,statistical classification  knime  data clustering algorithms  Human Learning  analysis  Algorithms  Apache Spark  cluster analysis  Machine Learning  Apache data-science machine-learning,0.3148,0.2896
84,Agent Bobbi Morse,NLP Research Scientist,Artificial Intelligence,3,Machine Learning Foundations: A Case Study Approach,4.5,0.9,Conversant,Human Learning  Regression  Machine Learning  Graphlab  statistical classification  linearity  Algorithms  Computer Programming  Python Programming  analysis data-science machine-learning,0.313,0.2817
84,Agent Bobbi Morse,NLP Research Scientist,Artificial Intelligence,4,Research for Impact,4.9,0.98,Intermediate,experience  knowledge-based systems  Strategic Partnerships  research methods  evaluation  climate change  sustainability  strategic communication  wicked problem  Communication social-sciences governance-and-society,0.2825,0.2768
84,Agent Bobbi Morse,NLP Research Scientist,Artificial Intelligence,5,Being a researcher (in Information Science and Technology),4.8,0.96,Advanced,Laboratory Research  physics  window blind  physics experiments  pharmacy  medical laboratory  pharmacology  Scientific Analysis  research methods  robotics physical-science-and-engineering research-methods,0.2843,0.2729
84,Agent Bobbi Morse,NLP Research Scientist,Artificial Intelligence,6,Machine Learning for Data Analysis,4.2,0.84,Intermediate,Algorithms  Data Analysis  numbers (spreadsheet)  evaluation  Machine Learning  Regression  Dependent And Independent Variables  Human Learning  Regression Analysis  decision tree data-science machine-learning,0.3211,0.2697
84,Agent Bobbi Morse,NLP Research Scientist,Artificial Intelligence,7,Machine Learning for All,4.7,0.94,Conversant,robotics  Machine Learning  Artificial Neural Networks  Training  Algorithms  Tensorflow  statistical classification  modeling  Human Learning  Deep Learning computer-science software-development,0.2726,0.2562
84,Agent Bobbi Morse,NLP Research Scientist,Artificial Intelligence,8,Introduction to Research for Essay Writing,4.7,0.94,Intermediate,language  linguistics  Writing  english language  formal language  english grammar  academic writing  sources  Note Taking  essay writing arts-and-humanities music-and-art,0.2638,0.248
84,Agent Bobbi Morse,NLP Research Scientist,Artificial Intelligence,9,Machine Learning with Python,4.6,0.92,Beginner,Logistic Regression  Algorithms  Human Learning  data clustering algorithms  Machine Learning  statistical classification  classification algorithms  Regression  Computer Programming  Python Programming data-science machine-learning,0.2652,0.244
84,Agent Bobbi Morse,NLP Research Scientist,Artificial Intelligence,10,Developing AI Applications on Azure,4.3,0.86,Beginner,Machine Learning  web service  workspace  Training  Computer Programming  Microsoft Azure  Python Programming  Computer Vision  Human Learning  application programming interfaces data-science machine-learning,0.2658,0.2286
85,Agent Lance Hunter,Data Scientist,Data Science,1,Introduction to Data Analytics,4.7,0.94,Advanced,analytics  Data Analysis  physics  Exploratory Data Analysis  business analytics  Python Programming  quality control  Data Science  SQL  Business Analysis data-science data-analysis,0.4604,0.4328
85,Agent Lance Hunter,Data Scientist,Data Science,2,Machine Learning With Big Data,4.6,0.92,Beginner,statistical classification  knime  data clustering algorithms  Human Learning  analysis  Algorithms  Apache Spark  cluster analysis  Machine Learning  Apache data-science machine-learning,0.4529,0.4167
85,Agent Lance Hunter,Data Scientist,Data Science,3,Data Science for Business Innovation,4.2,0.84,Advanced,statistical classification  Machine Learning  Big Data  Data Analysis  linear regression  recommender systems  linearity  analysis  Computer Programming  Machine Learning Algorithms data-science data-analysis,0.4308,0.3619
85,Agent Lance Hunter,Data Scientist,Data Science,4,Code Free Data Science,4.3,0.86,Beginner,analytics  knime  download  decision tree  Machine Learning  Data Manipulation  Data Mining  data clustering algorithms  Microsoft Excel  modeling data-science machine-learning,0.4036,0.3471
85,Agent Lance Hunter,Data Scientist,Data Science,5,Machine Learning for Accounting with Python,4.5,0.9,Advanced,statistical classification  Regression  mathematical optimization  Python Programming  decision tree  Document Classification  n-gram  Machine Learning  Algorithms  hyperparameter data-science machine-learning,0.3759,0.3383
85,Agent Lance Hunter,Data Scientist,Data Science,6,Business Analytics Executive Overview,4.5,0.9,Beginner,Data Visualization  quantum computing  business analytics  Recruitment  analytics  Closed-Form Expression  Chart  Business Intelligence  euler's totient function  Data Warehousing business leadership-and-management,0.3687,0.3318
85,Agent Lance Hunter,Data Scientist,Data Science,7,Communicating Business Analytics Results,4.4,0.88,Advanced,Strategy  Communication  business analytics  analytics  analysis  presentation  Data Analysis  graphs  measurement  Data Visualization data-science data-analysis,0.3702,0.3258
85,Agent Lance Hunter,Data Scientist,Data Science,8,Introduction to Business Analytics with R,4.4,0.88,Advanced,lecture  rstudio  business analytics  software  R Programming  Data Analysis  Exploratory Data Analysis  applied statistics  utility  analytics business business-essentials,0.3666,0.3226
85,Agent Lance Hunter,Data Scientist,Data Science,9,Basic Data Processing and Visualization,4.2,0.84,Advanced,software  jpeg  Outlier  Python Programming  Data Visualization  Numpy  predictive analytics  Big Data  python libraries  json data-science data-analysis,0.3706,0.3113
85,Agent Lance Hunter,Data Scientist,Data Science,10,Accounting Data Analytics with Python,3.6,0.72,Advanced,data type  relational database management system  Numpy  Basic Descriptive Statistics  Data Structures  Python Programming  Databases  SQL  euler's totient function  jpeg data-science data-analysis,0.3794,0.2732
86,Oliver Davis,Security Analyst,Network Security,1,Security Operations and Administration,4.7,0.94,Advanced,configuration management  separation of duties  key (cryptography)  Security Operations  security awareness  Software Engineering  owasp  management process  security  release management information-technology security,0.4793,0.4505
86,Oliver Davis,Security Analyst,Network Security,2,Information Security: Context and Introduction,4.6,0.92,Beginner,Cryptography  Leadership and Management  security management  information security  Network Security  security  encryption  incident management  authorization  Risk computer-science computer-security-and-networks,0.455,0.4186
86,Oliver Davis,Security Analyst,Network Security,3,Protecting Cloud Architecture with Alibaba Cloud,4.9,0.98,Beginner,performance  wi-fi  encryption  data security  wireless network interface controller  index  security  Switches  web  history computer-science software-development,0.3423,0.3355
86,Oliver Davis,Security Analyst,Network Security,4,Enterprise and Infrastructure Security,4.6,0.92,Advanced,infrastructure security  critical infrastructure protection  cloud computing security  Mobile Security  payment card industry data security standard  Cloud Computing  security awareness  BlockChain  internet of things  security computer-science computer-security-and-networks,0.3381,0.3111
86,Oliver Davis,Security Analyst,Network Security,5,Networks and Communications Security,4.7,0.94,Advanced,sublayer  virtual circuit  security  virtual lan  wireless  fibre channel over ethernet  virtual private lan service  domain name system  control plane  data link layer information-technology security,0.3309,0.311
86,Oliver Davis,Security Analyst,Network Security,6,IT Security: Defense against the digital dark arts,4.7,0.94,Beginner,wireless  wireless security  authentication  encryption  information security  Network Security  Cryptography  security  System Security  network monitoring information-technology security,0.3283,0.3086
86,Oliver Davis,Security Analyst,Network Security,7,Cloud Security Basics,4.7,0.94,Advanced,separation of duties  protocol stack  cloud computing security  trust boundary  attack surface  cryptographic protocol  security  Network Security  Cloud Computing  public key certificate information-technology cloud-computing,0.3218,0.3025
86,Oliver Davis,Security Analyst,Network Security,8,Systems and Application Security,4.8,0.96,Advanced,virtual machine  encryption  process  privacy  software  malware  Cloud Computing  Leadership and Management  security  cloud computing security information-technology security,0.3102,0.2978
86,Oliver Davis,Security Analyst,Network Security,9,The Business of Cybersecurity Capstone,4.8,0.96,Advanced,Risk  Leadership and Management  performance measurement  security management  security  information security  contingency plan  Risk Management  Computer Security Incident Management  Strategy computer-science computer-security-and-networks,0.3014,0.2893
86,Oliver Davis,Security Analyst,Network Security,10,Network Security & Database Vulnerabilities,4.6,0.92,Beginner,Databases  database security  data security  sql injection  SQL  code injection  security  network address  Network Security  internet protocol suite information-technology security,0.2863,0.2634
87,Ava Miller,Machine Learning Engineer,Machine Learning,1,Machine Learning With Big Data,4.6,0.92,Beginner,statistical classification  knime  data clustering algorithms  Human Learning  analysis  Algorithms  Apache Spark  cluster analysis  Machine Learning  Apache data-science machine-learning,0.4873,0.4483
87,Ava Miller,Machine Learning Engineer,Machine Learning,2,Introduction to Applied Machine Learning,4.7,0.94,Intermediate,Algorithms  Machine Learning Algorithms  Applied Machine Learning  Test Set  Machine Learning  ordered pair  Training  Human Learning  Deep Learning  business requirements data-science machine-learning,0.397,0.3732
87,Ava Miller,Machine Learning Engineer,Machine Learning,3,Data Science for Business Innovation,4.2,0.84,Advanced,statistical classification  Machine Learning  Big Data  Data Analysis  linear regression  recommender systems  linearity  analysis  Computer Programming  Machine Learning Algorithms data-science data-analysis,0.3924,0.3296
87,Ava Miller,Machine Learning Engineer,Machine Learning,4,Introduction to Data Analytics,4.7,0.94,Advanced,analytics  Data Analysis  physics  Exploratory Data Analysis  business analytics  Python Programming  quality control  Data Science  SQL  Business Analysis data-science data-analysis,0.3455,0.3248
87,Ava Miller,Machine Learning Engineer,Machine Learning,5,Machine Learning Foundations: A Case Study Approach,4.5,0.9,Conversant,Human Learning  Regression  Machine Learning  Graphlab  statistical classification  linearity  Algorithms  Computer Programming  Python Programming  analysis data-science machine-learning,0.3564,0.3208
87,Ava Miller,Machine Learning Engineer,Machine Learning,6,Machine Learning for Data Analysis,4.2,0.84,Intermediate,Algorithms  Data Analysis  numbers (spreadsheet)  evaluation  Machine Learning  Regression  Dependent And Independent Variables  Human Learning  Regression Analysis  decision tree data-science machine-learning,0.3661,0.3075
87,Ava Miller,Machine Learning Engineer,Machine Learning,7,Code Free Data Science,4.3,0.86,Beginner,analytics  knime  download  decision tree  Machine Learning  Data Manipulation  Data Mining  data clustering algorithms  Microsoft Excel  modeling data-science machine-learning,0.3462,0.2977
87,Ava Miller,Machine Learning Engineer,Machine Learning,8,Data Analysis with Python,4.6,0.92,Conversant,Data Model  Regression  Python Programming  Regression Analysis  Exploratory Data Analysis  analysis  Computer Programming  modeling  Data Analysis  linearity data-science data-analysis,0.3174,0.292
87,Ava Miller,Machine Learning Engineer,Machine Learning,9,Machine Learning for Accounting with Python,4.5,0.9,Advanced,statistical classification  Regression  mathematical optimization  Python Programming  decision tree  Document Classification  n-gram  Machine Learning  Algorithms  hyperparameter data-science machine-learning,0.3226,0.2903
87,Ava Miller,Machine Learning Engineer,Machine Learning,10,Developing AI Applications on Azure,4.3,0.86,Beginner,Machine Learning  web service  workspace  Training  Computer Programming  Microsoft Azure  Python Programming  Computer Vision  Human Learning  application programming interfaces data-science machine-learning,0.3273,0.2815
88,Liam Wilson,Database Administrator,Database Management,1,Create Relational Database Tables Using SQLiteStudio,4.7,0.94,Beginner,database management systems  Databases  web browsers  BlockChain  relational database  sqlite  web  Average  SQL  table (database) information-technology data-management,0.3867,0.3635
88,Liam Wilson,Database Administrator,Database Management,2,Creating Database Tables with SQL,4.6,0.92,Beginner,SQL  HTML5  mysql  database management systems  Database Design  relational database  table (database)  Accuracy And Precision  Databases  data retrieval information-technology data-management,0.371,0.3413
88,Liam Wilson,Database Administrator,Database Management,3,Retrieve Data using Single-Table SQL Queries,4.6,0.92,Beginner,Data Analysis  select (sql)  database management systems  online shopping  table (database)  data retrieval  Databases  web page  numbers (spreadsheet)  SQL information-technology data-management,0.3694,0.3398
88,Liam Wilson,Database Administrator,Database Management,4,Introduction to Data Analytics,4.7,0.94,Advanced,analytics  Data Analysis  physics  Exploratory Data Analysis  business analytics  Python Programming  quality control  Data Science  SQL  Business Analysis data-science data-analysis,0.3514,0.3303
88,Liam Wilson,Database Administrator,Database Management,5,Relational Database Support for Data Warehouses,4.6,0.92,Advanced,data integration  data governance  null coalescing operator  Business Intelligence  SQL  modulo operation  Databases  relational database  ternary conditional operator  Data Warehousing data-science data-analysis,0.3531,0.3249
88,Liam Wilson,Database Administrator,Database Management,6,Build a Database from a Relational Model,4.8,0.96,Beginner,Database Design  relational database  Databases  ordered pair  Data Model  test data  database management systems  relational model  graphical model  unique key information-technology data-management,0.3265,0.3134
88,Liam Wilson,Database Administrator,Database Management,7,Manipulating Data with SQL,4.6,0.92,Beginner,system u  table (database)  relational database  database management systems  Databases  Database Design  SQL  Rowing  data retrieval  unique key information-technology data-management,0.3207,0.295
88,Liam Wilson,Database Administrator,Database Management,8,Research Data Management and Sharing,4.7,0.94,Intermediate,enabling  document management systems  Strategy  Data Management  confidentiality  research data archiving  metadata  Planning  data file  Leadership and Management data-science data-analysis,0.3133,0.2945
88,Liam Wilson,Database Administrator,Database Management,9,Big Data Modeling and Management Systems,4.4,0.88,Intermediate,Databases  analytics  graphs  Data Structures  Big Data Analytics  Data Management  Big Data  Data Model  Leadership and Management  modeling data-science data-analysis,0.3104,0.2732
88,Liam Wilson,Database Administrator,Database Management,10,Database Design and Diagramming in Dia,4.6,0.92,Beginner,data retrieval  Databases  requirements analysis  relational database  table (database)  user requirements document  entity relationship model  Database Design  process  database management systems information-technology data-management,0.296,0.2723
89,Sophia Johnson,Embedded Software Engineer,Software Development,1,Real-Time Mission-Critical Systems Design,4.6,0.92,Advanced,failure  coprocessor  program optimization  approximation error  hamming code  flash file system  hardware interface design  high availability  fagan inspection  interfaces physical-science-and-engineering electrical-engineering,0.2803,0.2579
89,Sophia Johnson,Embedded Software Engineer,Software Development,2,Requirements Gathering for Secure Software Development,4.6,0.92,Beginner,software requirements  requirements analysis  requirements elicitation  software requirements specification  software  Agile Software Development  software development process  Software Engineering  requirements engineering  analysis computer-science software-development,0.2673,0.2459
89,Sophia Johnson,Embedded Software Engineer,Software Development,3,UX and Interface Design for Embedded Systems,4.6,0.92,Advanced,java annotation  persona (user experience)  interfaces  verification and validation  User Experience  Human Computer Interaction  usability  user persona  user interface design  User Research computer-science design-and-product,0.2498,0.2298
89,Sophia Johnson,Embedded Software Engineer,Software Development,4,Development of Real-Time Systems,4.5,0.9,Advanced,multi-core processor  context switch  mutual exclusion  freertos  Computer Architecture  Algorithms  real-time operating systems  scheduling (computing)  periodic function  schedule computer-science software-development,0.2535,0.2282
89,Sophia Johnson,Embedded Software Engineer,Software Development,5,Modeling and Debugging Embedded Systems,4.6,0.92,Beginner,modeling  market (economics)  debugging  systems engineering  in-band signaling  internet of things  smart highway  i-deas  analysis  market segmentation computer-science design-and-product,0.2408,0.2215
89,Sophia Johnson,Embedded Software Engineer,Software Development,6,Agile Planning for Software Products,4.7,0.94,Advanced,Risk  Leadership and Management  Software Engineering  Planning  project  Risk Management  software  Agile Software Development  Estimation  agile management computer-science software-development,0.2351,0.221
89,Sophia Johnson,Embedded Software Engineer,Software Development,7,Software Security,4.6,0.92,Advanced,internet security  SQL  security  Security Software  web  buffer overflow  software  penetration test  analysis  sql injection computer-science computer-security-and-networks,0.2327,0.2141
89,Sophia Johnson,Embedded Software Engineer,Software Development,8,Capstone:  Autonomous Runway Detection for IoT,4.5,0.9,Advanced,front and back ends  software requirements  project  software design  real-time operating systems  interfaces  software  Software Engineering  internet of things  verification and validation computer-science software-development,0.2357,0.2121
89,Sophia Johnson,Embedded Software Engineer,Software Development,9,Architecting Smart IoT Devices,4.1,0.82,Advanced,internet of things  internet  debuggers  computer multitasking  embedded c  home automation  Software Engineering  real-time operating systems  device drivers  programming tool computer-science computer-security-and-networks,0.2494,0.2045
89,Sophia Johnson,Embedded Software Engineer,Software Development,10,Real-Time Embedded Systems Concepts and Practices,3.0,0.6,Advanced,real-time operating systems  microprocessor  embedded linux  Continuous Function  coprocessor  analysis  Electrical Engineering  multi-core processor  raspberry pi  linux on embedded systems physical-science-and-engineering electrical-engineering,0.2416,0.145
90,Michael Brown,Web Developer,Web Development,1,Requirements Gathering for Secure Software Development,4.6,0.92,Beginner,software requirements  requirements analysis  requirements elicitation  software requirements specification  software  Agile Software Development  software development process  Software Engineering  requirements engineering  analysis computer-science software-development,0.2563,0.2358
90,Michael Brown,Web Developer,Web Development,2,Agile Planning for Software Products,4.7,0.94,Advanced,Risk  Leadership and Management  Software Engineering  Planning  project  Risk Management  software  Agile Software Development  Estimation  agile management computer-science software-development,0.234,0.22
90,Michael Brown,Web Developer,Web Development,3,Software Design as an Element of the Software Development Lifecycle,4.6,0.92,Advanced,Software Architecture  software design  security  Software Testing  Software Engineering  interfaces  low-level design  software  specification (technical standard)  software development process computer-science software-development,0.2282,0.2099
90,Michael Brown,Web Developer,Web Development,4,Design Patterns,4.6,0.92,Advanced,architectural pattern  code smell  software  code refactoring  design pattern  unified modeling language  software design  chain of responsibility  factory method pattern  software design pattern computer-science software-development,0.228,0.2098
90,Michael Brown,Web Developer,Web Development,5,Introduction to UI Design,4.7,0.94,Conversant,usability  user interface  experience  interfaces  evaluation  java annotation  user interface design  principle  principles of user interface design  User Experience computer-science design-and-product,0.2149,0.202
90,Michael Brown,Web Developer,Web Development,6,Standardisation & Technology,4.4,0.88,Advanced,ageing  how we decide  connected car  privacy  ethics  opinion  process  Weighting  standards organization  voting business business-strategy,0.2294,0.2019
90,Michael Brown,Web Developer,Web Development,7,Web Connectivity and Security in Embedded Systems,4.5,0.9,Advanced,attack model  cryptographic protocol  application layer  web service  web  link layer  wireless security  symmetric-key algorithm  application layer protocols  public-key cryptography computer-science computer-security-and-networks,0.2055,0.185
90,Michael Brown,Web Developer,Web Development,8,Usable Security,4.5,0.9,Beginner,Human Computer Interaction  privacy  java annotation  user interface  Security Design  usability testing  usability  authentication  security  password computer-science computer-security-and-networks,0.2015,0.1814
90,Michael Brown,Web Developer,Web Development,9,Web Application Development: Basic Concepts,4.5,0.9,Advanced,active record pattern  ruby on rails  web  Javascript  ajax (programming)  html  middleware  ruby (programming language)  Full-Stack Web Development  web application computer-science mobile-and-web-development,0.2011,0.181
90,Michael Brown,Web Developer,Web Development,10,Software Development Processes and Methodologies,4.4,0.88,Advanced,waterfall model  modeling  software  scrum (software development)  methodology  process  Software Engineering  software development process  Software Testing  Agile Software Development computer-science software-development,0.1981,0.1743
91,Emily Lee,Data Analyst,Data Science,1,Introduction to Data Analytics,4.7,0.94,Advanced,analytics  Data Analysis  physics  Exploratory Data Analysis  business analytics  Python Programming  quality control  Data Science  SQL  Business Analysis data-science data-analysis,0.4757,0.4472
91,Emily Lee,Data Analyst,Data Science,2,Introduction to Data Analytics for Business,4.6,0.92,Advanced,analysis  analytics  SQL  Business Analysis  relational database  Data Analysis  Data Model  Databases  business analytics  modeling data-science data-analysis,0.3962,0.3645
91,Emily Lee,Data Analyst,Data Science,3,Business Analytics Executive Overview,4.5,0.9,Beginner,Data Visualization  quantum computing  business analytics  Recruitment  analytics  Closed-Form Expression  Chart  Business Intelligence  euler's totient function  Data Warehousing business leadership-and-management,0.3958,0.3562
91,Emily Lee,Data Analyst,Data Science,4,Foundations of strategic business analytics,4.4,0.88,Advanced,Project Management  analysis  analytics  R Programming  credit scoring  Data Analysis  Computer Programming  business analytics  Business Analysis  presentation business business-essentials,0.4007,0.3526
91,Emily Lee,Data Analyst,Data Science,5,Communicating Business Analytics Results,4.4,0.88,Advanced,Strategy  Communication  business analytics  analytics  analysis  presentation  Data Analysis  graphs  measurement  Data Visualization data-science data-analysis,0.4006,0.3525
91,Emily Lee,Data Analyst,Data Science,6,Introduction to Accounting Data Analytics and Visualization,4.8,0.96,Advanced,data clustering algorithms  analytics  tableau software  Microsoft Excel  Data Visualization  microsoft excel vba  Pivot Table  analysis  Data Analysis  software data-science data-analysis,0.3667,0.352
91,Emily Lee,Data Analyst,Data Science,7,Introduction to Business Analytics with R,4.4,0.88,Advanced,lecture  rstudio  business analytics  software  R Programming  Data Analysis  Exploratory Data Analysis  applied statistics  utility  analytics business business-essentials,0.3935,0.3463
91,Emily Lee,Data Analyst,Data Science,8,"Business Intelligence Concepts, Tools, and Applications",4.3,0.86,Advanced,Data Visualization  balanced scorecard  performance measurement  critical success factor  openfabrics alliance  Business Intelligence  SQL  Data Warehousing  MicroStrategy  Performance Management data-science data-analysis,0.348,0.2993
91,Emily Lee,Data Analyst,Data Science,9,Advanced Business Analytics Capstone,4.2,0.84,Advanced,Business Intelligence  Business Analysis  analysis  portfolio (finance)  business analytics  SQL  Missing Data  Data Analysis  predictive analytics  analytics data-science data-analysis,0.3556,0.2987
91,Emily Lee,Data Analyst,Data Science,10,Accounting Data Analytics with Python,3.6,0.72,Advanced,data type  relational database management system  Numpy  Basic Descriptive Statistics  Data Structures  Python Programming  Databases  SQL  euler's totient function  jpeg data-science data-analysis,0.3677,0.2647
93,Olivia Brown,Game Developer,Game Development,1,Agile Planning for Software Products,4.7,0.94,Advanced,Risk  Leadership and Management  Software Engineering  Planning  project  Risk Management  software  Agile Software Development  Estimation  agile management computer-science software-development,0.2476,0.2327
93,Olivia Brown,Game Developer,Game Development,2,Requirements Gathering for Secure Software Development,4.6,0.92,Beginner,software requirements  requirements analysis  requirements elicitation  software requirements specification  software  Agile Software Development  software development process  Software Engineering  requirements engineering  analysis computer-science software-development,0.2479,0.2281
93,Olivia Brown,Game Developer,Game Development,3,Introduction to Game Development,4.8,0.96,Beginner,game design  java annotation  Computer Programming  game development tool  user interface  game engine  unity (user interface)  programming tool  interfaces  video game development computer-science software-development,0.2245,0.2155
93,Olivia Brown,Game Developer,Game Development,4,Software Design as an Element of the Software Development Lifecycle,4.6,0.92,Advanced,Software Architecture  software design  security  Software Testing  Software Engineering  interfaces  low-level design  software  specification (technical standard)  software development process computer-science software-development,0.2166,0.1993
93,Olivia Brown,Game Developer,Game Development,5,Reviews & Metrics for Software Improvements,4.6,0.92,Advanced,software metrics  software project management  scrum (software development)  Project Management  software  Leadership and Management  Software Engineering  software product management  project  Product Management computer-science design-and-product,0.2161,0.1988
93,Olivia Brown,Game Developer,Game Development,6,Software Development Processes and Methodologies,4.4,0.88,Advanced,waterfall model  modeling  software  scrum (software development)  methodology  process  Software Engineering  software development process  Software Testing  Agile Software Development computer-science software-development,0.225,0.198
93,Olivia Brown,Game Developer,Game Development,7,Engineering Practices for Building Quality Software,4.1,0.82,Conversant,code coverage  version control systems  software project management  design pattern  software quality  Software Architecture  static analysis  software  Continuous Integration  Software Engineering computer-science software-development,0.2248,0.1843
93,Olivia Brown,Game Developer,Game Development,8,Software Security,4.6,0.92,Advanced,internet security  SQL  security  Security Software  web  buffer overflow  software  penetration test  analysis  sql injection computer-science computer-security-and-networks,0.1947,0.1791
93,Olivia Brown,Game Developer,Game Development,9,Continuous Integration,3.7,0.74,Advanced,flow network  software development process  shippable  software configuration management  euler's totient function  reusability  packaging  software project management  DevOps  Continuous Integration computer-science software-development,0.2336,0.1729
93,Olivia Brown,Game Developer,Game Development,10,Lean Software Development,4.2,0.84,Advanced,process  Mobile Development  software  Agile Software Development  value stream mapping  software development process  Software Testing  Software Engineering  scrum (software development)  lean software development computer-science software-development,0.1984,0.1667
94,John Smith,Ethical Hacker,Cybersecurity,1,"Penetration Testing, Incident Response and Forensics",4.6,0.92,Beginner,incident management  penetration test  scripting language  Python Programming  Computer Security Incident Management  Leadership and Management  security  Computer Programming  digital forensics  forensics information-technology security,0.3292,0.3029
94,John Smith,Ethical Hacker,Cybersecurity,2,Web and Mobile Testing with Selenium,5.0,1.0,Intermediate,qa & ux manager  web  Software Testing  security testing  selenium  web testing  mobile app  test automation  website architecture  software quality assurance computer-science software-development,0.268,0.268
94,John Smith,Ethical Hacker,Cybersecurity,3,Network Security & Database Vulnerabilities,4.6,0.92,Beginner,Databases  database security  data security  sql injection  SQL  code injection  security  network address  Network Security  internet protocol suite information-technology security,0.2086,0.1919
94,John Smith,Ethical Hacker,Cybersecurity,4,Information Security: Context and Introduction,4.6,0.92,Beginner,Cryptography  Leadership and Management  security management  information security  Network Security  security  encryption  incident management  authorization  Risk computer-science computer-security-and-networks,0.2027,0.1865
94,John Smith,Ethical Hacker,Cybersecurity,5,Introduction to Automated Analysis,4.0,0.8,Advanced,run time (program lifecycle phase)  regression testing  Software Testing  analysis  data-flow analysis  qa & ux manager  static analysis  unit testing  test automation  static program analysis computer-science software-development,0.2253,0.1802
94,John Smith,Ethical Hacker,Cybersecurity,6,Security Operations and Administration,4.7,0.94,Advanced,configuration management  separation of duties  key (cryptography)  Security Operations  security awareness  Software Engineering  owasp  management process  security  release management information-technology security,0.1905,0.1791
94,John Smith,Ethical Hacker,Cybersecurity,7,Web Application Security Testing with Burp Suite,3.9,0.78,Intermediate,Software Security  burp suite  hypertext transfer protocol  security  web application security  sql injection  penetration test  web application  web  internet security computer-science computer-security-and-networks,0.2163,0.1687
94,John Smith,Ethical Hacker,Cybersecurity,8,Web Application Security Testing with OWASP ZAP,4.2,0.84,Beginner,owasp zap  uniform resource locator  penetration test  web application security  security  Software Security  owasp  internet security  web application  web computer-science computer-security-and-networks,0.1918,0.1611
94,John Smith,Ethical Hacker,Cybersecurity,9,Introduction to Software Testing,3.4,0.68,Advanced,software  test double  test plan  Software Testing  test automation  mock object  functional testing  Software Engineering  unit testing  code coverage computer-science software-development,0.19,0.1292
94,John Smith,Ethical Hacker,Cybersecurity,10,Black-box and White-box Testing,2.3,0.46,Advanced,code coverage  regular expression  test suite  Software Testing  structured programming  black-box testing  mutation testing  test case  test automation  white-box testing computer-science software-development,0.209,0.0961
95,Alice Johnson,Computer Vision Engineer,Computer Vision,1,Machine Learning With Big Data,4.6,0.92,Beginner,statistical classification  knime  data clustering algorithms  Human Learning  analysis  Algorithms  Apache Spark  cluster analysis  Machine Learning  Apache data-science machine-learning,0.4611,0.4242
95,Alice Johnson,Computer Vision Engineer,Computer Vision,2,Introduction to Applied Machine Learning,4.7,0.94,Intermediate,Algorithms  Machine Learning Algorithms  Applied Machine Learning  Test Set  Machine Learning  ordered pair  Training  Human Learning  Deep Learning  business requirements data-science machine-learning,0.3742,0.3517
95,Alice Johnson,Computer Vision Engineer,Computer Vision,3,Data Science for Business Innovation,4.2,0.84,Advanced,statistical classification  Machine Learning  Big Data  Data Analysis  linear regression  recommender systems  linearity  analysis  Computer Programming  Machine Learning Algorithms data-science data-analysis,0.3787,0.3181
95,Alice Johnson,Computer Vision Engineer,Computer Vision,4,Machine Learning Foundations: A Case Study Approach,4.5,0.9,Conversant,Human Learning  Regression  Machine Learning  Graphlab  statistical classification  linearity  Algorithms  Computer Programming  Python Programming  analysis data-science machine-learning,0.3406,0.3065
95,Alice Johnson,Computer Vision Engineer,Computer Vision,5,Introduction to Data Analytics,4.7,0.94,Advanced,analytics  Data Analysis  physics  Exploratory Data Analysis  business analytics  Python Programming  quality control  Data Science  SQL  Business Analysis data-science data-analysis,0.3207,0.3015
95,Alice Johnson,Computer Vision Engineer,Computer Vision,6,Machine Learning for Data Analysis,4.2,0.84,Intermediate,Algorithms  Data Analysis  numbers (spreadsheet)  evaluation  Machine Learning  Regression  Dependent And Independent Variables  Human Learning  Regression Analysis  decision tree data-science machine-learning,0.3501,0.2941
95,Alice Johnson,Computer Vision Engineer,Computer Vision,7,Machine Learning for All,4.7,0.94,Conversant,robotics  Machine Learning  Artificial Neural Networks  Training  Algorithms  Tensorflow  statistical classification  modeling  Human Learning  Deep Learning computer-science software-development,0.306,0.2876
95,Alice Johnson,Computer Vision Engineer,Computer Vision,8,Code Free Data Science,4.3,0.86,Beginner,analytics  knime  download  decision tree  Machine Learning  Data Manipulation  Data Mining  data clustering algorithms  Microsoft Excel  modeling data-science machine-learning,0.3332,0.2866
95,Alice Johnson,Computer Vision Engineer,Computer Vision,9,Developing AI Applications on Azure,4.3,0.86,Beginner,Machine Learning  web service  workspace  Training  Computer Programming  Microsoft Azure  Python Programming  Computer Vision  Human Learning  application programming interfaces data-science machine-learning,0.3148,0.2707
95,Alice Johnson,Computer Vision Engineer,Computer Vision,10,How to Win a Data Science Competition: Learn from Top Kagglers,4.3,0.86,Advanced,Machine Learning  Data Analysis  feature extraction  analysis  hyperparameter  Human Learning  Feature Engineering  Hyperparameter Optimization  Kaggle  mathematical optimization data-science data-analysis,0.3135,0.2696
96,Robert Davis,DevOps Engineer,Software Engineering,1,Configuration Management and the Cloud,4.7,0.94,Conversant,Google Cloud Platform  virtual machine  Cloud Platforms  Cloud Computing  Leadership and Management  software  Puppet (software)  Troubleshooting  configuration management  software configuration management information-technology cloud-computing,0.1806,0.1698
96,Robert Davis,DevOps Engineer,Software Engineering,2,RPA Lifecycle: Deployment and Maintenance,4.6,0.92,Advanced,java annotation  automation anywhere  user interface  interfaces  maintenance  euler's totient function  upload  running  schedule  Leadership and Management computer-science software-development,0.133,0.1224
96,Robert Davis,DevOps Engineer,Software Engineering,3,Planning for your G Suite Deployment,4.8,0.96,Beginner,project  Planning  web  web browsers  latex  provisioning  Change Management  Smoothing  failure  euler's totient function computer-science computer-security-and-networks,0.1221,0.1172
96,Robert Davis,DevOps Engineer,Software Engineering,4,Engineering Practices for Building Quality Software,4.1,0.82,Conversant,code coverage  version control systems  software project management  design pattern  software quality  Software Architecture  static analysis  software  Continuous Integration  Software Engineering computer-science software-development,0.1427,0.117
96,Robert Davis,DevOps Engineer,Software Engineering,5,Standardisation & Technology,4.4,0.88,Advanced,ageing  how we decide  connected car  privacy  ethics  opinion  process  Weighting  standards organization  voting business business-strategy,0.1321,0.1162
96,Robert Davis,DevOps Engineer,Software Engineering,6,Security Operations and Administration,4.7,0.94,Advanced,configuration management  separation of duties  key (cryptography)  Security Operations  security awareness  Software Engineering  owasp  management process  security  release management information-technology security,0.1227,0.1153
96,Robert Davis,DevOps Engineer,Software Engineering,7,Building Test Automation Framework using Selenium and TestNG,4.7,0.94,Beginner,maintenance  test case  test automation  screenshot  project  helper class  selenium  reusability  debugging  php computer-science software-development,0.122,0.1147
96,Robert Davis,DevOps Engineer,Software Engineering,8,Business Analysis & Process Management,4.3,0.86,Beginner,analysis  Business Process Management  process  process management  process modeling  Business Analysis  automated business process  Leadership and Management  project  business process business leadership-and-management,0.1192,0.1025
96,Robert Davis,DevOps Engineer,Software Engineering,9,Continuous Integration,3.7,0.74,Advanced,flow network  software development process  shippable  software configuration management  euler's totient function  reusability  packaging  software project management  DevOps  Continuous Integration computer-science software-development,0.1337,0.0989
96,Robert Davis,DevOps Engineer,Software Engineering,10,Design and Analyze Secure Networked Systems,3.4,0.68,Advanced,cyber resilience  digital signature  risk management framework  security  Network Security  public-key cryptography  web  web server  principle of least privilege  data breaches computer-science computer-security-and-networks,0.1281,0.0871
97,Emily Wilson,Bioinformatician,Bioinformatics,1,Foundations of Data Science: K-Means Clustering in Python,4.7,0.94,Conversant,unsupervised learning  data clustering algorithms  Computer Programming  ipython  Machine Learning  k-means clustering  graphs  Numpy  cluster analysis  Python Programming data-science machine-learning,0.3388,0.3185
97,Emily Wilson,Bioinformatician,Bioinformatics,2,Code Free Data Science,4.3,0.86,Beginner,analytics  knime  download  decision tree  Machine Learning  Data Manipulation  Data Mining  data clustering algorithms  Microsoft Excel  modeling data-science machine-learning,0.3414,0.2936
97,Emily Wilson,Bioinformatician,Bioinformatics,3,Introduction to Data Analytics,4.7,0.94,Advanced,analytics  Data Analysis  physics  Exploratory Data Analysis  business analytics  Python Programming  quality control  Data Science  SQL  Business Analysis data-science data-analysis,0.2994,0.2814
97,Emily Wilson,Bioinformatician,Bioinformatics,4,A Crash Course in Data Science,4.4,0.88,Conversant,analysis  Machine Learning  software  Human Learning  Data Analysis  General Statistics  Exploratory Data Analysis  Leadership and Management  Software Engineering  project data-science data-analysis,0.3016,0.2654
97,Emily Wilson,Bioinformatician,Bioinformatics,5,Data Science for Business Innovation,4.2,0.84,Advanced,statistical classification  Machine Learning  Big Data  Data Analysis  linear regression  recommender systems  linearity  analysis  Computer Programming  Machine Learning Algorithms data-science data-analysis,0.3154,0.2649
97,Emily Wilson,Bioinformatician,Bioinformatics,6,Data Science Methodology,4.5,0.9,Beginner,analytics  Data Model  process  evaluation  modeling  Data Mining  analysis  Data Analysis  Cross Industry Standard Process for Data Mining (CRISP-DM)  methodology data-science data-analysis,0.2867,0.258
97,Emily Wilson,Bioinformatician,Bioinformatics,7,How to Win a Data Science Competition: Learn from Top Kagglers,4.3,0.86,Advanced,Machine Learning  Data Analysis  feature extraction  analysis  hyperparameter  Human Learning  Feature Engineering  Hyperparameter Optimization  Kaggle  mathematical optimization data-science data-analysis,0.2969,0.2553
97,Emily Wilson,Bioinformatician,Bioinformatics,8,Machine Learning With Big Data,4.6,0.92,Beginner,statistical classification  knime  data clustering algorithms  Human Learning  analysis  Algorithms  Apache Spark  cluster analysis  Machine Learning  Apache data-science machine-learning,0.277,0.2548
97,Emily Wilson,Bioinformatician,Bioinformatics,9,What is Data Science?,4.6,0.92,Conversant,analysis  Machine Learning  Data Mining  Artificial Neural Networks  Regression Analysis  Data Analysis  data reporting  Human Learning  Regression  Big Data data-science data-analysis,0.2749,0.2529
97,Emily Wilson,Bioinformatician,Bioinformatics,10,Introduction to Clinical Data Science,4.6,0.92,Advanced,relational database  bigquery  Data Analysis  R Programming  SQL  Clinical Data Analysis  Computer Programming  rstudio  join (sql)  analysis data-science data-analysis,0.2652,0.244
98,Michael Brown,IoT Developer,IoT (Internet of Things),1,Social Network Analysis,4.6,0.92,Beginner,Factorial  s-box  network science  analysis  social network analysis  Databases  social network  computational social science  Mathematics  Network Analysis data-science data-analysis,0.3172,0.2918
98,Michael Brown,IoT Developer,IoT (Internet of Things),2,Managing Network Security,4.7,0.94,Advanced,wireless  Cisco  Microarchitecture  web  Network Security  crime  privacy  internet  Cryptography  security information-technology security,0.294,0.2764
98,Michael Brown,IoT Developer,IoT (Internet of Things),3,Web Connectivity and Security in Embedded Systems,4.5,0.9,Advanced,attack model  cryptographic protocol  application layer  web service  web  link layer  wireless security  symmetric-key algorithm  application layer protocols  public-key cryptography computer-science computer-security-and-networks,0.3069,0.2762
98,Michael Brown,IoT Developer,IoT (Internet of Things),4,Real-Time Mission-Critical Systems Design,4.6,0.92,Advanced,failure  coprocessor  program optimization  approximation error  hamming code  flash file system  hardware interface design  high availability  fagan inspection  interfaces physical-science-and-engineering electrical-engineering,0.2891,0.266
98,Michael Brown,IoT Developer,IoT (Internet of Things),5,Networks and Communications Security,4.7,0.94,Advanced,sublayer  virtual circuit  security  virtual lan  wireless  fibre channel over ethernet  virtual private lan service  domain name system  control plane  data link layer information-technology security,0.2552,0.2399
98,Michael Brown,IoT Developer,IoT (Internet of Things),6,Applied Social Network Analysis in Python,4.6,0.92,Advanced,Network Analysis  graphs  Computer Programming  network theory  Python Programming  analysis  social network  Graph Theory  Machine Learning  social network analysis data-science data-analysis,0.258,0.2374
98,Michael Brown,IoT Developer,IoT (Internet of Things),7,UX and Interface Design for Embedded Systems,4.6,0.92,Advanced,java annotation  persona (user experience)  interfaces  verification and validation  User Experience  Human Computer Interaction  usability  user persona  user interface design  User Research computer-science design-and-product,0.2521,0.2319
98,Michael Brown,IoT Developer,IoT (Internet of Things),8,Intel� Network Academy - Network Transformation 101,4.4,0.88,Advanced,internet  edge computing  software  Network Architecture  euler's totient function  Cloud Computing  architecture  network function virtualization  internet of things  virtualization software information-technology networking,0.257,0.2262
98,Michael Brown,IoT Developer,IoT (Internet of Things),9,Network Security & Database Vulnerabilities,4.6,0.92,Beginner,Databases  database security  data security  sql injection  SQL  code injection  security  network address  Network Security  internet protocol suite information-technology security,0.244,0.2245
98,Michael Brown,IoT Developer,IoT (Internet of Things),10,Capstone:  Autonomous Runway Detection for IoT,4.5,0.9,Advanced,front and back ends  software requirements  project  software design  real-time operating systems  interfaces  software  Software Engineering  internet of things  verification and validation computer-science software-development,0.2492,0.2243
99,Laura Lee,NLP Engineer,Natural Language Processing,1,Machine Learning With Big Data,4.6,0.92,Beginner,statistical classification  knime  data clustering algorithms  Human Learning  analysis  Algorithms  Apache Spark  cluster analysis  Machine Learning  Apache data-science machine-learning,0.4814,0.4429
99,Laura Lee,NLP Engineer,Natural Language Processing,2,Introduction to Applied Machine Learning,4.7,0.94,Intermediate,Algorithms  Machine Learning Algorithms  Applied Machine Learning  Test Set  Machine Learning  ordered pair  Training  Human Learning  Deep Learning  business requirements data-science machine-learning,0.387,0.3638
99,Laura Lee,NLP Engineer,Natural Language Processing,3,Data Science for Business Innovation,4.2,0.84,Advanced,statistical classification  Machine Learning  Big Data  Data Analysis  linear regression  recommender systems  linearity  analysis  Computer Programming  Machine Learning Algorithms data-science data-analysis,0.3914,0.3288
99,Laura Lee,NLP Engineer,Natural Language Processing,4,Introduction to Data Analytics,4.7,0.94,Advanced,analytics  Data Analysis  physics  Exploratory Data Analysis  business analytics  Python Programming  quality control  Data Science  SQL  Business Analysis data-science data-analysis,0.3474,0.3266
99,Laura Lee,NLP Engineer,Natural Language Processing,5,Machine Learning Foundations: A Case Study Approach,4.5,0.9,Conversant,Human Learning  Regression  Machine Learning  Graphlab  statistical classification  linearity  Algorithms  Computer Programming  Python Programming  analysis data-science machine-learning,0.3483,0.3135
99,Laura Lee,NLP Engineer,Natural Language Processing,6,Machine Learning for Data Analysis,4.2,0.84,Intermediate,Algorithms  Data Analysis  numbers (spreadsheet)  evaluation  Machine Learning  Regression  Dependent And Independent Variables  Human Learning  Regression Analysis  decision tree data-science machine-learning,0.358,0.3007
99,Laura Lee,NLP Engineer,Natural Language Processing,7,Code Free Data Science,4.3,0.86,Beginner,analytics  knime  download  decision tree  Machine Learning  Data Manipulation  Data Mining  data clustering algorithms  Microsoft Excel  modeling data-science machine-learning,0.3471,0.2985
99,Laura Lee,NLP Engineer,Natural Language Processing,8,Data Analysis with Python,4.6,0.92,Conversant,Data Model  Regression  Python Programming  Regression Analysis  Exploratory Data Analysis  analysis  Computer Programming  modeling  Data Analysis  linearity data-science data-analysis,0.317,0.2916
99,Laura Lee,NLP Engineer,Natural Language Processing,9,Machine Learning for Accounting with Python,4.5,0.9,Advanced,statistical classification  Regression  mathematical optimization  Python Programming  decision tree  Document Classification  n-gram  Machine Learning  Algorithms  hyperparameter data-science machine-learning,0.3195,0.2876
99,Laura Lee,NLP Engineer,Natural Language Processing,10,Developing AI Applications on Azure,4.3,0.86,Beginner,Machine Learning  web service  workspace  Training  Computer Programming  Microsoft Azure  Python Programming  Computer Vision  Human Learning  application programming interfaces data-science machine-learning,0.3198,0.275
100,William Johnson,Data Analyst,Data Mining,1,Introduction to Data Analytics,4.7,0.94,Advanced,analytics  Data Analysis  physics  Exploratory Data Analysis  business analytics  Python Programming  quality control  Data Science  SQL  Business Analysis data-science data-analysis,0.4757,0.4472
100,William Johnson,Data Analyst,Data Mining,2,Introduction to Data Analytics for Business,4.6,0.92,Advanced,analysis  analytics  SQL  Business Analysis  relational database  Data Analysis  Data Model  Databases  business analytics  modeling data-science data-analysis,0.3962,0.3645
100,William Johnson,Data Analyst,Data Mining,3,Business Analytics Executive Overview,4.5,0.9,Beginner,Data Visualization  quantum computing  business analytics  Recruitment  analytics  Closed-Form Expression  Chart  Business Intelligence  euler's totient function  Data Warehousing business leadership-and-management,0.3958,0.3562
100,William Johnson,Data Analyst,Data Mining,4,Foundations of strategic business analytics,4.4,0.88,Advanced,Project Management  analysis  analytics  R Programming  credit scoring  Data Analysis  Computer Programming  business analytics  Business Analysis  presentation business business-essentials,0.4007,0.3526
100,William Johnson,Data Analyst,Data Mining,5,Communicating Business Analytics Results,4.4,0.88,Advanced,Strategy  Communication  business analytics  analytics  analysis  presentation  Data Analysis  graphs  measurement  Data Visualization data-science data-analysis,0.4006,0.3525
100,William Johnson,Data Analyst,Data Mining,6,Introduction to Accounting Data Analytics and Visualization,4.8,0.96,Advanced,data clustering algorithms  analytics  tableau software  Microsoft Excel  Data Visualization  microsoft excel vba  Pivot Table  analysis  Data Analysis  software data-science data-analysis,0.3667,0.352
100,William Johnson,Data Analyst,Data Mining,7,Introduction to Business Analytics with R,4.4,0.88,Advanced,lecture  rstudio  business analytics  software  R Programming  Data Analysis  Exploratory Data Analysis  applied statistics  utility  analytics business business-essentials,0.3935,0.3463
100,William Johnson,Data Analyst,Data Mining,8,"Business Intelligence Concepts, Tools, and Applications",4.3,0.86,Advanced,Data Visualization  balanced scorecard  performance measurement  critical success factor  openfabrics alliance  Business Intelligence  SQL  Data Warehousing  MicroStrategy  Performance Management data-science data-analysis,0.348,0.2993
100,William Johnson,Data Analyst,Data Mining,9,Advanced Business Analytics Capstone,4.2,0.84,Advanced,Business Intelligence  Business Analysis  analysis  portfolio (finance)  business analytics  SQL  Missing Data  Data Analysis  predictive analytics  analytics data-science data-analysis,0.3556,0.2987
100,William Johnson,Data Analyst,Data Mining,10,Accounting Data Analytics with Python,3.6,0.72,Advanced,data type  relational database management system  Numpy  Basic Descriptive Statistics  Data Structures  Python Programming  Databases  SQL  euler's totient function  jpeg data-science data-analysis,0.3677,0.2647
101,Sarah Miller,Cloud Solutions Architect,Cloud Computing,1,System Administration and IT Infrastructure Services,4.7,0.94,Conversant,disaster  directory services  lightweight directory access protocol  Cloud Computing  backup  directory access protocol  Planning  lightweight  Server Systems  infrastructure as a service information-technology support-and-operations,0.2759,0.2593
101,Sarah Miller,Cloud Solutions Architect,Cloud Computing,2,Essential Google Cloud Infrastructure: Core Services,4.7,0.94,Conversant,Leadership and Management  bigquery  Cloud Infrastructure  identity management  Cloud Platforms  Cloud Computing  network monitoring  Google Cloud Platform  Cloud Storage  resource information-technology cloud-computing,0.2556,0.2403
101,Sarah Miller,Cloud Solutions Architect,Cloud Computing,3,Essential Google Cloud Infrastructure: Foundation,4.7,0.94,Conversant,Cloud Infrastructure  private network  virtual machine  Cloud Storage  Cloud Computing  virtual private networks  Network Architecture  Cloud Platforms  architecture  Google Cloud Platform information-technology cloud-computing,0.2471,0.2323
101,Sarah Miller,Cloud Solutions Architect,Cloud Computing,4,Elastic Google Cloud Infrastructure: Scaling and Automation,4.7,0.94,Beginner,Cloud Platforms  virtual private networks  Google Cloud Platform  Cloud Computing  load balancing  build automation  deployment environment  Cloud Infrastructure  managed services  Leadership and Management information-technology cloud-computing,0.2459,0.2311
101,Sarah Miller,Cloud Solutions Architect,Cloud Computing,5,Enterprise and Infrastructure Security,4.6,0.92,Advanced,infrastructure security  critical infrastructure protection  cloud computing security  Mobile Security  payment card industry data security standard  Cloud Computing  security awareness  BlockChain  internet of things  security computer-science computer-security-and-networks,0.2341,0.2154
101,Sarah Miller,Cloud Solutions Architect,Cloud Computing,6,Reliable Google Cloud Infrastructure: Design and Process,4.7,0.94,Beginner,Google Cloud Platform  Cloud Platforms  Cloud Computing  process  security  Cloud Infrastructure  deployment environment  site reliability engineering  architecture  reliability engineering information-technology cloud-computing,0.2179,0.2048
101,Sarah Miller,Cloud Solutions Architect,Cloud Computing,7,Cloud Networking,4.4,0.88,Advanced,Network Infrastructure  distributed computing  tcp congestion control  Computer Networking  routing  Cloud Computing  Cloud Infrastructure  Python Programming  network congestion  data centers computer-science computer-security-and-networks,0.2285,0.2011
101,Sarah Miller,Cloud Solutions Architect,Cloud Computing,8,"Innovation Through Design: Think, Make, Break, Repeat",4.7,0.94,Intermediate,minimum viable product  Innovation  innovation management  thought  process  Entrepreneurship  design thinking  agile management  instructional design  project management professional business entrepreneurship,0.2071,0.1947
101,Sarah Miller,Cloud Solutions Architect,Cloud Computing,9,Prototyping and Design,4.6,0.92,Advanced,design pattern  paper prototyping  Commercial Design  user interface  interaction design  interaction design pattern  User Experience  interfaces  usability  user interface design computer-science design-and-product,0.2068,0.1903
101,Sarah Miller,Cloud Solutions Architect,Cloud Computing,10,Azure Infrastructure Fundamentals,4.2,0.84,Advanced,Microsoft Azure  Machine Learning  coroutine  openshift  sap erp  reliability engineering  archimate  BlockChain  windows services  site reliability engineering computer-science computer-security-and-networks,0.2254,0.1893
102,James Wilson,UX Designer,Human-Computer Interaction,1,User Experience Design � Creating User Profiles,4.2,0.84,Beginner,project  experience  User Experience  Business  flow network  spreadsheet  Persona Research  User Experience Design  documents  presentation business business-essentials,0.6104,0.5127
102,James Wilson,UX Designer,Human-Computer Interaction,2,User Research and Design,4.5,0.9,Advanced,usability  user interface design  User Research  reason  user interface  lecture  Entrepreneurship  User Experience  contextual inquiry  i-deas computer-science design-and-product,0.5262,0.4736
102,James Wilson,UX Designer,Human-Computer Interaction,3,Introduction to User Experience Design,4.5,0.9,Beginner,user interface  experience design  User Research  evaluation  usability  User Experience  User Experience Design  experience  paper prototyping  user interface design computer-science design-and-product,0.5142,0.4628
102,James Wilson,UX Designer,Human-Computer Interaction,4,Evaluating Designs with Users,4.7,0.94,Beginner,Human Computer Interaction  relative change and difference  User Experience Design  User Experience  User Research  Planning  interaction design  measurement  usability testing  evaluation computer-science design-and-product,0.4834,0.4544
102,James Wilson,UX Designer,Human-Computer Interaction,5,UX (User Experience) Capstone,4.7,0.94,Advanced,User Experience Design  a/b testing  experience  content management system  Planning  case study  User Research  Human Computer Interaction  interaction design  User Experience computer-science design-and-product,0.4742,0.4457
102,James Wilson,UX Designer,Human-Computer Interaction,6,Using Google Forms to Analyze User Research Data,4.7,0.94,Beginner,online shopping  User Research  Data Analysis  Market Research  organizing (management)  project  Marketing  Writing  Digital Marketing  Banking business business-strategy,0.4276,0.4019
102,James Wilson,UX Designer,Human-Computer Interaction,7,UX Design: From Concept to Prototype,4.5,0.9,Intermediate,Human Computer Interaction  Design Effect  User Experience  test design  brainstorming  interfaces  User Experience Design  storyboarding  interaction design  persona (user experience) computer-science design-and-product,0.4319,0.3887
102,James Wilson,UX Designer,Human-Computer Interaction,8,Introduction to UI Design,4.7,0.94,Conversant,usability  user interface  experience  interfaces  evaluation  java annotation  user interface design  principle  principles of user interface design  User Experience computer-science design-and-product,0.4023,0.3782
102,James Wilson,UX Designer,Human-Computer Interaction,9,Web Design: Strategy and Information Architecture,4.8,0.96,Advanced,User Experience  web  Strategy  architecture  persona (user experience)  information architecture  User Research  Web Design  site map  experience arts-and-humanities music-and-art,0.3455,0.3317
102,James Wilson,UX Designer,Human-Computer Interaction,10,Prototyping and Design,4.6,0.92,Advanced,design pattern  paper prototyping  Commercial Design  user interface  interaction design  interaction design pattern  User Experience  interfaces  usability  user interface design computer-science design-and-product,0.3574,0.3288
103,Olivia Clark,Healthcare IT Specialist,Biomedical Computing,1,Security Operations and Administration,4.7,0.94,Advanced,configuration management  separation of duties  key (cryptography)  Security Operations  security awareness  Software Engineering  owasp  management process  security  release management information-technology security,0.4511,0.424
103,Olivia Clark,Healthcare IT Specialist,Biomedical Computing,2,Information Security: Context and Introduction,4.6,0.92,Beginner,Cryptography  Leadership and Management  security management  information security  Network Security  security  encryption  incident management  authorization  Risk computer-science computer-security-and-networks,0.3957,0.364
103,Olivia Clark,Healthcare IT Specialist,Biomedical Computing,3,Network Security & Database Vulnerabilities,4.6,0.92,Beginner,Databases  database security  data security  sql injection  SQL  code injection  security  network address  Network Security  internet protocol suite information-technology security,0.3715,0.3418
103,Olivia Clark,Healthcare IT Specialist,Biomedical Computing,4,Protecting Cloud Architecture with Alibaba Cloud,4.9,0.98,Beginner,performance  wi-fi  encryption  data security  wireless network interface controller  index  security  Switches  web  history computer-science software-development,0.3457,0.3388
103,Olivia Clark,Healthcare IT Specialist,Biomedical Computing,5,Networks and Communications Security,4.7,0.94,Advanced,sublayer  virtual circuit  security  virtual lan  wireless  fibre channel over ethernet  virtual private lan service  domain name system  control plane  data link layer information-technology security,0.3376,0.3173
103,Olivia Clark,Healthcare IT Specialist,Biomedical Computing,6,Enterprise and Infrastructure Security,4.6,0.92,Advanced,infrastructure security  critical infrastructure protection  cloud computing security  Mobile Security  payment card industry data security standard  Cloud Computing  security awareness  BlockChain  internet of things  security computer-science computer-security-and-networks,0.3244,0.2984
103,Olivia Clark,Healthcare IT Specialist,Biomedical Computing,7,Cloud Security Basics,4.7,0.94,Advanced,separation of duties  protocol stack  cloud computing security  trust boundary  attack surface  cryptographic protocol  security  Network Security  Cloud Computing  public key certificate information-technology cloud-computing,0.3133,0.2945
103,Olivia Clark,Healthcare IT Specialist,Biomedical Computing,8,Systems and Application Security,4.8,0.96,Advanced,virtual machine  encryption  process  privacy  software  malware  Cloud Computing  Leadership and Management  security  cloud computing security information-technology security,0.3052,0.293
103,Olivia Clark,Healthcare IT Specialist,Biomedical Computing,9,IT Security: Defense against the digital dark arts,4.7,0.94,Beginner,wireless  wireless security  authentication  encryption  information security  Network Security  Cryptography  security  System Security  network monitoring information-technology security,0.3041,0.2859
103,Olivia Clark,Healthcare IT Specialist,Biomedical Computing,10,The Business of Cybersecurity Capstone,4.8,0.96,Advanced,Risk  Leadership and Management  performance measurement  security management  security  information security  contingency plan  Risk Management  Computer Security Incident Management  Strategy computer-science computer-security-and-networks,0.2858,0.2744
108,Susan Davis,Data Privacy Specialist,Data Privacy,1,"Information Systems Auditing, Controls and Assurance",4.7,0.94,Beginner,Leadership and Management  information security  internal control  audit risk  Risk  information technology security audit  Risk Management  Audit  information technology audit  security information-technology security,0.3262,0.3066
108,Susan Davis,Data Privacy Specialist,Data Privacy,2,Security Operations and Administration,4.7,0.94,Advanced,configuration management  separation of duties  key (cryptography)  Security Operations  security awareness  Software Engineering  owasp  management process  security  release management information-technology security,0.3099,0.2913
108,Susan Davis,Data Privacy Specialist,Data Privacy,3,Information Security: Context and Introduction,4.6,0.92,Beginner,Cryptography  Leadership and Management  security management  information security  Network Security  security  encryption  incident management  authorization  Risk computer-science computer-security-and-networks,0.2767,0.2546
108,Susan Davis,Data Privacy Specialist,Data Privacy,4,The Business of Cybersecurity Capstone,4.8,0.96,Advanced,Risk  Leadership and Management  performance measurement  security management  security  information security  contingency plan  Risk Management  Computer Security Incident Management  Strategy computer-science computer-security-and-networks,0.2383,0.2288
108,Susan Davis,Data Privacy Specialist,Data Privacy,5,Infonomics I: Business Information Economics and Data Monetization,4.7,0.94,Intermediate,Product Management  infonomics  information theory  analytics  Big Data  Business Intelligence  asset management  intangible asset  asset  monetization business business-essentials,0.2286,0.2149
108,Susan Davis,Data Privacy Specialist,Data Privacy,6,The GRC Approach to Managing Cybersecurity,4.8,0.96,Advanced,isaca  information technology security audit  information technology audit  Cisco  keystroke logging  risk management framework  crime  security  privacy  methodology information-technology security,0.2159,0.2073
108,Susan Davis,Data Privacy Specialist,Data Privacy,7,Infonomics II: Business Information Management and Measurement,4.8,0.96,Advanced,financial modeling  organizational structure  data quality  enterprise information management  asset  asset management  monetization  financial ratio  maturity (finance)  Leadership and Management business business-strategy,0.2134,0.2049
108,Susan Davis,Data Privacy Specialist,Data Privacy,8,Cryptography and Information Theory,4.4,0.88,Intermediate,information leakage  side-channel attack  cryptanalysis  entropy (information theory)  information theory  one-time pad  Cryptography  security  event (probability theory)  security through obscurity computer-science computer-security-and-networks,0.2146,0.1888
108,Susan Davis,Data Privacy Specialist,Data Privacy,9,IBM Data Privacy for Information Architecture,4.6,0.92,Beginner,personally identifiable information  topology  information privacy  privacy  data protection  Workshops  data security  security  use case  data governance information-technology data-management,0.195,0.1794
108,Susan Davis,Data Privacy Specialist,Data Privacy,10,FinTech Risk Management,4.6,0.92,Beginner,financial institution  Leadership and Management  FinTech  business continuity  management process  Risk  financial regulation  internal control  Risk Management  Change Management business business-essentials,0.187,0.172
109,John Brown,Geospatial Analyst,Geographic Information Systems,1,Introduction to Data Analytics for Business,4.6,0.92,Advanced,analysis  analytics  SQL  Business Analysis  relational database  Data Analysis  Data Model  Databases  business analytics  modeling data-science data-analysis,0.4117,0.3788
109,John Brown,Geospatial Analyst,Geographic Information Systems,2,Communicating Business Analytics Results,4.4,0.88,Advanced,Strategy  Communication  business analytics  analytics  analysis  presentation  Data Analysis  graphs  measurement  Data Visualization data-science data-analysis,0.4303,0.3787
109,John Brown,Geospatial Analyst,Geographic Information Systems,3,Introduction to Data Analytics,4.7,0.94,Advanced,analytics  Data Analysis  physics  Exploratory Data Analysis  business analytics  Python Programming  quality control  Data Science  SQL  Business Analysis data-science data-analysis,0.3907,0.3673
109,John Brown,Geospatial Analyst,Geographic Information Systems,4,Business Analytics Executive Overview,4.5,0.9,Beginner,Data Visualization  quantum computing  business analytics  Recruitment  analytics  Closed-Form Expression  Chart  Business Intelligence  euler's totient function  Data Warehousing business leadership-and-management,0.3777,0.3399
109,John Brown,Geospatial Analyst,Geographic Information Systems,5,Foundations of strategic business analytics,4.4,0.88,Advanced,Project Management  analysis  analytics  R Programming  credit scoring  Data Analysis  Computer Programming  business analytics  Business Analysis  presentation business business-essentials,0.3835,0.3375
109,John Brown,Geospatial Analyst,Geographic Information Systems,6,Introduction to Accounting Data Analytics and Visualization,4.8,0.96,Advanced,data clustering algorithms  analytics  tableau software  Microsoft Excel  Data Visualization  microsoft excel vba  Pivot Table  analysis  Data Analysis  software data-science data-analysis,0.3406,0.327
109,John Brown,Geospatial Analyst,Geographic Information Systems,7,Advanced Business Analytics Capstone,4.2,0.84,Advanced,Business Intelligence  Business Analysis  analysis  portfolio (finance)  business analytics  SQL  Missing Data  Data Analysis  predictive analytics  analytics data-science data-analysis,0.3775,0.3171
109,John Brown,Geospatial Analyst,Geographic Information Systems,8,Introduction to Business Analytics with R,4.4,0.88,Advanced,lecture  rstudio  business analytics  software  R Programming  Data Analysis  Exploratory Data Analysis  applied statistics  utility  analytics business business-essentials,0.3562,0.3135
109,John Brown,Geospatial Analyst,Geographic Information Systems,9,Introduction to Business Analytics: Communicating with Data,4.6,0.92,Advanced,visual communication  Data Visualization  analytics  Business Analysis  Microsoft Excel  business analytics  Communication  analysis  Digital Marketing  Data Analysis business leadership-and-management,0.3344,0.3076
109,John Brown,Geospatial Analyst,Geographic Information Systems,10,Predictive Analytics and Data Mining,4.1,0.82,Advanced,unsupervised learning  Accuracy And Precision  k-means clustering  decision tree  Small Data  Bayesian Inference  statistical classification  cluster analysis  recommender systems  data clustering algorithms business leadership-and-management,0.33,0.2706
110,Laura Lee,Distributed Systems Engineer,Distributed Systems,1,Social Network Analysis,4.6,0.92,Beginner,Factorial  s-box  network science  analysis  social network analysis  Databases  social network  computational social science  Mathematics  Network Analysis data-science data-analysis,0.3294,0.303
110,Laura Lee,Distributed Systems Engineer,Distributed Systems,2,Managing Network Security,4.7,0.94,Advanced,wireless  Cisco  Microarchitecture  web  Network Security  crime  privacy  internet  Cryptography  security information-technology security,0.3133,0.2945
110,Laura Lee,Distributed Systems Engineer,Distributed Systems,3,Networks and Communications Security,4.7,0.94,Advanced,sublayer  virtual circuit  security  virtual lan  wireless  fibre channel over ethernet  virtual private lan service  domain name system  control plane  data link layer information-technology security,0.2923,0.2748
110,Laura Lee,Distributed Systems Engineer,Distributed Systems,4,Web Connectivity and Security in Embedded Systems,4.5,0.9,Advanced,attack model  cryptographic protocol  application layer  web service  web  link layer  wireless security  symmetric-key algorithm  application layer protocols  public-key cryptography computer-science computer-security-and-networks,0.3001,0.2701
110,Laura Lee,Distributed Systems Engineer,Distributed Systems,5,Applied Social Network Analysis in Python,4.6,0.92,Advanced,Network Analysis  graphs  Computer Programming  network theory  Python Programming  analysis  social network  Graph Theory  Machine Learning  social network analysis data-science data-analysis,0.2766,0.2545
110,Laura Lee,Distributed Systems Engineer,Distributed Systems,6,Introduction to UI Design,4.7,0.94,Conversant,usability  user interface  experience  interfaces  evaluation  java annotation  user interface design  principle  principles of user interface design  User Experience computer-science design-and-product,0.255,0.2397
110,Laura Lee,Distributed Systems Engineer,Distributed Systems,7,Packet Switching Networks and Algorithms,4.6,0.92,Advanced,packet switching  traffic management  network layer  routing  random early detection  network topology  token bucket  routing protocol  topology  open shortest path first computer-science computer-security-and-networks,0.2517,0.2316
110,Laura Lee,Distributed Systems Engineer,Distributed Systems,8,Intel� Network Academy - Network Transformation 101,4.4,0.88,Advanced,internet  edge computing  software  Network Architecture  euler's totient function  Cloud Computing  architecture  network function virtualization  internet of things  virtualization software information-technology networking,0.2591,0.228
110,Laura Lee,Distributed Systems Engineer,Distributed Systems,9,Protecting Cloud Architecture with Alibaba Cloud,4.9,0.98,Beginner,performance  wi-fi  encryption  data security  wireless network interface controller  index  security  Switches  web  history computer-science software-development,0.2321,0.2275
110,Laura Lee,Distributed Systems Engineer,Distributed Systems,10,Network Security & Database Vulnerabilities,4.6,0.92,Beginner,Databases  database security  data security  sql injection  SQL  code injection  security  network address  Network Security  internet protocol suite information-technology security,0.2464,0.2267
111,William Johnson,Digital Forensics Specialist,Digital Forensics,1,Challenging Forensic Science: How Science Should Speak to Court,4.9,0.98,Beginner,crime  fingerprints  proposition  dna profiling  law  forensics  dnas  speech  forensic science  crime scene social-sciences law,0.2372,0.2325
111,William Johnson,Digital Forensics Specialist,Digital Forensics,2,REAL BONES:  Adventures in Forensic Anthropology,4.6,0.92,Beginner,adult  forensic biology  pathology  death  forensic anthropology  forensic science  forensics  ageing  Anthropology  mandible social-sciences law,0.1968,0.1811
111,William Johnson,Digital Forensics Specialist,Digital Forensics,3,Powerful Tools for Teaching and Learning: Digital Storytelling,4.6,0.92,Advanced,online learning  storyboarding  blogging  Storytelling  creative writing  photography  education  instructional design  Video Editing  teaching social-sciences education,0.1871,0.1721
111,William Johnson,Digital Forensics Specialist,Digital Forensics,4,Digital Media and Marketing Strategies,4.4,0.88,Advanced,market (economics)  Digital Marketing  Planning  media market  Social Media  digital media  Marketing  digital strategy  Strategy  marketing strategy business marketing,0.194,0.1707
111,William Johnson,Digital Forensics Specialist,Digital Forensics,5,Introduction to Forensic Science,4.7,0.94,Advanced,thought  forensics  crime scene  forensic evidence  chemistry  crime  forensic science  dnas  analysis  DNA life-sciences basic-science,0.1677,0.1576
111,William Johnson,Digital Forensics Specialist,Digital Forensics,6,Digital Thread: Components,4.6,0.92,Beginner,Continuous Function  manufacturing process management  Mechatronics  interoperability  recommender systems  data sharing  multi-factor authentication  Engineering Software  Mechanical Engineering  sap erp physical-science-and-engineering mechanical-engineering,0.165,0.1518
111,William Johnson,Digital Forensics Specialist,Digital Forensics,7,"Penetration Testing, Incident Response and Forensics",4.6,0.92,Beginner,incident management  penetration test  scripting language  Python Programming  Computer Security Incident Management  Leadership and Management  security  Computer Programming  digital forensics  forensics information-technology security,0.1551,0.1427
111,William Johnson,Digital Forensics Specialist,Digital Forensics,8,Digital Systems: From Logic Gates to Processors,4.4,0.88,Intermediate,logic gate  Digital Circuit Design  augmented assignment  Digital Design  pseudocode  logic  Circuit Design  boolean algebra  computer-aided design  electronics physical-science-and-engineering electrical-engineering,0.1609,0.1416
111,William Johnson,Digital Forensics Specialist,Digital Forensics,9,Innovating in a Digital World,4.6,0.92,Intermediate,digital strategy  value chain  open innovation  Strategy  rationality  Entrepreneurship  product planning  Innovation  business plan  gross margin business entrepreneurship,0.1514,0.1393
111,William Johnson,Digital Forensics Specialist,Digital Forensics,10,Digitalization in International Relations,4.6,0.92,Conversant,international relations  Influencing  process  voting  Russian  phenomenon  presentation  digitizing  cyber-security regulation  internet information-technology networking,0.1494,0.1374
112,Sarah Miller,Bioinformatician,Bioinformatics,1,Foundations of Data Science: K-Means Clustering in Python,4.7,0.94,Conversant,unsupervised learning  data clustering algorithms  Computer Programming  ipython  Machine Learning  k-means clustering  graphs  Numpy  cluster analysis  Python Programming data-science machine-learning,0.3388,0.3185
112,Sarah Miller,Bioinformatician,Bioinformatics,2,Code Free Data Science,4.3,0.86,Beginner,analytics  knime  download  decision tree  Machine Learning  Data Manipulation  Data Mining  data clustering algorithms  Microsoft Excel  modeling data-science machine-learning,0.3414,0.2936
112,Sarah Miller,Bioinformatician,Bioinformatics,3,Introduction to Data Analytics,4.7,0.94,Advanced,analytics  Data Analysis  physics  Exploratory Data Analysis  business analytics  Python Programming  quality control  Data Science  SQL  Business Analysis data-science data-analysis,0.2994,0.2814
112,Sarah Miller,Bioinformatician,Bioinformatics,4,A Crash Course in Data Science,4.4,0.88,Conversant,analysis  Machine Learning  software  Human Learning  Data Analysis  General Statistics  Exploratory Data Analysis  Leadership and Management  Software Engineering  project data-science data-analysis,0.3016,0.2654
112,Sarah Miller,Bioinformatician,Bioinformatics,5,Data Science for Business Innovation,4.2,0.84,Advanced,statistical classification  Machine Learning  Big Data  Data Analysis  linear regression  recommender systems  linearity  analysis  Computer Programming  Machine Learning Algorithms data-science data-analysis,0.3154,0.2649
112,Sarah Miller,Bioinformatician,Bioinformatics,6,Data Science Methodology,4.5,0.9,Beginner,analytics  Data Model  process  evaluation  modeling  Data Mining  analysis  Data Analysis  Cross Industry Standard Process for Data Mining (CRISP-DM)  methodology data-science data-analysis,0.2867,0.258
112,Sarah Miller,Bioinformatician,Bioinformatics,7,How to Win a Data Science Competition: Learn from Top Kagglers,4.3,0.86,Advanced,Machine Learning  Data Analysis  feature extraction  analysis  hyperparameter  Human Learning  Feature Engineering  Hyperparameter Optimization  Kaggle  mathematical optimization data-science data-analysis,0.2969,0.2553
112,Sarah Miller,Bioinformatician,Bioinformatics,8,Machine Learning With Big Data,4.6,0.92,Beginner,statistical classification  knime  data clustering algorithms  Human Learning  analysis  Algorithms  Apache Spark  cluster analysis  Machine Learning  Apache data-science machine-learning,0.277,0.2548
112,Sarah Miller,Bioinformatician,Bioinformatics,9,What is Data Science?,4.6,0.92,Conversant,analysis  Machine Learning  Data Mining  Artificial Neural Networks  Regression Analysis  Data Analysis  data reporting  Human Learning  Regression  Big Data data-science data-analysis,0.2749,0.2529
112,Sarah Miller,Bioinformatician,Bioinformatics,10,Introduction to Clinical Data Science,4.6,0.92,Advanced,relational database  bigquery  Data Analysis  R Programming  SQL  Clinical Data Analysis  Computer Programming  rstudio  join (sql)  analysis data-science data-analysis,0.2652,0.244
113,James Wilson,UX Designer,Human-Computer Interaction,1,User Experience Design � Creating User Profiles,4.2,0.84,Beginner,project  experience  User Experience  Business  flow network  spreadsheet  Persona Research  User Experience Design  documents  presentation business business-essentials,0.6104,0.5127
113,James Wilson,UX Designer,Human-Computer Interaction,2,User Research and Design,4.5,0.9,Advanced,usability  user interface design  User Research  reason  user interface  lecture  Entrepreneurship  User Experience  contextual inquiry  i-deas computer-science design-and-product,0.5262,0.4736
113,James Wilson,UX Designer,Human-Computer Interaction,3,Introduction to User Experience Design,4.5,0.9,Beginner,user interface  experience design  User Research  evaluation  usability  User Experience  User Experience Design  experience  paper prototyping  user interface design computer-science design-and-product,0.5142,0.4628
113,James Wilson,UX Designer,Human-Computer Interaction,4,Evaluating Designs with Users,4.7,0.94,Beginner,Human Computer Interaction  relative change and difference  User Experience Design  User Experience  User Research  Planning  interaction design  measurement  usability testing  evaluation computer-science design-and-product,0.4834,0.4544
113,James Wilson,UX Designer,Human-Computer Interaction,5,UX (User Experience) Capstone,4.7,0.94,Advanced,User Experience Design  a/b testing  experience  content management system  Planning  case study  User Research  Human Computer Interaction  interaction design  User Experience computer-science design-and-product,0.4742,0.4457
113,James Wilson,UX Designer,Human-Computer Interaction,6,Using Google Forms to Analyze User Research Data,4.7,0.94,Beginner,online shopping  User Research  Data Analysis  Market Research  organizing (management)  project  Marketing  Writing  Digital Marketing  Banking business business-strategy,0.4276,0.4019
113,James Wilson,UX Designer,Human-Computer Interaction,7,UX Design: From Concept to Prototype,4.5,0.9,Intermediate,Human Computer Interaction  Design Effect  User Experience  test design  brainstorming  interfaces  User Experience Design  storyboarding  interaction design  persona (user experience) computer-science design-and-product,0.4319,0.3887
113,James Wilson,UX Designer,Human-Computer Interaction,8,Introduction to UI Design,4.7,0.94,Conversant,usability  user interface  experience  interfaces  evaluation  java annotation  user interface design  principle  principles of user interface design  User Experience computer-science design-and-product,0.4023,0.3782
113,James Wilson,UX Designer,Human-Computer Interaction,9,Web Design: Strategy and Information Architecture,4.8,0.96,Advanced,User Experience  web  Strategy  architecture  persona (user experience)  information architecture  User Research  Web Design  site map  experience arts-and-humanities music-and-art,0.3455,0.3317
113,James Wilson,UX Designer,Human-Computer Interaction,10,Prototyping and Design,4.6,0.92,Advanced,design pattern  paper prototyping  Commercial Design  user interface  interaction design  interaction design pattern  User Experience  interfaces  usability  user interface design computer-science design-and-product,0.3574,0.3288
114,Olivia Clark,Healthcare IT Specialist,Biomedical Computing,1,Security Operations and Administration,4.7,0.94,Advanced,configuration management  separation of duties  key (cryptography)  Security Operations  security awareness  Software Engineering  owasp  management process  security  release management information-technology security,0.4511,0.424
114,Olivia Clark,Healthcare IT Specialist,Biomedical Computing,2,Information Security: Context and Introduction,4.6,0.92,Beginner,Cryptography  Leadership and Management  security management  information security  Network Security  security  encryption  incident management  authorization  Risk computer-science computer-security-and-networks,0.3957,0.364
114,Olivia Clark,Healthcare IT Specialist,Biomedical Computing,3,Network Security & Database Vulnerabilities,4.6,0.92,Beginner,Databases  database security  data security  sql injection  SQL  code injection  security  network address  Network Security  internet protocol suite information-technology security,0.3715,0.3418
114,Olivia Clark,Healthcare IT Specialist,Biomedical Computing,4,Protecting Cloud Architecture with Alibaba Cloud,4.9,0.98,Beginner,performance  wi-fi  encryption  data security  wireless network interface controller  index  security  Switches  web  history computer-science software-development,0.3457,0.3388
114,Olivia Clark,Healthcare IT Specialist,Biomedical Computing,5,Networks and Communications Security,4.7,0.94,Advanced,sublayer  virtual circuit  security  virtual lan  wireless  fibre channel over ethernet  virtual private lan service  domain name system  control plane  data link layer information-technology security,0.3376,0.3173
114,Olivia Clark,Healthcare IT Specialist,Biomedical Computing,6,Enterprise and Infrastructure Security,4.6,0.92,Advanced,infrastructure security  critical infrastructure protection  cloud computing security  Mobile Security  payment card industry data security standard  Cloud Computing  security awareness  BlockChain  internet of things  security computer-science computer-security-and-networks,0.3244,0.2984
114,Olivia Clark,Healthcare IT Specialist,Biomedical Computing,7,Cloud Security Basics,4.7,0.94,Advanced,separation of duties  protocol stack  cloud computing security  trust boundary  attack surface  cryptographic protocol  security  Network Security  Cloud Computing  public key certificate information-technology cloud-computing,0.3133,0.2945
114,Olivia Clark,Healthcare IT Specialist,Biomedical Computing,8,Systems and Application Security,4.8,0.96,Advanced,virtual machine  encryption  process  privacy  software  malware  Cloud Computing  Leadership and Management  security  cloud computing security information-technology security,0.3052,0.293
114,Olivia Clark,Healthcare IT Specialist,Biomedical Computing,9,IT Security: Defense against the digital dark arts,4.7,0.94,Beginner,wireless  wireless security  authentication  encryption  information security  Network Security  Cryptography  security  System Security  network monitoring information-technology security,0.3041,0.2859
114,Olivia Clark,Healthcare IT Specialist,Biomedical Computing,10,The Business of Cybersecurity Capstone,4.8,0.96,Advanced,Risk  Leadership and Management  performance measurement  security management  security  information security  contingency plan  Risk Management  Computer Security Incident Management  Strategy computer-science computer-security-and-networks,0.2858,0.2744
116,Grace Smith,AI Researcher,Artificial Intelligence,1,Promote the Ethical Use of Data-Driven Technologies,5.0,1.0,Advanced,analysis  criticism  determinism  bias  virtue  ethics  Legal Solutions  privacy  Deep Learning  principle data-science machine-learning,0.2678,0.2678
116,Grace Smith,AI Researcher,Artificial Intelligence,2,Introduction to Applied Machine Learning,4.7,0.94,Intermediate,Algorithms  Machine Learning Algorithms  Applied Machine Learning  Test Set  Machine Learning  ordered pair  Training  Human Learning  Deep Learning  business requirements data-science machine-learning,0.2683,0.2522
116,Grace Smith,AI Researcher,Artificial Intelligence,3,Being a researcher (in Information Science and Technology),4.8,0.96,Advanced,Laboratory Research  physics  window blind  physics experiments  pharmacy  medical laboratory  pharmacology  Scientific Analysis  research methods  robotics physical-science-and-engineering research-methods,0.2619,0.2514
116,Grace Smith,AI Researcher,Artificial Intelligence,4,Machine Learning With Big Data,4.6,0.92,Beginner,statistical classification  knime  data clustering algorithms  Human Learning  analysis  Algorithms  Apache Spark  cluster analysis  Machine Learning  Apache data-science machine-learning,0.2716,0.2499
116,Grace Smith,AI Researcher,Artificial Intelligence,5,Research for Impact,4.9,0.98,Intermediate,experience  knowledge-based systems  Strategic Partnerships  research methods  evaluation  climate change  sustainability  strategic communication  wicked problem  Communication social-sciences governance-and-society,0.2459,0.241
116,Grace Smith,AI Researcher,Artificial Intelligence,6,Machine Learning Foundations: A Case Study Approach,4.5,0.9,Conversant,Human Learning  Regression  Machine Learning  Graphlab  statistical classification  linearity  Algorithms  Computer Programming  Python Programming  analysis data-science machine-learning,0.2603,0.2343
116,Grace Smith,AI Researcher,Artificial Intelligence,7,Data Science Ethics,4.7,0.94,Beginner,Social Media  informed consent  privacy  relative change and difference  analysis  thought  ethics  Data Science  consensus decision-making  Type I And Type Ii Errors data-science data-analysis,0.2481,0.2332
116,Grace Smith,AI Researcher,Artificial Intelligence,8,Machine Learning for All,4.7,0.94,Conversant,robotics  Machine Learning  Artificial Neural Networks  Training  Algorithms  Tensorflow  statistical classification  modeling  Human Learning  Deep Learning computer-science software-development,0.2397,0.2253
116,Grace Smith,AI Researcher,Artificial Intelligence,9,Machine Learning for Data Analysis,4.2,0.84,Intermediate,Algorithms  Data Analysis  numbers (spreadsheet)  evaluation  Machine Learning  Regression  Dependent And Independent Variables  Human Learning  Regression Analysis  decision tree data-science machine-learning,0.2598,0.2182
116,Grace Smith,AI Researcher,Artificial Intelligence,10,Developing AI Applications on Azure,4.3,0.86,Beginner,Machine Learning  web service  workspace  Training  Computer Programming  Microsoft Azure  Python Programming  Computer Vision  Human Learning  application programming interfaces data-science machine-learning,0.2269,0.1951
117,Michael Johnson,Data Analyst,Data Science,1,Introduction to Data Analytics,4.7,0.94,Advanced,analytics  Data Analysis  physics  Exploratory Data Analysis  business analytics  Python Programming  quality control  Data Science  SQL  Business Analysis data-science data-analysis,0.4757,0.4472
117,Michael Johnson,Data Analyst,Data Science,2,Introduction to Data Analytics for Business,4.6,0.92,Advanced,analysis  analytics  SQL  Business Analysis  relational database  Data Analysis  Data Model  Databases  business analytics  modeling data-science data-analysis,0.3962,0.3645
117,Michael Johnson,Data Analyst,Data Science,3,Business Analytics Executive Overview,4.5,0.9,Beginner,Data Visualization  quantum computing  business analytics  Recruitment  analytics  Closed-Form Expression  Chart  Business Intelligence  euler's totient function  Data Warehousing business leadership-and-management,0.3958,0.3562
117,Michael Johnson,Data Analyst,Data Science,4,Foundations of strategic business analytics,4.4,0.88,Advanced,Project Management  analysis  analytics  R Programming  credit scoring  Data Analysis  Computer Programming  business analytics  Business Analysis  presentation business business-essentials,0.4007,0.3526
117,Michael Johnson,Data Analyst,Data Science,5,Communicating Business Analytics Results,4.4,0.88,Advanced,Strategy  Communication  business analytics  analytics  analysis  presentation  Data Analysis  graphs  measurement  Data Visualization data-science data-analysis,0.4006,0.3525
117,Michael Johnson,Data Analyst,Data Science,6,Introduction to Accounting Data Analytics and Visualization,4.8,0.96,Advanced,data clustering algorithms  analytics  tableau software  Microsoft Excel  Data Visualization  microsoft excel vba  Pivot Table  analysis  Data Analysis  software data-science data-analysis,0.3667,0.352
117,Michael Johnson,Data Analyst,Data Science,7,Introduction to Business Analytics with R,4.4,0.88,Advanced,lecture  rstudio  business analytics  software  R Programming  Data Analysis  Exploratory Data Analysis  applied statistics  utility  analytics business business-essentials,0.3935,0.3463
117,Michael Johnson,Data Analyst,Data Science,8,"Business Intelligence Concepts, Tools, and Applications",4.3,0.86,Advanced,Data Visualization  balanced scorecard  performance measurement  critical success factor  openfabrics alliance  Business Intelligence  SQL  Data Warehousing  MicroStrategy  Performance Management data-science data-analysis,0.348,0.2993
117,Michael Johnson,Data Analyst,Data Science,9,Advanced Business Analytics Capstone,4.2,0.84,Advanced,Business Intelligence  Business Analysis  analysis  portfolio (finance)  business analytics  SQL  Missing Data  Data Analysis  predictive analytics  analytics data-science data-analysis,0.3556,0.2987
117,Michael Johnson,Data Analyst,Data Science,10,Accounting Data Analytics with Python,3.6,0.72,Advanced,data type  relational database management system  Numpy  Basic Descriptive Statistics  Data Structures  Python Programming  Databases  SQL  euler's totient function  jpeg data-science data-analysis,0.3677,0.2647
118,Olivia Davis,Software Engineer,Software Development,1,Requirements Gathering for Secure Software Development,4.6,0.92,Beginner,software requirements  requirements analysis  requirements elicitation  software requirements specification  software  Agile Software Development  software development process  Software Engineering  requirements engineering  analysis computer-science software-development,0.331,0.3045
118,Olivia Davis,Software Engineer,Software Development,2,Engineering Practices for Building Quality Software,4.1,0.82,Conversant,code coverage  version control systems  software project management  design pattern  software quality  Software Architecture  static analysis  software  Continuous Integration  Software Engineering computer-science software-development,0.3639,0.2984
118,Olivia Davis,Software Engineer,Software Development,3,Agile Planning for Software Products,4.7,0.94,Advanced,Risk  Leadership and Management  Software Engineering  Planning  project  Risk Management  software  Agile Software Development  Estimation  agile management computer-science software-development,0.2975,0.2796
118,Olivia Davis,Software Engineer,Software Development,4,Software Product Management Capstone,4.8,0.96,Advanced,Product Management  Leadership and Management  project  scrum (software development)  Project Management  software  software product management  Software Engineering  software project management  Agile Software Development computer-science design-and-product,0.2869,0.2754
118,Olivia Davis,Software Engineer,Software Development,5,Software Development Processes and Methodologies,4.4,0.88,Advanced,waterfall model  modeling  software  scrum (software development)  methodology  process  Software Engineering  software development process  Software Testing  Agile Software Development computer-science software-development,0.3081,0.2711
118,Olivia Davis,Software Engineer,Software Development,6,Software Processes and Agile Practices,4.7,0.94,Beginner,lean software development  process  kanban  software development process  software  Software Engineering  Leadership and Management  scrum (software development)  unified process  Agile Software Development computer-science design-and-product,0.2877,0.2704
118,Olivia Davis,Software Engineer,Software Development,7,Software Design as an Element of the Software Development Lifecycle,4.6,0.92,Advanced,Software Architecture  software design  security  Software Testing  Software Engineering  interfaces  low-level design  software  specification (technical standard)  software development process computer-science software-development,0.2821,0.2595
118,Olivia Davis,Software Engineer,Software Development,8,Reviews & Metrics for Software Improvements,4.6,0.92,Advanced,software metrics  software project management  scrum (software development)  Project Management  software  Leadership and Management  Software Engineering  software product management  project  Product Management computer-science design-and-product,0.2705,0.2489
118,Olivia Davis,Software Engineer,Software Development,9,Continuous Integration,3.7,0.74,Advanced,flow network  software development process  shippable  software configuration management  euler's totient function  reusability  packaging  software project management  DevOps  Continuous Integration computer-science software-development,0.3247,0.2403
118,Olivia Davis,Software Engineer,Software Development,10,Introduction to Software Product Management,4.6,0.92,Beginner,project  Software Engineering  Product Management  Leadership and Management  software  Agile Software Development  agile management  software product management  Planning  agile manifesto computer-science design-and-product,0.2592,0.2385
119,William Brown,Web Developer,Web Development,1,Requirements Gathering for Secure Software Development,4.6,0.92,Beginner,software requirements  requirements analysis  requirements elicitation  software requirements specification  software  Agile Software Development  software development process  Software Engineering  requirements engineering  analysis computer-science software-development,0.2563,0.2358
119,William Brown,Web Developer,Web Development,2,Agile Planning for Software Products,4.7,0.94,Advanced,Risk  Leadership and Management  Software Engineering  Planning  project  Risk Management  software  Agile Software Development  Estimation  agile management computer-science software-development,0.234,0.22
119,William Brown,Web Developer,Web Development,3,Software Design as an Element of the Software Development Lifecycle,4.6,0.92,Advanced,Software Architecture  software design  security  Software Testing  Software Engineering  interfaces  low-level design  software  specification (technical standard)  software development process computer-science software-development,0.2282,0.2099
119,William Brown,Web Developer,Web Development,4,Design Patterns,4.6,0.92,Advanced,architectural pattern  code smell  software  code refactoring  design pattern  unified modeling language  software design  chain of responsibility  factory method pattern  software design pattern computer-science software-development,0.228,0.2098
119,William Brown,Web Developer,Web Development,5,Introduction to UI Design,4.7,0.94,Conversant,usability  user interface  experience  interfaces  evaluation  java annotation  user interface design  principle  principles of user interface design  User Experience computer-science design-and-product,0.2149,0.202
119,William Brown,Web Developer,Web Development,6,Standardisation & Technology,4.4,0.88,Advanced,ageing  how we decide  connected car  privacy  ethics  opinion  process  Weighting  standards organization  voting business business-strategy,0.2294,0.2019
119,William Brown,Web Developer,Web Development,7,Web Connectivity and Security in Embedded Systems,4.5,0.9,Advanced,attack model  cryptographic protocol  application layer  web service  web  link layer  wireless security  symmetric-key algorithm  application layer protocols  public-key cryptography computer-science computer-security-and-networks,0.2055,0.185
119,William Brown,Web Developer,Web Development,8,Usable Security,4.5,0.9,Beginner,Human Computer Interaction  privacy  java annotation  user interface  Security Design  usability testing  usability  authentication  security  password computer-science computer-security-and-networks,0.2015,0.1814
119,William Brown,Web Developer,Web Development,9,Web Application Development: Basic Concepts,4.5,0.9,Advanced,active record pattern  ruby on rails  web  Javascript  ajax (programming)  html  middleware  ruby (programming language)  Full-Stack Web Development  web application computer-science mobile-and-web-development,0.2011,0.181
119,William Brown,Web Developer,Web Development,10,Software Development Processes and Methodologies,4.4,0.88,Advanced,waterfall model  modeling  software  scrum (software development)  methodology  process  Software Engineering  software development process  Software Testing  Agile Software Development computer-science software-development,0.1981,0.1743
120,Emily Wilson,Information Security Analyst,Cybersecurity,1,Security Operations and Administration,4.7,0.94,Advanced,configuration management  separation of duties  key (cryptography)  Security Operations  security awareness  Software Engineering  owasp  management process  security  release management information-technology security,0.5448,0.5121
120,Emily Wilson,Information Security Analyst,Cybersecurity,2,Information Security: Context and Introduction,4.6,0.92,Beginner,Cryptography  Leadership and Management  security management  information security  Network Security  security  encryption  incident management  authorization  Risk computer-science computer-security-and-networks,0.5176,0.4762
120,Emily Wilson,Information Security Analyst,Cybersecurity,3,Protecting Cloud Architecture with Alibaba Cloud,4.9,0.98,Beginner,performance  wi-fi  encryption  data security  wireless network interface controller  index  security  Switches  web  history computer-science software-development,0.4342,0.4255
120,Emily Wilson,Information Security Analyst,Cybersecurity,4,Networks and Communications Security,4.7,0.94,Advanced,sublayer  virtual circuit  security  virtual lan  wireless  fibre channel over ethernet  virtual private lan service  domain name system  control plane  data link layer information-technology security,0.4237,0.3983
120,Emily Wilson,Information Security Analyst,Cybersecurity,5,Cloud Security Basics,4.7,0.94,Advanced,separation of duties  protocol stack  cloud computing security  trust boundary  attack surface  cryptographic protocol  security  Network Security  Cloud Computing  public key certificate information-technology cloud-computing,0.4075,0.383
120,Emily Wilson,Information Security Analyst,Cybersecurity,6,Enterprise and Infrastructure Security,4.6,0.92,Advanced,infrastructure security  critical infrastructure protection  cloud computing security  Mobile Security  payment card industry data security standard  Cloud Computing  security awareness  BlockChain  internet of things  security computer-science computer-security-and-networks,0.406,0.3735
120,Emily Wilson,Information Security Analyst,Cybersecurity,7,IT Security: Defense against the digital dark arts,4.7,0.94,Beginner,wireless  wireless security  authentication  encryption  information security  Network Security  Cryptography  security  System Security  network monitoring information-technology security,0.3857,0.3626
120,Emily Wilson,Information Security Analyst,Cybersecurity,8,Systems and Application Security,4.8,0.96,Advanced,virtual machine  encryption  process  privacy  software  malware  Cloud Computing  Leadership and Management  security  cloud computing security information-technology security,0.3671,0.3524
120,Emily Wilson,Information Security Analyst,Cybersecurity,9,Security Awareness Training,4.7,0.94,Beginner,security  security management  multi-factor authentication  security question  awareness  malware  security awareness  authentication  password  Mobile Security information-technology security,0.3446,0.3239
120,Emily Wilson,Information Security Analyst,Cybersecurity,10,The Business of Cybersecurity Capstone,4.8,0.96,Advanced,Risk  Leadership and Management  performance measurement  security management  security  information security  contingency plan  Risk Management  Computer Security Incident Management  Strategy computer-science computer-security-and-networks,0.332,0.3187
121,David Lee,Machine Learning Engineer,Machine Learning,1,Machine Learning With Big Data,4.6,0.92,Beginner,statistical classification  knime  data clustering algorithms  Human Learning  analysis  Algorithms  Apache Spark  cluster analysis  Machine Learning  Apache data-science machine-learning,0.4873,0.4483
121,David Lee,Machine Learning Engineer,Machine Learning,2,Introduction to Applied Machine Learning,4.7,0.94,Intermediate,Algorithms  Machine Learning Algorithms  Applied Machine Learning  Test Set  Machine Learning  ordered pair  Training  Human Learning  Deep Learning  business requirements data-science machine-learning,0.397,0.3732
121,David Lee,Machine Learning Engineer,Machine Learning,3,Data Science for Business Innovation,4.2,0.84,Advanced,statistical classification  Machine Learning  Big Data  Data Analysis  linear regression  recommender systems  linearity  analysis  Computer Programming  Machine Learning Algorithms data-science data-analysis,0.3924,0.3296
121,David Lee,Machine Learning Engineer,Machine Learning,4,Introduction to Data Analytics,4.7,0.94,Advanced,analytics  Data Analysis  physics  Exploratory Data Analysis  business analytics  Python Programming  quality control  Data Science  SQL  Business Analysis data-science data-analysis,0.3455,0.3248
121,David Lee,Machine Learning Engineer,Machine Learning,5,Machine Learning Foundations: A Case Study Approach,4.5,0.9,Conversant,Human Learning  Regression  Machine Learning  Graphlab  statistical classification  linearity  Algorithms  Computer Programming  Python Programming  analysis data-science machine-learning,0.3564,0.3208
121,David Lee,Machine Learning Engineer,Machine Learning,6,Machine Learning for Data Analysis,4.2,0.84,Intermediate,Algorithms  Data Analysis  numbers (spreadsheet)  evaluation  Machine Learning  Regression  Dependent And Independent Variables  Human Learning  Regression Analysis  decision tree data-science machine-learning,0.3661,0.3075
121,David Lee,Machine Learning Engineer,Machine Learning,7,Code Free Data Science,4.3,0.86,Beginner,analytics  knime  download  decision tree  Machine Learning  Data Manipulation  Data Mining  data clustering algorithms  Microsoft Excel  modeling data-science machine-learning,0.3462,0.2977
121,David Lee,Machine Learning Engineer,Machine Learning,8,Data Analysis with Python,4.6,0.92,Conversant,Data Model  Regression  Python Programming  Regression Analysis  Exploratory Data Analysis  analysis  Computer Programming  modeling  Data Analysis  linearity data-science data-analysis,0.3174,0.292
121,David Lee,Machine Learning Engineer,Machine Learning,9,Machine Learning for Accounting with Python,4.5,0.9,Advanced,statistical classification  Regression  mathematical optimization  Python Programming  decision tree  Document Classification  n-gram  Machine Learning  Algorithms  hyperparameter data-science machine-learning,0.3226,0.2903
121,David Lee,Machine Learning Engineer,Machine Learning,10,Developing AI Applications on Azure,4.3,0.86,Beginner,Machine Learning  web service  workspace  Training  Computer Programming  Microsoft Azure  Python Programming  Computer Vision  Human Learning  application programming interfaces data-science machine-learning,0.3273,0.2815
122,Sophia Miller,Database Administrator,Database Management,1,Create Relational Database Tables Using SQLiteStudio,4.7,0.94,Beginner,database management systems  Databases  web browsers  BlockChain  relational database  sqlite  web  Average  SQL  table (database) information-technology data-management,0.3867,0.3635
122,Sophia Miller,Database Administrator,Database Management,2,Creating Database Tables with SQL,4.6,0.92,Beginner,SQL  HTML5  mysql  database management systems  Database Design  relational database  table (database)  Accuracy And Precision  Databases  data retrieval information-technology data-management,0.371,0.3413
122,Sophia Miller,Database Administrator,Database Management,3,Retrieve Data using Single-Table SQL Queries,4.6,0.92,Beginner,Data Analysis  select (sql)  database management systems  online shopping  table (database)  data retrieval  Databases  web page  numbers (spreadsheet)  SQL information-technology data-management,0.3694,0.3398
122,Sophia Miller,Database Administrator,Database Management,4,Introduction to Data Analytics,4.7,0.94,Advanced,analytics  Data Analysis  physics  Exploratory Data Analysis  business analytics  Python Programming  quality control  Data Science  SQL  Business Analysis data-science data-analysis,0.3514,0.3303
122,Sophia Miller,Database Administrator,Database Management,5,Relational Database Support for Data Warehouses,4.6,0.92,Advanced,data integration  data governance  null coalescing operator  Business Intelligence  SQL  modulo operation  Databases  relational database  ternary conditional operator  Data Warehousing data-science data-analysis,0.3531,0.3249
122,Sophia Miller,Database Administrator,Database Management,6,Build a Database from a Relational Model,4.8,0.96,Beginner,Database Design  relational database  Databases  ordered pair  Data Model  test data  database management systems  relational model  graphical model  unique key information-technology data-management,0.3265,0.3134
122,Sophia Miller,Database Administrator,Database Management,7,Manipulating Data with SQL,4.6,0.92,Beginner,system u  table (database)  relational database  database management systems  Databases  Database Design  SQL  Rowing  data retrieval  unique key information-technology data-management,0.3207,0.295
122,Sophia Miller,Database Administrator,Database Management,8,Research Data Management and Sharing,4.7,0.94,Intermediate,enabling  document management systems  Strategy  Data Management  confidentiality  research data archiving  metadata  Planning  data file  Leadership and Management data-science data-analysis,0.3133,0.2945
122,Sophia Miller,Database Administrator,Database Management,9,Big Data Modeling and Management Systems,4.4,0.88,Intermediate,Databases  analytics  graphs  Data Structures  Big Data Analytics  Data Management  Big Data  Data Model  Leadership and Management  modeling data-science data-analysis,0.3104,0.2732
122,Sophia Miller,Database Administrator,Database Management,10,Database Design and Diagramming in Dia,4.6,0.92,Beginner,data retrieval  Databases  requirements analysis  relational database  table (database)  user requirements document  entity relationship model  Database Design  process  database management systems information-technology data-management,0.296,0.2723
123,James Wilson,Cloud Solutions Architect,Cloud Computing,1,System Administration and IT Infrastructure Services,4.7,0.94,Conversant,disaster  directory services  lightweight directory access protocol  Cloud Computing  backup  directory access protocol  Planning  lightweight  Server Systems  infrastructure as a service information-technology support-and-operations,0.2759,0.2593
123,James Wilson,Cloud Solutions Architect,Cloud Computing,2,Essential Google Cloud Infrastructure: Core Services,4.7,0.94,Conversant,Leadership and Management  bigquery  Cloud Infrastructure  identity management  Cloud Platforms  Cloud Computing  network monitoring  Google Cloud Platform  Cloud Storage  resource information-technology cloud-computing,0.2556,0.2403
123,James Wilson,Cloud Solutions Architect,Cloud Computing,3,Essential Google Cloud Infrastructure: Foundation,4.7,0.94,Conversant,Cloud Infrastructure  private network  virtual machine  Cloud Storage  Cloud Computing  virtual private networks  Network Architecture  Cloud Platforms  architecture  Google Cloud Platform information-technology cloud-computing,0.2471,0.2323
123,James Wilson,Cloud Solutions Architect,Cloud Computing,4,Elastic Google Cloud Infrastructure: Scaling and Automation,4.7,0.94,Beginner,Cloud Platforms  virtual private networks  Google Cloud Platform  Cloud Computing  load balancing  build automation  deployment environment  Cloud Infrastructure  managed services  Leadership and Management information-technology cloud-computing,0.2459,0.2311
123,James Wilson,Cloud Solutions Architect,Cloud Computing,5,Enterprise and Infrastructure Security,4.6,0.92,Advanced,infrastructure security  critical infrastructure protection  cloud computing security  Mobile Security  payment card industry data security standard  Cloud Computing  security awareness  BlockChain  internet of things  security computer-science computer-security-and-networks,0.2341,0.2154
123,James Wilson,Cloud Solutions Architect,Cloud Computing,6,Reliable Google Cloud Infrastructure: Design and Process,4.7,0.94,Beginner,Google Cloud Platform  Cloud Platforms  Cloud Computing  process  security  Cloud Infrastructure  deployment environment  site reliability engineering  architecture  reliability engineering information-technology cloud-computing,0.2179,0.2048
123,James Wilson,Cloud Solutions Architect,Cloud Computing,7,Cloud Networking,4.4,0.88,Advanced,Network Infrastructure  distributed computing  tcp congestion control  Computer Networking  routing  Cloud Computing  Cloud Infrastructure  Python Programming  network congestion  data centers computer-science computer-security-and-networks,0.2285,0.2011
123,James Wilson,Cloud Solutions Architect,Cloud Computing,8,"Innovation Through Design: Think, Make, Break, Repeat",4.7,0.94,Intermediate,minimum viable product  Innovation  innovation management  thought  process  Entrepreneurship  design thinking  agile management  instructional design  project management professional business entrepreneurship,0.2071,0.1947
123,James Wilson,Cloud Solutions Architect,Cloud Computing,9,Prototyping and Design,4.6,0.92,Advanced,design pattern  paper prototyping  Commercial Design  user interface  interaction design  interaction design pattern  User Experience  interfaces  usability  user interface design computer-science design-and-product,0.2068,0.1903
123,James Wilson,Cloud Solutions Architect,Cloud Computing,10,Azure Infrastructure Fundamentals,4.2,0.84,Advanced,Microsoft Azure  Machine Learning  coroutine  openshift  sap erp  reliability engineering  archimate  BlockChain  windows services  site reliability engineering computer-science computer-security-and-networks,0.2254,0.1893
124,Emma Clark,Mobile App Developer,Mobile App Development,1,Requirements Gathering for Secure Software Development,4.6,0.92,Beginner,software requirements  requirements analysis  requirements elicitation  software requirements specification  software  Agile Software Development  software development process  Software Engineering  requirements engineering  analysis computer-science software-development,0.3705,0.3409
124,Emma Clark,Mobile App Developer,Mobile App Development,2,Agile Planning for Software Products,4.7,0.94,Advanced,Risk  Leadership and Management  Software Engineering  Planning  project  Risk Management  software  Agile Software Development  Estimation  agile management computer-science software-development,0.32,0.3008
124,Emma Clark,Mobile App Developer,Mobile App Development,3,Reviews & Metrics for Software Improvements,4.6,0.92,Advanced,software metrics  software project management  scrum (software development)  Project Management  software  Leadership and Management  Software Engineering  software product management  project  Product Management computer-science design-and-product,0.2954,0.2718
124,Emma Clark,Mobile App Developer,Mobile App Development,4,Software Product Management Capstone,4.8,0.96,Advanced,Product Management  Leadership and Management  project  scrum (software development)  Project Management  software  software product management  Software Engineering  software project management  Agile Software Development computer-science design-and-product,0.2779,0.2668
124,Emma Clark,Mobile App Developer,Mobile App Development,5,Software Design as an Element of the Software Development Lifecycle,4.6,0.92,Advanced,Software Architecture  software design  security  Software Testing  Software Engineering  interfaces  low-level design  software  specification (technical standard)  software development process computer-science software-development,0.2781,0.2559
124,Emma Clark,Mobile App Developer,Mobile App Development,6,Software Security,4.6,0.92,Advanced,internet security  SQL  security  Security Software  web  buffer overflow  software  penetration test  analysis  sql injection computer-science computer-security-and-networks,0.2751,0.2531
124,Emma Clark,Mobile App Developer,Mobile App Development,7,Software Development Processes and Methodologies,4.4,0.88,Advanced,waterfall model  modeling  software  scrum (software development)  methodology  process  Software Engineering  software development process  Software Testing  Agile Software Development computer-science software-development,0.2836,0.2496
124,Emma Clark,Mobile App Developer,Mobile App Development,8,Introduction to Software Product Management,4.6,0.92,Beginner,project  Software Engineering  Product Management  Leadership and Management  software  Agile Software Development  agile management  software product management  Planning  agile manifesto computer-science design-and-product,0.2597,0.2389
124,Emma Clark,Mobile App Developer,Mobile App Development,9,Engineering Practices for Building Quality Software,4.1,0.82,Conversant,code coverage  version control systems  software project management  design pattern  software quality  Software Architecture  static analysis  software  Continuous Integration  Software Engineering computer-science software-development,0.2775,0.2276
124,Emma Clark,Mobile App Developer,Mobile App Development,10,Continuous Integration,3.7,0.74,Advanced,flow network  software development process  shippable  software configuration management  euler's totient function  reusability  packaging  software project management  DevOps  Continuous Integration computer-science software-development,0.2653,0.1963
125,Matthew Hall,NLP Research Scientist,Artificial Intelligence,1,Introduction to Applied Machine Learning,4.7,0.94,Intermediate,Algorithms  Machine Learning Algorithms  Applied Machine Learning  Test Set  Machine Learning  ordered pair  Training  Human Learning  Deep Learning  business requirements data-science machine-learning,0.3264,0.3068
125,Matthew Hall,NLP Research Scientist,Artificial Intelligence,2,Machine Learning With Big Data,4.6,0.92,Beginner,statistical classification  knime  data clustering algorithms  Human Learning  analysis  Algorithms  Apache Spark  cluster analysis  Machine Learning  Apache data-science machine-learning,0.3148,0.2896
125,Matthew Hall,NLP Research Scientist,Artificial Intelligence,3,Machine Learning Foundations: A Case Study Approach,4.5,0.9,Conversant,Human Learning  Regression  Machine Learning  Graphlab  statistical classification  linearity  Algorithms  Computer Programming  Python Programming  analysis data-science machine-learning,0.313,0.2817
125,Matthew Hall,NLP Research Scientist,Artificial Intelligence,4,Research for Impact,4.9,0.98,Intermediate,experience  knowledge-based systems  Strategic Partnerships  research methods  evaluation  climate change  sustainability  strategic communication  wicked problem  Communication social-sciences governance-and-society,0.2825,0.2768
125,Matthew Hall,NLP Research Scientist,Artificial Intelligence,5,Being a researcher (in Information Science and Technology),4.8,0.96,Advanced,Laboratory Research  physics  window blind  physics experiments  pharmacy  medical laboratory  pharmacology  Scientific Analysis  research methods  robotics physical-science-and-engineering research-methods,0.2843,0.2729
125,Matthew Hall,NLP Research Scientist,Artificial Intelligence,6,Machine Learning for Data Analysis,4.2,0.84,Intermediate,Algorithms  Data Analysis  numbers (spreadsheet)  evaluation  Machine Learning  Regression  Dependent And Independent Variables  Human Learning  Regression Analysis  decision tree data-science machine-learning,0.3211,0.2697
125,Matthew Hall,NLP Research Scientist,Artificial Intelligence,7,Machine Learning for All,4.7,0.94,Conversant,robotics  Machine Learning  Artificial Neural Networks  Training  Algorithms  Tensorflow  statistical classification  modeling  Human Learning  Deep Learning computer-science software-development,0.2726,0.2562
125,Matthew Hall,NLP Research Scientist,Artificial Intelligence,8,Introduction to Research for Essay Writing,4.7,0.94,Intermediate,language  linguistics  Writing  english language  formal language  english grammar  academic writing  sources  Note Taking  essay writing arts-and-humanities music-and-art,0.2638,0.248
125,Matthew Hall,NLP Research Scientist,Artificial Intelligence,9,Machine Learning with Python,4.6,0.92,Beginner,Logistic Regression  Algorithms  Human Learning  data clustering algorithms  Machine Learning  statistical classification  classification algorithms  Regression  Computer Programming  Python Programming data-science machine-learning,0.2652,0.244
125,Matthew Hall,NLP Research Scientist,Artificial Intelligence,10,Developing AI Applications on Azure,4.3,0.86,Beginner,Machine Learning  web service  workspace  Training  Computer Programming  Microsoft Azure  Python Programming  Computer Vision  Human Learning  application programming interfaces data-science machine-learning,0.2658,0.2286
126,Olivia Davis,Web Developer,Web Development,1,Requirements Gathering for Secure Software Development,4.6,0.92,Beginner,software requirements  requirements analysis  requirements elicitation  software requirements specification  software  Agile Software Development  software development process  Software Engineering  requirements engineering  analysis computer-science software-development,0.2563,0.2358
126,Olivia Davis,Web Developer,Web Development,2,Agile Planning for Software Products,4.7,0.94,Advanced,Risk  Leadership and Management  Software Engineering  Planning  project  Risk Management  software  Agile Software Development  Estimation  agile management computer-science software-development,0.234,0.22
126,Olivia Davis,Web Developer,Web Development,3,Software Design as an Element of the Software Development Lifecycle,4.6,0.92,Advanced,Software Architecture  software design  security  Software Testing  Software Engineering  interfaces  low-level design  software  specification (technical standard)  software development process computer-science software-development,0.2282,0.2099
126,Olivia Davis,Web Developer,Web Development,4,Design Patterns,4.6,0.92,Advanced,architectural pattern  code smell  software  code refactoring  design pattern  unified modeling language  software design  chain of responsibility  factory method pattern  software design pattern computer-science software-development,0.228,0.2098
126,Olivia Davis,Web Developer,Web Development,5,Introduction to UI Design,4.7,0.94,Conversant,usability  user interface  experience  interfaces  evaluation  java annotation  user interface design  principle  principles of user interface design  User Experience computer-science design-and-product,0.2149,0.202
126,Olivia Davis,Web Developer,Web Development,6,Standardisation & Technology,4.4,0.88,Advanced,ageing  how we decide  connected car  privacy  ethics  opinion  process  Weighting  standards organization  voting business business-strategy,0.2294,0.2019
126,Olivia Davis,Web Developer,Web Development,7,Web Connectivity and Security in Embedded Systems,4.5,0.9,Advanced,attack model  cryptographic protocol  application layer  web service  web  link layer  wireless security  symmetric-key algorithm  application layer protocols  public-key cryptography computer-science computer-security-and-networks,0.2055,0.185
126,Olivia Davis,Web Developer,Web Development,8,Usable Security,4.5,0.9,Beginner,Human Computer Interaction  privacy  java annotation  user interface  Security Design  usability testing  usability  authentication  security  password computer-science computer-security-and-networks,0.2015,0.1814
126,Olivia Davis,Web Developer,Web Development,9,Web Application Development: Basic Concepts,4.5,0.9,Advanced,active record pattern  ruby on rails  web  Javascript  ajax (programming)  html  middleware  ruby (programming language)  Full-Stack Web Development  web application computer-science mobile-and-web-development,0.2011,0.181
126,Olivia Davis,Web Developer,Web Development,10,Software Development Processes and Methodologies,4.4,0.88,Advanced,waterfall model  modeling  software  scrum (software development)  methodology  process  Software Engineering  software development process  Software Testing  Agile Software Development computer-science software-development,0.1981,0.1743
127,William Smith,Mobile App Developer,Mobile App Development,1,Requirements Gathering for Secure Software Development,4.6,0.92,Beginner,software requirements  requirements analysis  requirements elicitation  software requirements specification  software  Agile Software Development  software development process  Software Engineering  requirements engineering  analysis computer-science software-development,0.3705,0.3409
127,William Smith,Mobile App Developer,Mobile App Development,2,Agile Planning for Software Products,4.7,0.94,Advanced,Risk  Leadership and Management  Software Engineering  Planning  project  Risk Management  software  Agile Software Development  Estimation  agile management computer-science software-development,0.32,0.3008
127,William Smith,Mobile App Developer,Mobile App Development,3,Reviews & Metrics for Software Improvements,4.6,0.92,Advanced,software metrics  software project management  scrum (software development)  Project Management  software  Leadership and Management  Software Engineering  software product management  project  Product Management computer-science design-and-product,0.2954,0.2718
127,William Smith,Mobile App Developer,Mobile App Development,4,Software Product Management Capstone,4.8,0.96,Advanced,Product Management  Leadership and Management  project  scrum (software development)  Project Management  software  software product management  Software Engineering  software project management  Agile Software Development computer-science design-and-product,0.2779,0.2668
127,William Smith,Mobile App Developer,Mobile App Development,5,Software Design as an Element of the Software Development Lifecycle,4.6,0.92,Advanced,Software Architecture  software design  security  Software Testing  Software Engineering  interfaces  low-level design  software  specification (technical standard)  software development process computer-science software-development,0.2781,0.2559
127,William Smith,Mobile App Developer,Mobile App Development,6,Software Security,4.6,0.92,Advanced,internet security  SQL  security  Security Software  web  buffer overflow  software  penetration test  analysis  sql injection computer-science computer-security-and-networks,0.2751,0.2531
127,William Smith,Mobile App Developer,Mobile App Development,7,Software Development Processes and Methodologies,4.4,0.88,Advanced,waterfall model  modeling  software  scrum (software development)  methodology  process  Software Engineering  software development process  Software Testing  Agile Software Development computer-science software-development,0.2836,0.2496
127,William Smith,Mobile App Developer,Mobile App Development,8,Introduction to Software Product Management,4.6,0.92,Beginner,project  Software Engineering  Product Management  Leadership and Management  software  Agile Software Development  agile management  software product management  Planning  agile manifesto computer-science design-and-product,0.2597,0.2389
127,William Smith,Mobile App Developer,Mobile App Development,9,Engineering Practices for Building Quality Software,4.1,0.82,Conversant,code coverage  version control systems  software project management  design pattern  software quality  Software Architecture  static analysis  software  Continuous Integration  Software Engineering computer-science software-development,0.2775,0.2276
127,William Smith,Mobile App Developer,Mobile App Development,10,Continuous Integration,3.7,0.74,Advanced,flow network  software development process  shippable  software configuration management  euler's totient function  reusability  packaging  software project management  DevOps  Continuous Integration computer-science software-development,0.2653,0.1963
128,Emily Johnson,Graphics Programmer,Computer Graphics,1,Agile Planning for Software Products,4.7,0.94,Advanced,Risk  Leadership and Management  Software Engineering  Planning  project  Risk Management  software  Agile Software Development  Estimation  agile management computer-science software-development,0.2448,0.2301
128,Emily Johnson,Graphics Programmer,Computer Graphics,2,Requirements Gathering for Secure Software Development,4.6,0.92,Beginner,software requirements  requirements analysis  requirements elicitation  software requirements specification  software  Agile Software Development  software development process  Software Engineering  requirements engineering  analysis computer-science software-development,0.2485,0.2286
128,Emily Johnson,Graphics Programmer,Computer Graphics,3,Introduction to Game Development,4.8,0.96,Beginner,game design  java annotation  Computer Programming  game development tool  user interface  game engine  unity (user interface)  programming tool  interfaces  video game development computer-science software-development,0.2138,0.2052
128,Emily Johnson,Graphics Programmer,Computer Graphics,4,Software Design as an Element of the Software Development Lifecycle,4.6,0.92,Advanced,Software Architecture  software design  security  Software Testing  Software Engineering  interfaces  low-level design  software  specification (technical standard)  software development process computer-science software-development,0.2172,0.1998
128,Emily Johnson,Graphics Programmer,Computer Graphics,5,Reviews & Metrics for Software Improvements,4.6,0.92,Advanced,software metrics  software project management  scrum (software development)  Project Management  software  Leadership and Management  Software Engineering  software product management  project  Product Management computer-science design-and-product,0.2167,0.1994
128,Emily Johnson,Graphics Programmer,Computer Graphics,6,Software Development Processes and Methodologies,4.4,0.88,Advanced,waterfall model  modeling  software  scrum (software development)  methodology  process  Software Engineering  software development process  Software Testing  Agile Software Development computer-science software-development,0.2256,0.1985
128,Emily Johnson,Graphics Programmer,Computer Graphics,7,Engineering Practices for Building Quality Software,4.1,0.82,Conversant,code coverage  version control systems  software project management  design pattern  software quality  Software Architecture  static analysis  software  Continuous Integration  Software Engineering computer-science software-development,0.2254,0.1848
128,Emily Johnson,Graphics Programmer,Computer Graphics,8,Software Security,4.6,0.92,Advanced,internet security  SQL  security  Security Software  web  buffer overflow  software  penetration test  analysis  sql injection computer-science computer-security-and-networks,0.1952,0.1796
128,Emily Johnson,Graphics Programmer,Computer Graphics,9,Continuous Integration,3.7,0.74,Advanced,flow network  software development process  shippable  software configuration management  euler's totient function  reusability  packaging  software project management  DevOps  Continuous Integration computer-science software-development,0.2342,0.1733
128,Emily Johnson,Graphics Programmer,Computer Graphics,10,Lean Software Development,4.2,0.84,Advanced,process  Mobile Development  software  Agile Software Development  value stream mapping  software development process  Software Testing  Software Engineering  scrum (software development)  lean software development computer-science software-development,0.1989,0.1671
129,David Brown,Software Engineer,Software Engineering,1,Requirements Gathering for Secure Software Development,4.6,0.92,Beginner,software requirements  requirements analysis  requirements elicitation  software requirements specification  software  Agile Software Development  software development process  Software Engineering  requirements engineering  analysis computer-science software-development,0.331,0.3045
129,David Brown,Software Engineer,Software Engineering,2,Engineering Practices for Building Quality Software,4.1,0.82,Conversant,code coverage  version control systems  software project management  design pattern  software quality  Software Architecture  static analysis  software  Continuous Integration  Software Engineering computer-science software-development,0.3639,0.2984
129,David Brown,Software Engineer,Software Engineering,3,Agile Planning for Software Products,4.7,0.94,Advanced,Risk  Leadership and Management  Software Engineering  Planning  project  Risk Management  software  Agile Software Development  Estimation  agile management computer-science software-development,0.2975,0.2796
129,David Brown,Software Engineer,Software Engineering,4,Software Product Management Capstone,4.8,0.96,Advanced,Product Management  Leadership and Management  project  scrum (software development)  Project Management  software  software product management  Software Engineering  software project management  Agile Software Development computer-science design-and-product,0.2869,0.2754
129,David Brown,Software Engineer,Software Engineering,5,Software Development Processes and Methodologies,4.4,0.88,Advanced,waterfall model  modeling  software  scrum (software development)  methodology  process  Software Engineering  software development process  Software Testing  Agile Software Development computer-science software-development,0.3081,0.2711
129,David Brown,Software Engineer,Software Engineering,6,Software Processes and Agile Practices,4.7,0.94,Beginner,lean software development  process  kanban  software development process  software  Software Engineering  Leadership and Management  scrum (software development)  unified process  Agile Software Development computer-science design-and-product,0.2877,0.2704
129,David Brown,Software Engineer,Software Engineering,7,Software Design as an Element of the Software Development Lifecycle,4.6,0.92,Advanced,Software Architecture  software design  security  Software Testing  Software Engineering  interfaces  low-level design  software  specification (technical standard)  software development process computer-science software-development,0.2821,0.2595
129,David Brown,Software Engineer,Software Engineering,8,Reviews & Metrics for Software Improvements,4.6,0.92,Advanced,software metrics  software project management  scrum (software development)  Project Management  software  Leadership and Management  Software Engineering  software product management  project  Product Management computer-science design-and-product,0.2705,0.2489
129,David Brown,Software Engineer,Software Engineering,9,Continuous Integration,3.7,0.74,Advanced,flow network  software development process  shippable  software configuration management  euler's totient function  reusability  packaging  software project management  DevOps  Continuous Integration computer-science software-development,0.3247,0.2403
129,David Brown,Software Engineer,Software Engineering,10,Introduction to Software Product Management,4.6,0.92,Beginner,project  Software Engineering  Product Management  Leadership and Management  software  Agile Software Development  agile management  software product management  Planning  agile manifesto computer-science design-and-product,0.2592,0.2385
130,Sophia Wilson,Information Security Analyst,Cybersecurity,1,Security Operations and Administration,4.7,0.94,Advanced,configuration management  separation of duties  key (cryptography)  Security Operations  security awareness  Software Engineering  owasp  management process  security  release management information-technology security,0.5448,0.5121
130,Sophia Wilson,Information Security Analyst,Cybersecurity,2,Information Security: Context and Introduction,4.6,0.92,Beginner,Cryptography  Leadership and Management  security management  information security  Network Security  security  encryption  incident management  authorization  Risk computer-science computer-security-and-networks,0.5176,0.4762
130,Sophia Wilson,Information Security Analyst,Cybersecurity,3,Protecting Cloud Architecture with Alibaba Cloud,4.9,0.98,Beginner,performance  wi-fi  encryption  data security  wireless network interface controller  index  security  Switches  web  history computer-science software-development,0.4342,0.4255
130,Sophia Wilson,Information Security Analyst,Cybersecurity,4,Networks and Communications Security,4.7,0.94,Advanced,sublayer  virtual circuit  security  virtual lan  wireless  fibre channel over ethernet  virtual private lan service  domain name system  control plane  data link layer information-technology security,0.4237,0.3983
130,Sophia Wilson,Information Security Analyst,Cybersecurity,5,Cloud Security Basics,4.7,0.94,Advanced,separation of duties  protocol stack  cloud computing security  trust boundary  attack surface  cryptographic protocol  security  Network Security  Cloud Computing  public key certificate information-technology cloud-computing,0.4075,0.383
130,Sophia Wilson,Information Security Analyst,Cybersecurity,6,Enterprise and Infrastructure Security,4.6,0.92,Advanced,infrastructure security  critical infrastructure protection  cloud computing security  Mobile Security  payment card industry data security standard  Cloud Computing  security awareness  BlockChain  internet of things  security computer-science computer-security-and-networks,0.406,0.3735
130,Sophia Wilson,Information Security Analyst,Cybersecurity,7,IT Security: Defense against the digital dark arts,4.7,0.94,Beginner,wireless  wireless security  authentication  encryption  information security  Network Security  Cryptography  security  System Security  network monitoring information-technology security,0.3857,0.3626
130,Sophia Wilson,Information Security Analyst,Cybersecurity,8,Systems and Application Security,4.8,0.96,Advanced,virtual machine  encryption  process  privacy  software  malware  Cloud Computing  Leadership and Management  security  cloud computing security information-technology security,0.3671,0.3524
130,Sophia Wilson,Information Security Analyst,Cybersecurity,9,Security Awareness Training,4.7,0.94,Beginner,security  security management  multi-factor authentication  security question  awareness  malware  security awareness  authentication  password  Mobile Security information-technology security,0.3446,0.3239
130,Sophia Wilson,Information Security Analyst,Cybersecurity,10,The Business of Cybersecurity Capstone,4.8,0.96,Advanced,Risk  Leadership and Management  performance measurement  security management  security  information security  contingency plan  Risk Management  Computer Security Incident Management  Strategy computer-science computer-security-and-networks,0.332,0.3187
131,James Miller,Database Administrator,Database Management,1,Create Relational Database Tables Using SQLiteStudio,4.7,0.94,Beginner,database management systems  Databases  web browsers  BlockChain  relational database  sqlite  web  Average  SQL  table (database) information-technology data-management,0.3867,0.3635
131,James Miller,Database Administrator,Database Management,2,Creating Database Tables with SQL,4.6,0.92,Beginner,SQL  HTML5  mysql  database management systems  Database Design  relational database  table (database)  Accuracy And Precision  Databases  data retrieval information-technology data-management,0.371,0.3413
131,James Miller,Database Administrator,Database Management,3,Retrieve Data using Single-Table SQL Queries,4.6,0.92,Beginner,Data Analysis  select (sql)  database management systems  online shopping  table (database)  data retrieval  Databases  web page  numbers (spreadsheet)  SQL information-technology data-management,0.3694,0.3398
131,James Miller,Database Administrator,Database Management,4,Introduction to Data Analytics,4.7,0.94,Advanced,analytics  Data Analysis  physics  Exploratory Data Analysis  business analytics  Python Programming  quality control  Data Science  SQL  Business Analysis data-science data-analysis,0.3514,0.3303
131,James Miller,Database Administrator,Database Management,5,Relational Database Support for Data Warehouses,4.6,0.92,Advanced,data integration  data governance  null coalescing operator  Business Intelligence  SQL  modulo operation  Databases  relational database  ternary conditional operator  Data Warehousing data-science data-analysis,0.3531,0.3249
131,James Miller,Database Administrator,Database Management,6,Build a Database from a Relational Model,4.8,0.96,Beginner,Database Design  relational database  Databases  ordered pair  Data Model  test data  database management systems  relational model  graphical model  unique key information-technology data-management,0.3265,0.3134
131,James Miller,Database Administrator,Database Management,7,Manipulating Data with SQL,4.6,0.92,Beginner,system u  table (database)  relational database  database management systems  Databases  Database Design  SQL  Rowing  data retrieval  unique key information-technology data-management,0.3207,0.295
131,James Miller,Database Administrator,Database Management,8,Research Data Management and Sharing,4.7,0.94,Intermediate,enabling  document management systems  Strategy  Data Management  confidentiality  research data archiving  metadata  Planning  data file  Leadership and Management data-science data-analysis,0.3133,0.2945
131,James Miller,Database Administrator,Database Management,9,Big Data Modeling and Management Systems,4.4,0.88,Intermediate,Databases  analytics  graphs  Data Structures  Big Data Analytics  Data Management  Big Data  Data Model  Leadership and Management  modeling data-science data-analysis,0.3104,0.2732
131,James Miller,Database Administrator,Database Management,10,Database Design and Diagramming in Dia,4.6,0.92,Beginner,data retrieval  Databases  requirements analysis  relational database  table (database)  user requirements document  entity relationship model  Database Design  process  database management systems information-technology data-management,0.296,0.2723
132,Emma Johnson,Cloud Solutions Architect,Cloud Computing,1,System Administration and IT Infrastructure Services,4.7,0.94,Conversant,disaster  directory services  lightweight directory access protocol  Cloud Computing  backup  directory access protocol  Planning  lightweight  Server Systems  infrastructure as a service information-technology support-and-operations,0.2759,0.2593
132,Emma Johnson,Cloud Solutions Architect,Cloud Computing,2,Essential Google Cloud Infrastructure: Core Services,4.7,0.94,Conversant,Leadership and Management  bigquery  Cloud Infrastructure  identity management  Cloud Platforms  Cloud Computing  network monitoring  Google Cloud Platform  Cloud Storage  resource information-technology cloud-computing,0.2556,0.2403
132,Emma Johnson,Cloud Solutions Architect,Cloud Computing,3,Essential Google Cloud Infrastructure: Foundation,4.7,0.94,Conversant,Cloud Infrastructure  private network  virtual machine  Cloud Storage  Cloud Computing  virtual private networks  Network Architecture  Cloud Platforms  architecture  Google Cloud Platform information-technology cloud-computing,0.2471,0.2323
132,Emma Johnson,Cloud Solutions Architect,Cloud Computing,4,Elastic Google Cloud Infrastructure: Scaling and Automation,4.7,0.94,Beginner,Cloud Platforms  virtual private networks  Google Cloud Platform  Cloud Computing  load balancing  build automation  deployment environment  Cloud Infrastructure  managed services  Leadership and Management information-technology cloud-computing,0.2459,0.2311
132,Emma Johnson,Cloud Solutions Architect,Cloud Computing,5,Enterprise and Infrastructure Security,4.6,0.92,Advanced,infrastructure security  critical infrastructure protection  cloud computing security  Mobile Security  payment card industry data security standard  Cloud Computing  security awareness  BlockChain  internet of things  security computer-science computer-security-and-networks,0.2341,0.2154
132,Emma Johnson,Cloud Solutions Architect,Cloud Computing,6,Reliable Google Cloud Infrastructure: Design and Process,4.7,0.94,Beginner,Google Cloud Platform  Cloud Platforms  Cloud Computing  process  security  Cloud Infrastructure  deployment environment  site reliability engineering  architecture  reliability engineering information-technology cloud-computing,0.2179,0.2048
132,Emma Johnson,Cloud Solutions Architect,Cloud Computing,7,Cloud Networking,4.4,0.88,Advanced,Network Infrastructure  distributed computing  tcp congestion control  Computer Networking  routing  Cloud Computing  Cloud Infrastructure  Python Programming  network congestion  data centers computer-science computer-security-and-networks,0.2285,0.2011
132,Emma Johnson,Cloud Solutions Architect,Cloud Computing,8,"Innovation Through Design: Think, Make, Break, Repeat",4.7,0.94,Intermediate,minimum viable product  Innovation  innovation management  thought  process  Entrepreneurship  design thinking  agile management  instructional design  project management professional business entrepreneurship,0.2071,0.1947
132,Emma Johnson,Cloud Solutions Architect,Cloud Computing,9,Prototyping and Design,4.6,0.92,Advanced,design pattern  paper prototyping  Commercial Design  user interface  interaction design  interaction design pattern  User Experience  interfaces  usability  user interface design computer-science design-and-product,0.2068,0.1903
132,Emma Johnson,Cloud Solutions Architect,Cloud Computing,10,Azure Infrastructure Fundamentals,4.2,0.84,Advanced,Microsoft Azure  Machine Learning  coroutine  openshift  sap erp  reliability engineering  archimate  BlockChain  windows services  site reliability engineering computer-science computer-security-and-networks,0.2254,0.1893
133,Matthew Lee,AI Researcher,Artificial Intelligence,1,Promote the Ethical Use of Data-Driven Technologies,5.0,1.0,Advanced,analysis  criticism  determinism  bias  virtue  ethics  Legal Solutions  privacy  Deep Learning  principle data-science machine-learning,0.2678,0.2678
133,Matthew Lee,AI Researcher,Artificial Intelligence,2,Introduction to Applied Machine Learning,4.7,0.94,Intermediate,Algorithms  Machine Learning Algorithms  Applied Machine Learning  Test Set  Machine Learning  ordered pair  Training  Human Learning  Deep Learning  business requirements data-science machine-learning,0.2683,0.2522
133,Matthew Lee,AI Researcher,Artificial Intelligence,3,Being a researcher (in Information Science and Technology),4.8,0.96,Advanced,Laboratory Research  physics  window blind  physics experiments  pharmacy  medical laboratory  pharmacology  Scientific Analysis  research methods  robotics physical-science-and-engineering research-methods,0.2619,0.2514
133,Matthew Lee,AI Researcher,Artificial Intelligence,4,Machine Learning With Big Data,4.6,0.92,Beginner,statistical classification  knime  data clustering algorithms  Human Learning  analysis  Algorithms  Apache Spark  cluster analysis  Machine Learning  Apache data-science machine-learning,0.2716,0.2499
133,Matthew Lee,AI Researcher,Artificial Intelligence,5,Research for Impact,4.9,0.98,Intermediate,experience  knowledge-based systems  Strategic Partnerships  research methods  evaluation  climate change  sustainability  strategic communication  wicked problem  Communication social-sciences governance-and-society,0.2459,0.241
133,Matthew Lee,AI Researcher,Artificial Intelligence,6,Machine Learning Foundations: A Case Study Approach,4.5,0.9,Conversant,Human Learning  Regression  Machine Learning  Graphlab  statistical classification  linearity  Algorithms  Computer Programming  Python Programming  analysis data-science machine-learning,0.2603,0.2343
133,Matthew Lee,AI Researcher,Artificial Intelligence,7,Data Science Ethics,4.7,0.94,Beginner,Social Media  informed consent  privacy  relative change and difference  analysis  thought  ethics  Data Science  consensus decision-making  Type I And Type Ii Errors data-science data-analysis,0.2481,0.2332
133,Matthew Lee,AI Researcher,Artificial Intelligence,8,Machine Learning for All,4.7,0.94,Conversant,robotics  Machine Learning  Artificial Neural Networks  Training  Algorithms  Tensorflow  statistical classification  modeling  Human Learning  Deep Learning computer-science software-development,0.2397,0.2253
133,Matthew Lee,AI Researcher,Artificial Intelligence,9,Machine Learning for Data Analysis,4.2,0.84,Intermediate,Algorithms  Data Analysis  numbers (spreadsheet)  evaluation  Machine Learning  Regression  Dependent And Independent Variables  Human Learning  Regression Analysis  decision tree data-science machine-learning,0.2598,0.2182
133,Matthew Lee,AI Researcher,Artificial Intelligence,10,Developing AI Applications on Azure,4.3,0.86,Beginner,Machine Learning  web service  workspace  Training  Computer Programming  Microsoft Azure  Python Programming  Computer Vision  Human Learning  application programming interfaces data-science machine-learning,0.2269,0.1951
134,Oliver Davis,Data Scientist,Data Science,1,Introduction to Data Analytics,4.7,0.94,Advanced,analytics  Data Analysis  physics  Exploratory Data Analysis  business analytics  Python Programming  quality control  Data Science  SQL  Business Analysis data-science data-analysis,0.4604,0.4328
134,Oliver Davis,Data Scientist,Data Science,2,Machine Learning With Big Data,4.6,0.92,Beginner,statistical classification  knime  data clustering algorithms  Human Learning  analysis  Algorithms  Apache Spark  cluster analysis  Machine Learning  Apache data-science machine-learning,0.4529,0.4167
134,Oliver Davis,Data Scientist,Data Science,3,Data Science for Business Innovation,4.2,0.84,Advanced,statistical classification  Machine Learning  Big Data  Data Analysis  linear regression  recommender systems  linearity  analysis  Computer Programming  Machine Learning Algorithms data-science data-analysis,0.4308,0.3619
134,Oliver Davis,Data Scientist,Data Science,4,Code Free Data Science,4.3,0.86,Beginner,analytics  knime  download  decision tree  Machine Learning  Data Manipulation  Data Mining  data clustering algorithms  Microsoft Excel  modeling data-science machine-learning,0.4036,0.3471
134,Oliver Davis,Data Scientist,Data Science,5,Machine Learning for Accounting with Python,4.5,0.9,Advanced,statistical classification  Regression  mathematical optimization  Python Programming  decision tree  Document Classification  n-gram  Machine Learning  Algorithms  hyperparameter data-science machine-learning,0.3759,0.3383
134,Oliver Davis,Data Scientist,Data Science,6,Business Analytics Executive Overview,4.5,0.9,Beginner,Data Visualization  quantum computing  business analytics  Recruitment  analytics  Closed-Form Expression  Chart  Business Intelligence  euler's totient function  Data Warehousing business leadership-and-management,0.3687,0.3318
134,Oliver Davis,Data Scientist,Data Science,7,Communicating Business Analytics Results,4.4,0.88,Advanced,Strategy  Communication  business analytics  analytics  analysis  presentation  Data Analysis  graphs  measurement  Data Visualization data-science data-analysis,0.3702,0.3258
134,Oliver Davis,Data Scientist,Data Science,8,Introduction to Business Analytics with R,4.4,0.88,Advanced,lecture  rstudio  business analytics  software  R Programming  Data Analysis  Exploratory Data Analysis  applied statistics  utility  analytics business business-essentials,0.3666,0.3226
134,Oliver Davis,Data Scientist,Data Science,9,Basic Data Processing and Visualization,4.2,0.84,Advanced,software  jpeg  Outlier  Python Programming  Data Visualization  Numpy  predictive analytics  Big Data  python libraries  json data-science data-analysis,0.3706,0.3113
134,Oliver Davis,Data Scientist,Data Science,10,Accounting Data Analytics with Python,3.6,0.72,Advanced,data type  relational database management system  Numpy  Basic Descriptive Statistics  Data Structures  Python Programming  Databases  SQL  euler's totient function  jpeg data-science data-analysis,0.3794,0.2732
135,Isabella Brown,Software Engineer,Software Development,1,Requirements Gathering for Secure Software Development,4.6,0.92,Beginner,software requirements  requirements analysis  requirements elicitation  software requirements specification  software  Agile Software Development  software development process  Software Engineering  requirements engineering  analysis computer-science software-development,0.331,0.3045
135,Isabella Brown,Software Engineer,Software Development,2,Engineering Practices for Building Quality Software,4.1,0.82,Conversant,code coverage  version control systems  software project management  design pattern  software quality  Software Architecture  static analysis  software  Continuous Integration  Software Engineering computer-science software-development,0.3639,0.2984
135,Isabella Brown,Software Engineer,Software Development,3,Agile Planning for Software Products,4.7,0.94,Advanced,Risk  Leadership and Management  Software Engineering  Planning  project  Risk Management  software  Agile Software Development  Estimation  agile management computer-science software-development,0.2975,0.2796
135,Isabella Brown,Software Engineer,Software Development,4,Software Product Management Capstone,4.8,0.96,Advanced,Product Management  Leadership and Management  project  scrum (software development)  Project Management  software  software product management  Software Engineering  software project management  Agile Software Development computer-science design-and-product,0.2869,0.2754
135,Isabella Brown,Software Engineer,Software Development,5,Software Development Processes and Methodologies,4.4,0.88,Advanced,waterfall model  modeling  software  scrum (software development)  methodology  process  Software Engineering  software development process  Software Testing  Agile Software Development computer-science software-development,0.3081,0.2711
135,Isabella Brown,Software Engineer,Software Development,6,Software Processes and Agile Practices,4.7,0.94,Beginner,lean software development  process  kanban  software development process  software  Software Engineering  Leadership and Management  scrum (software development)  unified process  Agile Software Development computer-science design-and-product,0.2877,0.2704
135,Isabella Brown,Software Engineer,Software Development,7,Software Design as an Element of the Software Development Lifecycle,4.6,0.92,Advanced,Software Architecture  software design  security  Software Testing  Software Engineering  interfaces  low-level design  software  specification (technical standard)  software development process computer-science software-development,0.2821,0.2595
135,Isabella Brown,Software Engineer,Software Development,8,Reviews & Metrics for Software Improvements,4.6,0.92,Advanced,software metrics  software project management  scrum (software development)  Project Management  software  Leadership and Management  Software Engineering  software product management  project  Product Management computer-science design-and-product,0.2705,0.2489
135,Isabella Brown,Software Engineer,Software Development,9,Continuous Integration,3.7,0.74,Advanced,flow network  software development process  shippable  software configuration management  euler's totient function  reusability  packaging  software project management  DevOps  Continuous Integration computer-science software-development,0.3247,0.2403
135,Isabella Brown,Software Engineer,Software Development,10,Introduction to Software Product Management,4.6,0.92,Beginner,project  Software Engineering  Product Management  Leadership and Management  software  Agile Software Development  agile management  software product management  Planning  agile manifesto computer-science design-and-product,0.2592,0.2385
136,Elijah Smith,Web Developer,Web Development,1,Requirements Gathering for Secure Software Development,4.6,0.92,Beginner,software requirements  requirements analysis  requirements elicitation  software requirements specification  software  Agile Software Development  software development process  Software Engineering  requirements engineering  analysis computer-science software-development,0.2563,0.2358
136,Elijah Smith,Web Developer,Web Development,2,Agile Planning for Software Products,4.7,0.94,Advanced,Risk  Leadership and Management  Software Engineering  Planning  project  Risk Management  software  Agile Software Development  Estimation  agile management computer-science software-development,0.234,0.22
136,Elijah Smith,Web Developer,Web Development,3,Software Design as an Element of the Software Development Lifecycle,4.6,0.92,Advanced,Software Architecture  software design  security  Software Testing  Software Engineering  interfaces  low-level design  software  specification (technical standard)  software development process computer-science software-development,0.2282,0.2099
136,Elijah Smith,Web Developer,Web Development,4,Design Patterns,4.6,0.92,Advanced,architectural pattern  code smell  software  code refactoring  design pattern  unified modeling language  software design  chain of responsibility  factory method pattern  software design pattern computer-science software-development,0.228,0.2098
136,Elijah Smith,Web Developer,Web Development,5,Introduction to UI Design,4.7,0.94,Conversant,usability  user interface  experience  interfaces  evaluation  java annotation  user interface design  principle  principles of user interface design  User Experience computer-science design-and-product,0.2149,0.202
136,Elijah Smith,Web Developer,Web Development,6,Standardisation & Technology,4.4,0.88,Advanced,ageing  how we decide  connected car  privacy  ethics  opinion  process  Weighting  standards organization  voting business business-strategy,0.2294,0.2019
136,Elijah Smith,Web Developer,Web Development,7,Web Connectivity and Security in Embedded Systems,4.5,0.9,Advanced,attack model  cryptographic protocol  application layer  web service  web  link layer  wireless security  symmetric-key algorithm  application layer protocols  public-key cryptography computer-science computer-security-and-networks,0.2055,0.185
136,Elijah Smith,Web Developer,Web Development,8,Usable Security,4.5,0.9,Beginner,Human Computer Interaction  privacy  java annotation  user interface  Security Design  usability testing  usability  authentication  security  password computer-science computer-security-and-networks,0.2015,0.1814
136,Elijah Smith,Web Developer,Web Development,9,Web Application Development: Basic Concepts,4.5,0.9,Advanced,active record pattern  ruby on rails  web  Javascript  ajax (programming)  html  middleware  ruby (programming language)  Full-Stack Web Development  web application computer-science mobile-and-web-development,0.2011,0.181
136,Elijah Smith,Web Developer,Web Development,10,Software Development Processes and Methodologies,4.4,0.88,Advanced,waterfall model  modeling  software  scrum (software development)  methodology  process  Software Engineering  software development process  Software Testing  Agile Software Development computer-science software-development,0.1981,0.1743
137,Ava Miller,Information Security Analyst,Cybersecurity,1,Security Operations and Administration,4.7,0.94,Advanced,configuration management  separation of duties  key (cryptography)  Security Operations  security awareness  Software Engineering  owasp  management process  security  release management information-technology security,0.5448,0.5121
137,Ava Miller,Information Security Analyst,Cybersecurity,2,Information Security: Context and Introduction,4.6,0.92,Beginner,Cryptography  Leadership and Management  security management  information security  Network Security  security  encryption  incident management  authorization  Risk computer-science computer-security-and-networks,0.5176,0.4762
137,Ava Miller,Information Security Analyst,Cybersecurity,3,Protecting Cloud Architecture with Alibaba Cloud,4.9,0.98,Beginner,performance  wi-fi  encryption  data security  wireless network interface controller  index  security  Switches  web  history computer-science software-development,0.4342,0.4255
137,Ava Miller,Information Security Analyst,Cybersecurity,4,Networks and Communications Security,4.7,0.94,Advanced,sublayer  virtual circuit  security  virtual lan  wireless  fibre channel over ethernet  virtual private lan service  domain name system  control plane  data link layer information-technology security,0.4237,0.3983
137,Ava Miller,Information Security Analyst,Cybersecurity,5,Cloud Security Basics,4.7,0.94,Advanced,separation of duties  protocol stack  cloud computing security  trust boundary  attack surface  cryptographic protocol  security  Network Security  Cloud Computing  public key certificate information-technology cloud-computing,0.4075,0.383
137,Ava Miller,Information Security Analyst,Cybersecurity,6,Enterprise and Infrastructure Security,4.6,0.92,Advanced,infrastructure security  critical infrastructure protection  cloud computing security  Mobile Security  payment card industry data security standard  Cloud Computing  security awareness  BlockChain  internet of things  security computer-science computer-security-and-networks,0.406,0.3735
137,Ava Miller,Information Security Analyst,Cybersecurity,7,IT Security: Defense against the digital dark arts,4.7,0.94,Beginner,wireless  wireless security  authentication  encryption  information security  Network Security  Cryptography  security  System Security  network monitoring information-technology security,0.3857,0.3626
137,Ava Miller,Information Security Analyst,Cybersecurity,8,Systems and Application Security,4.8,0.96,Advanced,virtual machine  encryption  process  privacy  software  malware  Cloud Computing  Leadership and Management  security  cloud computing security information-technology security,0.3671,0.3524
137,Ava Miller,Information Security Analyst,Cybersecurity,9,Security Awareness Training,4.7,0.94,Beginner,security  security management  multi-factor authentication  security question  awareness  malware  security awareness  authentication  password  Mobile Security information-technology security,0.3446,0.3239
137,Ava Miller,Information Security Analyst,Cybersecurity,10,The Business of Cybersecurity Capstone,4.8,0.96,Advanced,Risk  Leadership and Management  performance measurement  security management  security  information security  contingency plan  Risk Management  Computer Security Incident Management  Strategy computer-science computer-security-and-networks,0.332,0.3187
138,Liam Wilson,Machine Learning Engineer,Machine Learning,1,Machine Learning With Big Data,4.6,0.92,Beginner,statistical classification  knime  data clustering algorithms  Human Learning  analysis  Algorithms  Apache Spark  cluster analysis  Machine Learning  Apache data-science machine-learning,0.4873,0.4483
138,Liam Wilson,Machine Learning Engineer,Machine Learning,2,Introduction to Applied Machine Learning,4.7,0.94,Intermediate,Algorithms  Machine Learning Algorithms  Applied Machine Learning  Test Set  Machine Learning  ordered pair  Training  Human Learning  Deep Learning  business requirements data-science machine-learning,0.397,0.3732
138,Liam Wilson,Machine Learning Engineer,Machine Learning,3,Data Science for Business Innovation,4.2,0.84,Advanced,statistical classification  Machine Learning  Big Data  Data Analysis  linear regression  recommender systems  linearity  analysis  Computer Programming  Machine Learning Algorithms data-science data-analysis,0.3924,0.3296
138,Liam Wilson,Machine Learning Engineer,Machine Learning,4,Introduction to Data Analytics,4.7,0.94,Advanced,analytics  Data Analysis  physics  Exploratory Data Analysis  business analytics  Python Programming  quality control  Data Science  SQL  Business Analysis data-science data-analysis,0.3455,0.3248
138,Liam Wilson,Machine Learning Engineer,Machine Learning,5,Machine Learning Foundations: A Case Study Approach,4.5,0.9,Conversant,Human Learning  Regression  Machine Learning  Graphlab  statistical classification  linearity  Algorithms  Computer Programming  Python Programming  analysis data-science machine-learning,0.3564,0.3208
138,Liam Wilson,Machine Learning Engineer,Machine Learning,6,Machine Learning for Data Analysis,4.2,0.84,Intermediate,Algorithms  Data Analysis  numbers (spreadsheet)  evaluation  Machine Learning  Regression  Dependent And Independent Variables  Human Learning  Regression Analysis  decision tree data-science machine-learning,0.3661,0.3075
138,Liam Wilson,Machine Learning Engineer,Machine Learning,7,Code Free Data Science,4.3,0.86,Beginner,analytics  knime  download  decision tree  Machine Learning  Data Manipulation  Data Mining  data clustering algorithms  Microsoft Excel  modeling data-science machine-learning,0.3462,0.2977
138,Liam Wilson,Machine Learning Engineer,Machine Learning,8,Data Analysis with Python,4.6,0.92,Conversant,Data Model  Regression  Python Programming  Regression Analysis  Exploratory Data Analysis  analysis  Computer Programming  modeling  Data Analysis  linearity data-science data-analysis,0.3174,0.292
138,Liam Wilson,Machine Learning Engineer,Machine Learning,9,Machine Learning for Accounting with Python,4.5,0.9,Advanced,statistical classification  Regression  mathematical optimization  Python Programming  decision tree  Document Classification  n-gram  Machine Learning  Algorithms  hyperparameter data-science machine-learning,0.3226,0.2903
138,Liam Wilson,Machine Learning Engineer,Machine Learning,10,Developing AI Applications on Azure,4.3,0.86,Beginner,Machine Learning  web service  workspace  Training  Computer Programming  Microsoft Azure  Python Programming  Computer Vision  Human Learning  application programming interfaces data-science machine-learning,0.3273,0.2815
139,Sophia Johnson,Database Administrator,Database Management,1,Create Relational Database Tables Using SQLiteStudio,4.7,0.94,Beginner,database management systems  Databases  web browsers  BlockChain  relational database  sqlite  web  Average  SQL  table (database) information-technology data-management,0.3867,0.3635
139,Sophia Johnson,Database Administrator,Database Management,2,Creating Database Tables with SQL,4.6,0.92,Beginner,SQL  HTML5  mysql  database management systems  Database Design  relational database  table (database)  Accuracy And Precision  Databases  data retrieval information-technology data-management,0.371,0.3413
139,Sophia Johnson,Database Administrator,Database Management,3,Retrieve Data using Single-Table SQL Queries,4.6,0.92,Beginner,Data Analysis  select (sql)  database management systems  online shopping  table (database)  data retrieval  Databases  web page  numbers (spreadsheet)  SQL information-technology data-management,0.3694,0.3398
139,Sophia Johnson,Database Administrator,Database Management,4,Introduction to Data Analytics,4.7,0.94,Advanced,analytics  Data Analysis  physics  Exploratory Data Analysis  business analytics  Python Programming  quality control  Data Science  SQL  Business Analysis data-science data-analysis,0.3514,0.3303
139,Sophia Johnson,Database Administrator,Database Management,5,Relational Database Support for Data Warehouses,4.6,0.92,Advanced,data integration  data governance  null coalescing operator  Business Intelligence  SQL  modulo operation  Databases  relational database  ternary conditional operator  Data Warehousing data-science data-analysis,0.3531,0.3249
139,Sophia Johnson,Database Administrator,Database Management,6,Build a Database from a Relational Model,4.8,0.96,Beginner,Database Design  relational database  Databases  ordered pair  Data Model  test data  database management systems  relational model  graphical model  unique key information-technology data-management,0.3265,0.3134
139,Sophia Johnson,Database Administrator,Database Management,7,Manipulating Data with SQL,4.6,0.92,Beginner,system u  table (database)  relational database  database management systems  Databases  Database Design  SQL  Rowing  data retrieval  unique key information-technology data-management,0.3207,0.295
139,Sophia Johnson,Database Administrator,Database Management,8,Research Data Management and Sharing,4.7,0.94,Intermediate,enabling  document management systems  Strategy  Data Management  confidentiality  research data archiving  metadata  Planning  data file  Leadership and Management data-science data-analysis,0.3133,0.2945
139,Sophia Johnson,Database Administrator,Database Management,9,Big Data Modeling and Management Systems,4.4,0.88,Intermediate,Databases  analytics  graphs  Data Structures  Big Data Analytics  Data Management  Big Data  Data Model  Leadership and Management  modeling data-science data-analysis,0.3104,0.2732
139,Sophia Johnson,Database Administrator,Database Management,10,Database Design and Diagramming in Dia,4.6,0.92,Beginner,data retrieval  Databases  requirements analysis  relational database  table (database)  user requirements document  entity relationship model  Database Design  process  database management systems information-technology data-management,0.296,0.2723
140,Michael Brown,Cloud Solutions Architect,Cloud Computing,1,System Administration and IT Infrastructure Services,4.7,0.94,Conversant,disaster  directory services  lightweight directory access protocol  Cloud Computing  backup  directory access protocol  Planning  lightweight  Server Systems  infrastructure as a service information-technology support-and-operations,0.2759,0.2593
140,Michael Brown,Cloud Solutions Architect,Cloud Computing,2,Essential Google Cloud Infrastructure: Core Services,4.7,0.94,Conversant,Leadership and Management  bigquery  Cloud Infrastructure  identity management  Cloud Platforms  Cloud Computing  network monitoring  Google Cloud Platform  Cloud Storage  resource information-technology cloud-computing,0.2556,0.2403
140,Michael Brown,Cloud Solutions Architect,Cloud Computing,3,Essential Google Cloud Infrastructure: Foundation,4.7,0.94,Conversant,Cloud Infrastructure  private network  virtual machine  Cloud Storage  Cloud Computing  virtual private networks  Network Architecture  Cloud Platforms  architecture  Google Cloud Platform information-technology cloud-computing,0.2471,0.2323
140,Michael Brown,Cloud Solutions Architect,Cloud Computing,4,Elastic Google Cloud Infrastructure: Scaling and Automation,4.7,0.94,Beginner,Cloud Platforms  virtual private networks  Google Cloud Platform  Cloud Computing  load balancing  build automation  deployment environment  Cloud Infrastructure  managed services  Leadership and Management information-technology cloud-computing,0.2459,0.2311
140,Michael Brown,Cloud Solutions Architect,Cloud Computing,5,Enterprise and Infrastructure Security,4.6,0.92,Advanced,infrastructure security  critical infrastructure protection  cloud computing security  Mobile Security  payment card industry data security standard  Cloud Computing  security awareness  BlockChain  internet of things  security computer-science computer-security-and-networks,0.2341,0.2154
140,Michael Brown,Cloud Solutions Architect,Cloud Computing,6,Reliable Google Cloud Infrastructure: Design and Process,4.7,0.94,Beginner,Google Cloud Platform  Cloud Platforms  Cloud Computing  process  security  Cloud Infrastructure  deployment environment  site reliability engineering  architecture  reliability engineering information-technology cloud-computing,0.2179,0.2048
140,Michael Brown,Cloud Solutions Architect,Cloud Computing,7,Cloud Networking,4.4,0.88,Advanced,Network Infrastructure  distributed computing  tcp congestion control  Computer Networking  routing  Cloud Computing  Cloud Infrastructure  Python Programming  network congestion  data centers computer-science computer-security-and-networks,0.2285,0.2011
140,Michael Brown,Cloud Solutions Architect,Cloud Computing,8,"Innovation Through Design: Think, Make, Break, Repeat",4.7,0.94,Intermediate,minimum viable product  Innovation  innovation management  thought  process  Entrepreneurship  design thinking  agile management  instructional design  project management professional business entrepreneurship,0.2071,0.1947
140,Michael Brown,Cloud Solutions Architect,Cloud Computing,9,Prototyping and Design,4.6,0.92,Advanced,design pattern  paper prototyping  Commercial Design  user interface  interaction design  interaction design pattern  User Experience  interfaces  usability  user interface design computer-science design-and-product,0.2068,0.1903
140,Michael Brown,Cloud Solutions Architect,Cloud Computing,10,Azure Infrastructure Fundamentals,4.2,0.84,Advanced,Microsoft Azure  Machine Learning  coroutine  openshift  sap erp  reliability engineering  archimate  BlockChain  windows services  site reliability engineering computer-science computer-security-and-networks,0.2254,0.1893
141,Emily Lee,Mobile App Developer,Mobile App Development,1,Requirements Gathering for Secure Software Development,4.6,0.92,Beginner,software requirements  requirements analysis  requirements elicitation  software requirements specification  software  Agile Software Development  software development process  Software Engineering  requirements engineering  analysis computer-science software-development,0.3705,0.3409
141,Emily Lee,Mobile App Developer,Mobile App Development,2,Agile Planning for Software Products,4.7,0.94,Advanced,Risk  Leadership and Management  Software Engineering  Planning  project  Risk Management  software  Agile Software Development  Estimation  agile management computer-science software-development,0.32,0.3008
141,Emily Lee,Mobile App Developer,Mobile App Development,3,Reviews & Metrics for Software Improvements,4.6,0.92,Advanced,software metrics  software project management  scrum (software development)  Project Management  software  Leadership and Management  Software Engineering  software product management  project  Product Management computer-science design-and-product,0.2954,0.2718
141,Emily Lee,Mobile App Developer,Mobile App Development,4,Software Product Management Capstone,4.8,0.96,Advanced,Product Management  Leadership and Management  project  scrum (software development)  Project Management  software  software product management  Software Engineering  software project management  Agile Software Development computer-science design-and-product,0.2779,0.2668
141,Emily Lee,Mobile App Developer,Mobile App Development,5,Software Design as an Element of the Software Development Lifecycle,4.6,0.92,Advanced,Software Architecture  software design  security  Software Testing  Software Engineering  interfaces  low-level design  software  specification (technical standard)  software development process computer-science software-development,0.2781,0.2559
141,Emily Lee,Mobile App Developer,Mobile App Development,6,Software Security,4.6,0.92,Advanced,internet security  SQL  security  Security Software  web  buffer overflow  software  penetration test  analysis  sql injection computer-science computer-security-and-networks,0.2751,0.2531
141,Emily Lee,Mobile App Developer,Mobile App Development,7,Software Development Processes and Methodologies,4.4,0.88,Advanced,waterfall model  modeling  software  scrum (software development)  methodology  process  Software Engineering  software development process  Software Testing  Agile Software Development computer-science software-development,0.2836,0.2496
141,Emily Lee,Mobile App Developer,Mobile App Development,8,Introduction to Software Product Management,4.6,0.92,Beginner,project  Software Engineering  Product Management  Leadership and Management  software  Agile Software Development  agile management  software product management  Planning  agile manifesto computer-science design-and-product,0.2597,0.2389
141,Emily Lee,Mobile App Developer,Mobile App Development,9,Engineering Practices for Building Quality Software,4.1,0.82,Conversant,code coverage  version control systems  software project management  design pattern  software quality  Software Architecture  static analysis  software  Continuous Integration  Software Engineering computer-science software-development,0.2775,0.2276
141,Emily Lee,Mobile App Developer,Mobile App Development,10,Continuous Integration,3.7,0.74,Advanced,flow network  software development process  shippable  software configuration management  euler's totient function  reusability  packaging  software project management  DevOps  Continuous Integration computer-science software-development,0.2653,0.1963
142,William Davis,AI Researcher,Artificial Intelligence,1,Promote the Ethical Use of Data-Driven Technologies,5.0,1.0,Advanced,analysis  criticism  determinism  bias  virtue  ethics  Legal Solutions  privacy  Deep Learning  principle data-science machine-learning,0.2678,0.2678
142,William Davis,AI Researcher,Artificial Intelligence,2,Introduction to Applied Machine Learning,4.7,0.94,Intermediate,Algorithms  Machine Learning Algorithms  Applied Machine Learning  Test Set  Machine Learning  ordered pair  Training  Human Learning  Deep Learning  business requirements data-science machine-learning,0.2683,0.2522
142,William Davis,AI Researcher,Artificial Intelligence,3,Being a researcher (in Information Science and Technology),4.8,0.96,Advanced,Laboratory Research  physics  window blind  physics experiments  pharmacy  medical laboratory  pharmacology  Scientific Analysis  research methods  robotics physical-science-and-engineering research-methods,0.2619,0.2514
142,William Davis,AI Researcher,Artificial Intelligence,4,Machine Learning With Big Data,4.6,0.92,Beginner,statistical classification  knime  data clustering algorithms  Human Learning  analysis  Algorithms  Apache Spark  cluster analysis  Machine Learning  Apache data-science machine-learning,0.2716,0.2499
142,William Davis,AI Researcher,Artificial Intelligence,5,Research for Impact,4.9,0.98,Intermediate,experience  knowledge-based systems  Strategic Partnerships  research methods  evaluation  climate change  sustainability  strategic communication  wicked problem  Communication social-sciences governance-and-society,0.2459,0.241
142,William Davis,AI Researcher,Artificial Intelligence,6,Machine Learning Foundations: A Case Study Approach,4.5,0.9,Conversant,Human Learning  Regression  Machine Learning  Graphlab  statistical classification  linearity  Algorithms  Computer Programming  Python Programming  analysis data-science machine-learning,0.2603,0.2343
142,William Davis,AI Researcher,Artificial Intelligence,7,Data Science Ethics,4.7,0.94,Beginner,Social Media  informed consent  privacy  relative change and difference  analysis  thought  ethics  Data Science  consensus decision-making  Type I And Type Ii Errors data-science data-analysis,0.2481,0.2332
142,William Davis,AI Researcher,Artificial Intelligence,8,Machine Learning for All,4.7,0.94,Conversant,robotics  Machine Learning  Artificial Neural Networks  Training  Algorithms  Tensorflow  statistical classification  modeling  Human Learning  Deep Learning computer-science software-development,0.2397,0.2253
142,William Davis,AI Researcher,Artificial Intelligence,9,Machine Learning for Data Analysis,4.2,0.84,Intermediate,Algorithms  Data Analysis  numbers (spreadsheet)  evaluation  Machine Learning  Regression  Dependent And Independent Variables  Human Learning  Regression Analysis  decision tree data-science machine-learning,0.2598,0.2182
142,William Davis,AI Researcher,Artificial Intelligence,10,Developing AI Applications on Azure,4.3,0.86,Beginner,Machine Learning  web service  workspace  Training  Computer Programming  Microsoft Azure  Python Programming  Computer Vision  Human Learning  application programming interfaces data-science machine-learning,0.2269,0.1951
143,Olivia Brown,Data Analyst,Data Science,1,Introduction to Data Analytics,4.7,0.94,Advanced,analytics  Data Analysis  physics  Exploratory Data Analysis  business analytics  Python Programming  quality control  Data Science  SQL  Business Analysis data-science data-analysis,0.4757,0.4472
143,Olivia Brown,Data Analyst,Data Science,2,Introduction to Data Analytics for Business,4.6,0.92,Advanced,analysis  analytics  SQL  Business Analysis  relational database  Data Analysis  Data Model  Databases  business analytics  modeling data-science data-analysis,0.3962,0.3645
143,Olivia Brown,Data Analyst,Data Science,3,Business Analytics Executive Overview,4.5,0.9,Beginner,Data Visualization  quantum computing  business analytics  Recruitment  analytics  Closed-Form Expression  Chart  Business Intelligence  euler's totient function  Data Warehousing business leadership-and-management,0.3958,0.3562
143,Olivia Brown,Data Analyst,Data Science,4,Foundations of strategic business analytics,4.4,0.88,Advanced,Project Management  analysis  analytics  R Programming  credit scoring  Data Analysis  Computer Programming  business analytics  Business Analysis  presentation business business-essentials,0.4007,0.3526
143,Olivia Brown,Data Analyst,Data Science,5,Communicating Business Analytics Results,4.4,0.88,Advanced,Strategy  Communication  business analytics  analytics  analysis  presentation  Data Analysis  graphs  measurement  Data Visualization data-science data-analysis,0.4006,0.3525
143,Olivia Brown,Data Analyst,Data Science,6,Introduction to Accounting Data Analytics and Visualization,4.8,0.96,Advanced,data clustering algorithms  analytics  tableau software  Microsoft Excel  Data Visualization  microsoft excel vba  Pivot Table  analysis  Data Analysis  software data-science data-analysis,0.3667,0.352
143,Olivia Brown,Data Analyst,Data Science,7,Introduction to Business Analytics with R,4.4,0.88,Advanced,lecture  rstudio  business analytics  software  R Programming  Data Analysis  Exploratory Data Analysis  applied statistics  utility  analytics business business-essentials,0.3935,0.3463
143,Olivia Brown,Data Analyst,Data Science,8,"Business Intelligence Concepts, Tools, and Applications",4.3,0.86,Advanced,Data Visualization  balanced scorecard  performance measurement  critical success factor  openfabrics alliance  Business Intelligence  SQL  Data Warehousing  MicroStrategy  Performance Management data-science data-analysis,0.348,0.2993
143,Olivia Brown,Data Analyst,Data Science,9,Advanced Business Analytics Capstone,4.2,0.84,Advanced,Business Intelligence  Business Analysis  analysis  portfolio (finance)  business analytics  SQL  Missing Data  Data Analysis  predictive analytics  analytics data-science data-analysis,0.3556,0.2987
143,Olivia Brown,Data Analyst,Data Science,10,Accounting Data Analytics with Python,3.6,0.72,Advanced,data type  relational database management system  Numpy  Basic Descriptive Statistics  Data Structures  Python Programming  Databases  SQL  euler's totient function  jpeg data-science data-analysis,0.3677,0.2647
144,John Smith,Web Developer,Web Development,1,Requirements Gathering for Secure Software Development,4.6,0.92,Beginner,software requirements  requirements analysis  requirements elicitation  software requirements specification  software  Agile Software Development  software development process  Software Engineering  requirements engineering  analysis computer-science software-development,0.2563,0.2358
144,John Smith,Web Developer,Web Development,2,Agile Planning for Software Products,4.7,0.94,Advanced,Risk  Leadership and Management  Software Engineering  Planning  project  Risk Management  software  Agile Software Development  Estimation  agile management computer-science software-development,0.234,0.22
144,John Smith,Web Developer,Web Development,3,Software Design as an Element of the Software Development Lifecycle,4.6,0.92,Advanced,Software Architecture  software design  security  Software Testing  Software Engineering  interfaces  low-level design  software  specification (technical standard)  software development process computer-science software-development,0.2282,0.2099
144,John Smith,Web Developer,Web Development,4,Design Patterns,4.6,0.92,Advanced,architectural pattern  code smell  software  code refactoring  design pattern  unified modeling language  software design  chain of responsibility  factory method pattern  software design pattern computer-science software-development,0.228,0.2098
144,John Smith,Web Developer,Web Development,5,Introduction to UI Design,4.7,0.94,Conversant,usability  user interface  experience  interfaces  evaluation  java annotation  user interface design  principle  principles of user interface design  User Experience computer-science design-and-product,0.2149,0.202
144,John Smith,Web Developer,Web Development,6,Standardisation & Technology,4.4,0.88,Advanced,ageing  how we decide  connected car  privacy  ethics  opinion  process  Weighting  standards organization  voting business business-strategy,0.2294,0.2019
144,John Smith,Web Developer,Web Development,7,Web Connectivity and Security in Embedded Systems,4.5,0.9,Advanced,attack model  cryptographic protocol  application layer  web service  web  link layer  wireless security  symmetric-key algorithm  application layer protocols  public-key cryptography computer-science computer-security-and-networks,0.2055,0.185
144,John Smith,Web Developer,Web Development,8,Usable Security,4.5,0.9,Beginner,Human Computer Interaction  privacy  java annotation  user interface  Security Design  usability testing  usability  authentication  security  password computer-science computer-security-and-networks,0.2015,0.1814
144,John Smith,Web Developer,Web Development,9,Web Application Development: Basic Concepts,4.5,0.9,Advanced,active record pattern  ruby on rails  web  Javascript  ajax (programming)  html  middleware  ruby (programming language)  Full-Stack Web Development  web application computer-science mobile-and-web-development,0.2011,0.181
144,John Smith,Web Developer,Web Development,10,Software Development Processes and Methodologies,4.4,0.88,Advanced,waterfall model  modeling  software  scrum (software development)  methodology  process  Software Engineering  software development process  Software Testing  Agile Software Development computer-science software-development,0.1981,0.1743
145,Alice Johnson,Machine Learning Engineer,Machine Learning,1,Machine Learning With Big Data,4.6,0.92,Beginner,statistical classification  knime  data clustering algorithms  Human Learning  analysis  Algorithms  Apache Spark  cluster analysis  Machine Learning  Apache data-science machine-learning,0.4873,0.4483
145,Alice Johnson,Machine Learning Engineer,Machine Learning,2,Introduction to Applied Machine Learning,4.7,0.94,Intermediate,Algorithms  Machine Learning Algorithms  Applied Machine Learning  Test Set  Machine Learning  ordered pair  Training  Human Learning  Deep Learning  business requirements data-science machine-learning,0.397,0.3732
145,Alice Johnson,Machine Learning Engineer,Machine Learning,3,Data Science for Business Innovation,4.2,0.84,Advanced,statistical classification  Machine Learning  Big Data  Data Analysis  linear regression  recommender systems  linearity  analysis  Computer Programming  Machine Learning Algorithms data-science data-analysis,0.3924,0.3296
145,Alice Johnson,Machine Learning Engineer,Machine Learning,4,Introduction to Data Analytics,4.7,0.94,Advanced,analytics  Data Analysis  physics  Exploratory Data Analysis  business analytics  Python Programming  quality control  Data Science  SQL  Business Analysis data-science data-analysis,0.3455,0.3248
145,Alice Johnson,Machine Learning Engineer,Machine Learning,5,Machine Learning Foundations: A Case Study Approach,4.5,0.9,Conversant,Human Learning  Regression  Machine Learning  Graphlab  statistical classification  linearity  Algorithms  Computer Programming  Python Programming  analysis data-science machine-learning,0.3564,0.3208
145,Alice Johnson,Machine Learning Engineer,Machine Learning,6,Machine Learning for Data Analysis,4.2,0.84,Intermediate,Algorithms  Data Analysis  numbers (spreadsheet)  evaluation  Machine Learning  Regression  Dependent And Independent Variables  Human Learning  Regression Analysis  decision tree data-science machine-learning,0.3661,0.3075
145,Alice Johnson,Machine Learning Engineer,Machine Learning,7,Code Free Data Science,4.3,0.86,Beginner,analytics  knime  download  decision tree  Machine Learning  Data Manipulation  Data Mining  data clustering algorithms  Microsoft Excel  modeling data-science machine-learning,0.3462,0.2977
145,Alice Johnson,Machine Learning Engineer,Machine Learning,8,Data Analysis with Python,4.6,0.92,Conversant,Data Model  Regression  Python Programming  Regression Analysis  Exploratory Data Analysis  analysis  Computer Programming  modeling  Data Analysis  linearity data-science data-analysis,0.3174,0.292
145,Alice Johnson,Machine Learning Engineer,Machine Learning,9,Machine Learning for Accounting with Python,4.5,0.9,Advanced,statistical classification  Regression  mathematical optimization  Python Programming  decision tree  Document Classification  n-gram  Machine Learning  Algorithms  hyperparameter data-science machine-learning,0.3226,0.2903
145,Alice Johnson,Machine Learning Engineer,Machine Learning,10,Developing AI Applications on Azure,4.3,0.86,Beginner,Machine Learning  web service  workspace  Training  Computer Programming  Microsoft Azure  Python Programming  Computer Vision  Human Learning  application programming interfaces data-science machine-learning,0.3273,0.2815
146,Charlotte Davis,AI Researcher,Artificial Intelligence,1,Promote the Ethical Use of Data-Driven Technologies,5.0,1.0,Advanced,analysis  criticism  determinism  bias  virtue  ethics  Legal Solutions  privacy  Deep Learning  principle data-science machine-learning,0.2678,0.2678
146,Charlotte Davis,AI Researcher,Artificial Intelligence,2,Introduction to Applied Machine Learning,4.7,0.94,Intermediate,Algorithms  Machine Learning Algorithms  Applied Machine Learning  Test Set  Machine Learning  ordered pair  Training  Human Learning  Deep Learning  business requirements data-science machine-learning,0.2683,0.2522
146,Charlotte Davis,AI Researcher,Artificial Intelligence,3,Being a researcher (in Information Science and Technology),4.8,0.96,Advanced,Laboratory Research  physics  window blind  physics experiments  pharmacy  medical laboratory  pharmacology  Scientific Analysis  research methods  robotics physical-science-and-engineering research-methods,0.2619,0.2514
146,Charlotte Davis,AI Researcher,Artificial Intelligence,4,Machine Learning With Big Data,4.6,0.92,Beginner,statistical classification  knime  data clustering algorithms  Human Learning  analysis  Algorithms  Apache Spark  cluster analysis  Machine Learning  Apache data-science machine-learning,0.2716,0.2499
146,Charlotte Davis,AI Researcher,Artificial Intelligence,5,Research for Impact,4.9,0.98,Intermediate,experience  knowledge-based systems  Strategic Partnerships  research methods  evaluation  climate change  sustainability  strategic communication  wicked problem  Communication social-sciences governance-and-society,0.2459,0.241
146,Charlotte Davis,AI Researcher,Artificial Intelligence,6,Machine Learning Foundations: A Case Study Approach,4.5,0.9,Conversant,Human Learning  Regression  Machine Learning  Graphlab  statistical classification  linearity  Algorithms  Computer Programming  Python Programming  analysis data-science machine-learning,0.2603,0.2343
146,Charlotte Davis,AI Researcher,Artificial Intelligence,7,Data Science Ethics,4.7,0.94,Beginner,Social Media  informed consent  privacy  relative change and difference  analysis  thought  ethics  Data Science  consensus decision-making  Type I And Type Ii Errors data-science data-analysis,0.2481,0.2332
146,Charlotte Davis,AI Researcher,Artificial Intelligence,8,Machine Learning for All,4.7,0.94,Conversant,robotics  Machine Learning  Artificial Neural Networks  Training  Algorithms  Tensorflow  statistical classification  modeling  Human Learning  Deep Learning computer-science software-development,0.2397,0.2253
146,Charlotte Davis,AI Researcher,Artificial Intelligence,9,Machine Learning for Data Analysis,4.2,0.84,Intermediate,Algorithms  Data Analysis  numbers (spreadsheet)  evaluation  Machine Learning  Regression  Dependent And Independent Variables  Human Learning  Regression Analysis  decision tree data-science machine-learning,0.2598,0.2182
146,Charlotte Davis,AI Researcher,Artificial Intelligence,10,Developing AI Applications on Azure,4.3,0.86,Beginner,Machine Learning  web service  workspace  Training  Computer Programming  Microsoft Azure  Python Programming  Computer Vision  Human Learning  application programming interfaces data-science machine-learning,0.2269,0.1951
147,Joseph Miller,Data Scientist,Data Science,1,Introduction to Data Analytics,4.7,0.94,Advanced,analytics  Data Analysis  physics  Exploratory Data Analysis  business analytics  Python Programming  quality control  Data Science  SQL  Business Analysis data-science data-analysis,0.4604,0.4328
147,Joseph Miller,Data Scientist,Data Science,2,Machine Learning With Big Data,4.6,0.92,Beginner,statistical classification  knime  data clustering algorithms  Human Learning  analysis  Algorithms  Apache Spark  cluster analysis  Machine Learning  Apache data-science machine-learning,0.4529,0.4167
147,Joseph Miller,Data Scientist,Data Science,3,Data Science for Business Innovation,4.2,0.84,Advanced,statistical classification  Machine Learning  Big Data  Data Analysis  linear regression  recommender systems  linearity  analysis  Computer Programming  Machine Learning Algorithms data-science data-analysis,0.4308,0.3619
147,Joseph Miller,Data Scientist,Data Science,4,Code Free Data Science,4.3,0.86,Beginner,analytics  knime  download  decision tree  Machine Learning  Data Manipulation  Data Mining  data clustering algorithms  Microsoft Excel  modeling data-science machine-learning,0.4036,0.3471
147,Joseph Miller,Data Scientist,Data Science,5,Machine Learning for Accounting with Python,4.5,0.9,Advanced,statistical classification  Regression  mathematical optimization  Python Programming  decision tree  Document Classification  n-gram  Machine Learning  Algorithms  hyperparameter data-science machine-learning,0.3759,0.3383
147,Joseph Miller,Data Scientist,Data Science,6,Business Analytics Executive Overview,4.5,0.9,Beginner,Data Visualization  quantum computing  business analytics  Recruitment  analytics  Closed-Form Expression  Chart  Business Intelligence  euler's totient function  Data Warehousing business leadership-and-management,0.3687,0.3318
147,Joseph Miller,Data Scientist,Data Science,7,Communicating Business Analytics Results,4.4,0.88,Advanced,Strategy  Communication  business analytics  analytics  analysis  presentation  Data Analysis  graphs  measurement  Data Visualization data-science data-analysis,0.3702,0.3258
147,Joseph Miller,Data Scientist,Data Science,8,Introduction to Business Analytics with R,4.4,0.88,Advanced,lecture  rstudio  business analytics  software  R Programming  Data Analysis  Exploratory Data Analysis  applied statistics  utility  analytics business business-essentials,0.3666,0.3226
147,Joseph Miller,Data Scientist,Data Science,9,Basic Data Processing and Visualization,4.2,0.84,Advanced,software  jpeg  Outlier  Python Programming  Data Visualization  Numpy  predictive analytics  Big Data  python libraries  json data-science data-analysis,0.3706,0.3113
147,Joseph Miller,Data Scientist,Data Science,10,Accounting Data Analytics with Python,3.6,0.72,Advanced,data type  relational database management system  Numpy  Basic Descriptive Statistics  Data Structures  Python Programming  Databases  SQL  euler's totient function  jpeg data-science data-analysis,0.3794,0.2732
148,Emma Wilson,Software Engineer,Software Development,1,Requirements Gathering for Secure Software Development,4.6,0.92,Beginner,software requirements  requirements analysis  requirements elicitation  software requirements specification  software  Agile Software Development  software development process  Software Engineering  requirements engineering  analysis computer-science software-development,0.331,0.3045
148,Emma Wilson,Software Engineer,Software Development,2,Engineering Practices for Building Quality Software,4.1,0.82,Conversant,code coverage  version control systems  software project management  design pattern  software quality  Software Architecture  static analysis  software  Continuous Integration  Software Engineering computer-science software-development,0.3639,0.2984
148,Emma Wilson,Software Engineer,Software Development,3,Agile Planning for Software Products,4.7,0.94,Advanced,Risk  Leadership and Management  Software Engineering  Planning  project  Risk Management  software  Agile Software Development  Estimation  agile management computer-science software-development,0.2975,0.2796
148,Emma Wilson,Software Engineer,Software Development,4,Software Product Management Capstone,4.8,0.96,Advanced,Product Management  Leadership and Management  project  scrum (software development)  Project Management  software  software product management  Software Engineering  software project management  Agile Software Development computer-science design-and-product,0.2869,0.2754
148,Emma Wilson,Software Engineer,Software Development,5,Software Development Processes and Methodologies,4.4,0.88,Advanced,waterfall model  modeling  software  scrum (software development)  methodology  process  Software Engineering  software development process  Software Testing  Agile Software Development computer-science software-development,0.3081,0.2711
148,Emma Wilson,Software Engineer,Software Development,6,Software Processes and Agile Practices,4.7,0.94,Beginner,lean software development  process  kanban  software development process  software  Software Engineering  Leadership and Management  scrum (software development)  unified process  Agile Software Development computer-science design-and-product,0.2877,0.2704
148,Emma Wilson,Software Engineer,Software Development,7,Software Design as an Element of the Software Development Lifecycle,4.6,0.92,Advanced,Software Architecture  software design  security  Software Testing  Software Engineering  interfaces  low-level design  software  specification (technical standard)  software development process computer-science software-development,0.2821,0.2595
148,Emma Wilson,Software Engineer,Software Development,8,Reviews & Metrics for Software Improvements,4.6,0.92,Advanced,software metrics  software project management  scrum (software development)  Project Management  software  Leadership and Management  Software Engineering  software product management  project  Product Management computer-science design-and-product,0.2705,0.2489
148,Emma Wilson,Software Engineer,Software Development,9,Continuous Integration,3.7,0.74,Advanced,flow network  software development process  shippable  software configuration management  euler's totient function  reusability  packaging  software project management  DevOps  Continuous Integration computer-science software-development,0.3247,0.2403
148,Emma Wilson,Software Engineer,Software Development,10,Introduction to Software Product Management,4.6,0.92,Beginner,project  Software Engineering  Product Management  Leadership and Management  software  Agile Software Development  agile management  software product management  Planning  agile manifesto computer-science design-and-product,0.2592,0.2385
149,Oliver Brown,Web Developer,Web Development,1,Requirements Gathering for Secure Software Development,4.6,0.92,Beginner,software requirements  requirements analysis  requirements elicitation  software requirements specification  software  Agile Software Development  software development process  Software Engineering  requirements engineering  analysis computer-science software-development,0.2563,0.2358
149,Oliver Brown,Web Developer,Web Development,2,Agile Planning for Software Products,4.7,0.94,Advanced,Risk  Leadership and Management  Software Engineering  Planning  project  Risk Management  software  Agile Software Development  Estimation  agile management computer-science software-development,0.234,0.22
149,Oliver Brown,Web Developer,Web Development,3,Software Design as an Element of the Software Development Lifecycle,4.6,0.92,Advanced,Software Architecture  software design  security  Software Testing  Software Engineering  interfaces  low-level design  software  specification (technical standard)  software development process computer-science software-development,0.2282,0.2099
149,Oliver Brown,Web Developer,Web Development,4,Design Patterns,4.6,0.92,Advanced,architectural pattern  code smell  software  code refactoring  design pattern  unified modeling language  software design  chain of responsibility  factory method pattern  software design pattern computer-science software-development,0.228,0.2098
149,Oliver Brown,Web Developer,Web Development,5,Introduction to UI Design,4.7,0.94,Conversant,usability  user interface  experience  interfaces  evaluation  java annotation  user interface design  principle  principles of user interface design  User Experience computer-science design-and-product,0.2149,0.202
149,Oliver Brown,Web Developer,Web Development,6,Standardisation & Technology,4.4,0.88,Advanced,ageing  how we decide  connected car  privacy  ethics  opinion  process  Weighting  standards organization  voting business business-strategy,0.2294,0.2019
149,Oliver Brown,Web Developer,Web Development,7,Web Connectivity and Security in Embedded Systems,4.5,0.9,Advanced,attack model  cryptographic protocol  application layer  web service  web  link layer  wireless security  symmetric-key algorithm  application layer protocols  public-key cryptography computer-science computer-security-and-networks,0.2055,0.185
149,Oliver Brown,Web Developer,Web Development,8,Usable Security,4.5,0.9,Beginner,Human Computer Interaction  privacy  java annotation  user interface  Security Design  usability testing  usability  authentication  security  password computer-science computer-security-and-networks,0.2015,0.1814
149,Oliver Brown,Web Developer,Web Development,9,Web Application Development: Basic Concepts,4.5,0.9,Advanced,active record pattern  ruby on rails  web  Javascript  ajax (programming)  html  middleware  ruby (programming language)  Full-Stack Web Development  web application computer-science mobile-and-web-development,0.2011,0.181
149,Oliver Brown,Web Developer,Web Development,10,Software Development Processes and Methodologies,4.4,0.88,Advanced,waterfall model  modeling  software  scrum (software development)  methodology  process  Software Engineering  software development process  Software Testing  Agile Software Development computer-science software-development,0.1981,0.1743
150,Sophia Johnson,Information Security Analyst,Cybersecurity,1,Security Operations and Administration,4.7,0.94,Advanced,configuration management  separation of duties  key (cryptography)  Security Operations  security awareness  Software Engineering  owasp  management process  security  release management information-technology security,0.5448,0.5121
150,Sophia Johnson,Information Security Analyst,Cybersecurity,2,Information Security: Context and Introduction,4.6,0.92,Beginner,Cryptography  Leadership and Management  security management  information security  Network Security  security  encryption  incident management  authorization  Risk computer-science computer-security-and-networks,0.5176,0.4762
150,Sophia Johnson,Information Security Analyst,Cybersecurity,3,Protecting Cloud Architecture with Alibaba Cloud,4.9,0.98,Beginner,performance  wi-fi  encryption  data security  wireless network interface controller  index  security  Switches  web  history computer-science software-development,0.4342,0.4255
150,Sophia Johnson,Information Security Analyst,Cybersecurity,4,Networks and Communications Security,4.7,0.94,Advanced,sublayer  virtual circuit  security  virtual lan  wireless  fibre channel over ethernet  virtual private lan service  domain name system  control plane  data link layer information-technology security,0.4237,0.3983
150,Sophia Johnson,Information Security Analyst,Cybersecurity,5,Cloud Security Basics,4.7,0.94,Advanced,separation of duties  protocol stack  cloud computing security  trust boundary  attack surface  cryptographic protocol  security  Network Security  Cloud Computing  public key certificate information-technology cloud-computing,0.4075,0.383
150,Sophia Johnson,Information Security Analyst,Cybersecurity,6,Enterprise and Infrastructure Security,4.6,0.92,Advanced,infrastructure security  critical infrastructure protection  cloud computing security  Mobile Security  payment card industry data security standard  Cloud Computing  security awareness  BlockChain  internet of things  security computer-science computer-security-and-networks,0.406,0.3735
150,Sophia Johnson,Information Security Analyst,Cybersecurity,7,IT Security: Defense against the digital dark arts,4.7,0.94,Beginner,wireless  wireless security  authentication  encryption  information security  Network Security  Cryptography  security  System Security  network monitoring information-technology security,0.3857,0.3626
150,Sophia Johnson,Information Security Analyst,Cybersecurity,8,Systems and Application Security,4.8,0.96,Advanced,virtual machine  encryption  process  privacy  software  malware  Cloud Computing  Leadership and Management  security  cloud computing security information-technology security,0.3671,0.3524
150,Sophia Johnson,Information Security Analyst,Cybersecurity,9,Security Awareness Training,4.7,0.94,Beginner,security  security management  multi-factor authentication  security question  awareness  malware  security awareness  authentication  password  Mobile Security information-technology security,0.3446,0.3239
150,Sophia Johnson,Information Security Analyst,Cybersecurity,10,The Business of Cybersecurity Capstone,4.8,0.96,Advanced,Risk  Leadership and Management  performance measurement  security management  security  information security  contingency plan  Risk Management  Computer Security Incident Management  Strategy computer-science computer-security-and-networks,0.332,0.3187
151,William Smith,Machine Learning Engineer,Machine Learning,1,Machine Learning With Big Data,4.6,0.92,Beginner,statistical classification  knime  data clustering algorithms  Human Learning  analysis  Algorithms  Apache Spark  cluster analysis  Machine Learning  Apache data-science machine-learning,0.4873,0.4483
151,William Smith,Machine Learning Engineer,Machine Learning,2,Introduction to Applied Machine Learning,4.7,0.94,Intermediate,Algorithms  Machine Learning Algorithms  Applied Machine Learning  Test Set  Machine Learning  ordered pair  Training  Human Learning  Deep Learning  business requirements data-science machine-learning,0.397,0.3732
151,William Smith,Machine Learning Engineer,Machine Learning,3,Data Science for Business Innovation,4.2,0.84,Advanced,statistical classification  Machine Learning  Big Data  Data Analysis  linear regression  recommender systems  linearity  analysis  Computer Programming  Machine Learning Algorithms data-science data-analysis,0.3924,0.3296
151,William Smith,Machine Learning Engineer,Machine Learning,4,Introduction to Data Analytics,4.7,0.94,Advanced,analytics  Data Analysis  physics  Exploratory Data Analysis  business analytics  Python Programming  quality control  Data Science  SQL  Business Analysis data-science data-analysis,0.3455,0.3248
151,William Smith,Machine Learning Engineer,Machine Learning,5,Machine Learning Foundations: A Case Study Approach,4.5,0.9,Conversant,Human Learning  Regression  Machine Learning  Graphlab  statistical classification  linearity  Algorithms  Computer Programming  Python Programming  analysis data-science machine-learning,0.3564,0.3208
151,William Smith,Machine Learning Engineer,Machine Learning,6,Machine Learning for Data Analysis,4.2,0.84,Intermediate,Algorithms  Data Analysis  numbers (spreadsheet)  evaluation  Machine Learning  Regression  Dependent And Independent Variables  Human Learning  Regression Analysis  decision tree data-science machine-learning,0.3661,0.3075
151,William Smith,Machine Learning Engineer,Machine Learning,7,Code Free Data Science,4.3,0.86,Beginner,analytics  knime  download  decision tree  Machine Learning  Data Manipulation  Data Mining  data clustering algorithms  Microsoft Excel  modeling data-science machine-learning,0.3462,0.2977
151,William Smith,Machine Learning Engineer,Machine Learning,8,Data Analysis with Python,4.6,0.92,Conversant,Data Model  Regression  Python Programming  Regression Analysis  Exploratory Data Analysis  analysis  Computer Programming  modeling  Data Analysis  linearity data-science data-analysis,0.3174,0.292
151,William Smith,Machine Learning Engineer,Machine Learning,9,Machine Learning for Accounting with Python,4.5,0.9,Advanced,statistical classification  Regression  mathematical optimization  Python Programming  decision tree  Document Classification  n-gram  Machine Learning  Algorithms  hyperparameter data-science machine-learning,0.3226,0.2903
151,William Smith,Machine Learning Engineer,Machine Learning,10,Developing AI Applications on Azure,4.3,0.86,Beginner,Machine Learning  web service  workspace  Training  Computer Programming  Microsoft Azure  Python Programming  Computer Vision  Human Learning  application programming interfaces data-science machine-learning,0.3273,0.2815
152,Charlotte Davis,Database Administrator,Database Management,1,Create Relational Database Tables Using SQLiteStudio,4.7,0.94,Beginner,database management systems  Databases  web browsers  BlockChain  relational database  sqlite  web  Average  SQL  table (database) information-technology data-management,0.3867,0.3635
152,Charlotte Davis,Database Administrator,Database Management,2,Creating Database Tables with SQL,4.6,0.92,Beginner,SQL  HTML5  mysql  database management systems  Database Design  relational database  table (database)  Accuracy And Precision  Databases  data retrieval information-technology data-management,0.371,0.3413
152,Charlotte Davis,Database Administrator,Database Management,3,Retrieve Data using Single-Table SQL Queries,4.6,0.92,Beginner,Data Analysis  select (sql)  database management systems  online shopping  table (database)  data retrieval  Databases  web page  numbers (spreadsheet)  SQL information-technology data-management,0.3694,0.3398
152,Charlotte Davis,Database Administrator,Database Management,4,Introduction to Data Analytics,4.7,0.94,Advanced,analytics  Data Analysis  physics  Exploratory Data Analysis  business analytics  Python Programming  quality control  Data Science  SQL  Business Analysis data-science data-analysis,0.3514,0.3303
152,Charlotte Davis,Database Administrator,Database Management,5,Relational Database Support for Data Warehouses,4.6,0.92,Advanced,data integration  data governance  null coalescing operator  Business Intelligence  SQL  modulo operation  Databases  relational database  ternary conditional operator  Data Warehousing data-science data-analysis,0.3531,0.3249
152,Charlotte Davis,Database Administrator,Database Management,6,Build a Database from a Relational Model,4.8,0.96,Beginner,Database Design  relational database  Databases  ordered pair  Data Model  test data  database management systems  relational model  graphical model  unique key information-technology data-management,0.3265,0.3134
152,Charlotte Davis,Database Administrator,Database Management,7,Manipulating Data with SQL,4.6,0.92,Beginner,system u  table (database)  relational database  database management systems  Databases  Database Design  SQL  Rowing  data retrieval  unique key information-technology data-management,0.3207,0.295
152,Charlotte Davis,Database Administrator,Database Management,8,Research Data Management and Sharing,4.7,0.94,Intermediate,enabling  document management systems  Strategy  Data Management  confidentiality  research data archiving  metadata  Planning  data file  Leadership and Management data-science data-analysis,0.3133,0.2945
152,Charlotte Davis,Database Administrator,Database Management,9,Big Data Modeling and Management Systems,4.4,0.88,Intermediate,Databases  analytics  graphs  Data Structures  Big Data Analytics  Data Management  Big Data  Data Model  Leadership and Management  modeling data-science data-analysis,0.3104,0.2732
152,Charlotte Davis,Database Administrator,Database Management,10,Database Design and Diagramming in Dia,4.6,0.92,Beginner,data retrieval  Databases  requirements analysis  relational database  table (database)  user requirements document  entity relationship model  Database Design  process  database management systems information-technology data-management,0.296,0.2723
153,James Wilson,Cloud Solutions Architect,Cloud Computing,1,System Administration and IT Infrastructure Services,4.7,0.94,Conversant,disaster  directory services  lightweight directory access protocol  Cloud Computing  backup  directory access protocol  Planning  lightweight  Server Systems  infrastructure as a service information-technology support-and-operations,0.2759,0.2593
153,James Wilson,Cloud Solutions Architect,Cloud Computing,2,Essential Google Cloud Infrastructure: Core Services,4.7,0.94,Conversant,Leadership and Management  bigquery  Cloud Infrastructure  identity management  Cloud Platforms  Cloud Computing  network monitoring  Google Cloud Platform  Cloud Storage  resource information-technology cloud-computing,0.2556,0.2403
153,James Wilson,Cloud Solutions Architect,Cloud Computing,3,Essential Google Cloud Infrastructure: Foundation,4.7,0.94,Conversant,Cloud Infrastructure  private network  virtual machine  Cloud Storage  Cloud Computing  virtual private networks  Network Architecture  Cloud Platforms  architecture  Google Cloud Platform information-technology cloud-computing,0.2471,0.2323
153,James Wilson,Cloud Solutions Architect,Cloud Computing,4,Elastic Google Cloud Infrastructure: Scaling and Automation,4.7,0.94,Beginner,Cloud Platforms  virtual private networks  Google Cloud Platform  Cloud Computing  load balancing  build automation  deployment environment  Cloud Infrastructure  managed services  Leadership and Management information-technology cloud-computing,0.2459,0.2311
153,James Wilson,Cloud Solutions Architect,Cloud Computing,5,Enterprise and Infrastructure Security,4.6,0.92,Advanced,infrastructure security  critical infrastructure protection  cloud computing security  Mobile Security  payment card industry data security standard  Cloud Computing  security awareness  BlockChain  internet of things  security computer-science computer-security-and-networks,0.2341,0.2154
153,James Wilson,Cloud Solutions Architect,Cloud Computing,6,Reliable Google Cloud Infrastructure: Design and Process,4.7,0.94,Beginner,Google Cloud Platform  Cloud Platforms  Cloud Computing  process  security  Cloud Infrastructure  deployment environment  site reliability engineering  architecture  reliability engineering information-technology cloud-computing,0.2179,0.2048
153,James Wilson,Cloud Solutions Architect,Cloud Computing,7,Cloud Networking,4.4,0.88,Advanced,Network Infrastructure  distributed computing  tcp congestion control  Computer Networking  routing  Cloud Computing  Cloud Infrastructure  Python Programming  network congestion  data centers computer-science computer-security-and-networks,0.2285,0.2011
153,James Wilson,Cloud Solutions Architect,Cloud Computing,8,"Innovation Through Design: Think, Make, Break, Repeat",4.7,0.94,Intermediate,minimum viable product  Innovation  innovation management  thought  process  Entrepreneurship  design thinking  agile management  instructional design  project management professional business entrepreneurship,0.2071,0.1947
153,James Wilson,Cloud Solutions Architect,Cloud Computing,9,Prototyping and Design,4.6,0.92,Advanced,design pattern  paper prototyping  Commercial Design  user interface  interaction design  interaction design pattern  User Experience  interfaces  usability  user interface design computer-science design-and-product,0.2068,0.1903
153,James Wilson,Cloud Solutions Architect,Cloud Computing,10,Azure Infrastructure Fundamentals,4.2,0.84,Advanced,Microsoft Azure  Machine Learning  coroutine  openshift  sap erp  reliability engineering  archimate  BlockChain  windows services  site reliability engineering computer-science computer-security-and-networks,0.2254,0.1893
154,Olivia Clark,Mobile App Developer,Mobile App Development,1,Requirements Gathering for Secure Software Development,4.6,0.92,Beginner,software requirements  requirements analysis  requirements elicitation  software requirements specification  software  Agile Software Development  software development process  Software Engineering  requirements engineering  analysis computer-science software-development,0.3705,0.3409
154,Olivia Clark,Mobile App Developer,Mobile App Development,2,Agile Planning for Software Products,4.7,0.94,Advanced,Risk  Leadership and Management  Software Engineering  Planning  project  Risk Management  software  Agile Software Development  Estimation  agile management computer-science software-development,0.32,0.3008
154,Olivia Clark,Mobile App Developer,Mobile App Development,3,Reviews & Metrics for Software Improvements,4.6,0.92,Advanced,software metrics  software project management  scrum (software development)  Project Management  software  Leadership and Management  Software Engineering  software product management  project  Product Management computer-science design-and-product,0.2954,0.2718
154,Olivia Clark,Mobile App Developer,Mobile App Development,4,Software Product Management Capstone,4.8,0.96,Advanced,Product Management  Leadership and Management  project  scrum (software development)  Project Management  software  software product management  Software Engineering  software project management  Agile Software Development computer-science design-and-product,0.2779,0.2668
154,Olivia Clark,Mobile App Developer,Mobile App Development,5,Software Design as an Element of the Software Development Lifecycle,4.6,0.92,Advanced,Software Architecture  software design  security  Software Testing  Software Engineering  interfaces  low-level design  software  specification (technical standard)  software development process computer-science software-development,0.2781,0.2559
154,Olivia Clark,Mobile App Developer,Mobile App Development,6,Software Security,4.6,0.92,Advanced,internet security  SQL  security  Security Software  web  buffer overflow  software  penetration test  analysis  sql injection computer-science computer-security-and-networks,0.2751,0.2531
154,Olivia Clark,Mobile App Developer,Mobile App Development,7,Software Development Processes and Methodologies,4.4,0.88,Advanced,waterfall model  modeling  software  scrum (software development)  methodology  process  Software Engineering  software development process  Software Testing  Agile Software Development computer-science software-development,0.2836,0.2496
154,Olivia Clark,Mobile App Developer,Mobile App Development,8,Introduction to Software Product Management,4.6,0.92,Beginner,project  Software Engineering  Product Management  Leadership and Management  software  Agile Software Development  agile management  software product management  Planning  agile manifesto computer-science design-and-product,0.2597,0.2389
154,Olivia Clark,Mobile App Developer,Mobile App Development,9,Engineering Practices for Building Quality Software,4.1,0.82,Conversant,code coverage  version control systems  software project management  design pattern  software quality  Software Architecture  static analysis  software  Continuous Integration  Software Engineering computer-science software-development,0.2775,0.2276
154,Olivia Clark,Mobile App Developer,Mobile App Development,10,Continuous Integration,3.7,0.74,Advanced,flow network  software development process  shippable  software configuration management  euler's totient function  reusability  packaging  software project management  DevOps  Continuous Integration computer-science software-development,0.2653,0.1963
155,Matthew Hall,NLP Research Scientist,Artificial Intelligence,1,Introduction to Applied Machine Learning,4.7,0.94,Intermediate,Algorithms  Machine Learning Algorithms  Applied Machine Learning  Test Set  Machine Learning  ordered pair  Training  Human Learning  Deep Learning  business requirements data-science machine-learning,0.3264,0.3068
155,Matthew Hall,NLP Research Scientist,Artificial Intelligence,2,Machine Learning With Big Data,4.6,0.92,Beginner,statistical classification  knime  data clustering algorithms  Human Learning  analysis  Algorithms  Apache Spark  cluster analysis  Machine Learning  Apache data-science machine-learning,0.3148,0.2896
155,Matthew Hall,NLP Research Scientist,Artificial Intelligence,3,Machine Learning Foundations: A Case Study Approach,4.5,0.9,Conversant,Human Learning  Regression  Machine Learning  Graphlab  statistical classification  linearity  Algorithms  Computer Programming  Python Programming  analysis data-science machine-learning,0.313,0.2817
155,Matthew Hall,NLP Research Scientist,Artificial Intelligence,4,Research for Impact,4.9,0.98,Intermediate,experience  knowledge-based systems  Strategic Partnerships  research methods  evaluation  climate change  sustainability  strategic communication  wicked problem  Communication social-sciences governance-and-society,0.2825,0.2768
155,Matthew Hall,NLP Research Scientist,Artificial Intelligence,5,Being a researcher (in Information Science and Technology),4.8,0.96,Advanced,Laboratory Research  physics  window blind  physics experiments  pharmacy  medical laboratory  pharmacology  Scientific Analysis  research methods  robotics physical-science-and-engineering research-methods,0.2843,0.2729
155,Matthew Hall,NLP Research Scientist,Artificial Intelligence,6,Machine Learning for Data Analysis,4.2,0.84,Intermediate,Algorithms  Data Analysis  numbers (spreadsheet)  evaluation  Machine Learning  Regression  Dependent And Independent Variables  Human Learning  Regression Analysis  decision tree data-science machine-learning,0.3211,0.2697
155,Matthew Hall,NLP Research Scientist,Artificial Intelligence,7,Machine Learning for All,4.7,0.94,Conversant,robotics  Machine Learning  Artificial Neural Networks  Training  Algorithms  Tensorflow  statistical classification  modeling  Human Learning  Deep Learning computer-science software-development,0.2726,0.2562
155,Matthew Hall,NLP Research Scientist,Artificial Intelligence,8,Introduction to Research for Essay Writing,4.7,0.94,Intermediate,language  linguistics  Writing  english language  formal language  english grammar  academic writing  sources  Note Taking  essay writing arts-and-humanities music-and-art,0.2638,0.248
155,Matthew Hall,NLP Research Scientist,Artificial Intelligence,9,Machine Learning with Python,4.6,0.92,Beginner,Logistic Regression  Algorithms  Human Learning  data clustering algorithms  Machine Learning  statistical classification  classification algorithms  Regression  Computer Programming  Python Programming data-science machine-learning,0.2652,0.244
155,Matthew Hall,NLP Research Scientist,Artificial Intelligence,10,Developing AI Applications on Azure,4.3,0.86,Beginner,Machine Learning  web service  workspace  Training  Computer Programming  Microsoft Azure  Python Programming  Computer Vision  Human Learning  application programming interfaces data-science machine-learning,0.2658,0.2286
156,Elijah Davis,Web Developer,Web Development,1,Requirements Gathering for Secure Software Development,4.6,0.92,Beginner,software requirements  requirements analysis  requirements elicitation  software requirements specification  software  Agile Software Development  software development process  Software Engineering  requirements engineering  analysis computer-science software-development,0.2563,0.2358
156,Elijah Davis,Web Developer,Web Development,2,Agile Planning for Software Products,4.7,0.94,Advanced,Risk  Leadership and Management  Software Engineering  Planning  project  Risk Management  software  Agile Software Development  Estimation  agile management computer-science software-development,0.234,0.22
156,Elijah Davis,Web Developer,Web Development,3,Software Design as an Element of the Software Development Lifecycle,4.6,0.92,Advanced,Software Architecture  software design  security  Software Testing  Software Engineering  interfaces  low-level design  software  specification (technical standard)  software development process computer-science software-development,0.2282,0.2099
156,Elijah Davis,Web Developer,Web Development,4,Design Patterns,4.6,0.92,Advanced,architectural pattern  code smell  software  code refactoring  design pattern  unified modeling language  software design  chain of responsibility  factory method pattern  software design pattern computer-science software-development,0.228,0.2098
156,Elijah Davis,Web Developer,Web Development,5,Introduction to UI Design,4.7,0.94,Conversant,usability  user interface  experience  interfaces  evaluation  java annotation  user interface design  principle  principles of user interface design  User Experience computer-science design-and-product,0.2149,0.202
156,Elijah Davis,Web Developer,Web Development,6,Standardisation & Technology,4.4,0.88,Advanced,ageing  how we decide  connected car  privacy  ethics  opinion  process  Weighting  standards organization  voting business business-strategy,0.2294,0.2019
156,Elijah Davis,Web Developer,Web Development,7,Web Connectivity and Security in Embedded Systems,4.5,0.9,Advanced,attack model  cryptographic protocol  application layer  web service  web  link layer  wireless security  symmetric-key algorithm  application layer protocols  public-key cryptography computer-science computer-security-and-networks,0.2055,0.185
156,Elijah Davis,Web Developer,Web Development,8,Usable Security,4.5,0.9,Beginner,Human Computer Interaction  privacy  java annotation  user interface  Security Design  usability testing  usability  authentication  security  password computer-science computer-security-and-networks,0.2015,0.1814
156,Elijah Davis,Web Developer,Web Development,9,Web Application Development: Basic Concepts,4.5,0.9,Advanced,active record pattern  ruby on rails  web  Javascript  ajax (programming)  html  middleware  ruby (programming language)  Full-Stack Web Development  web application computer-science mobile-and-web-development,0.2011,0.181
156,Elijah Davis,Web Developer,Web Development,10,Software Development Processes and Methodologies,4.4,0.88,Advanced,waterfall model  modeling  software  scrum (software development)  methodology  process  Software Engineering  software development process  Software Testing  Agile Software Development computer-science software-development,0.1981,0.1743
157,Emma Johnson,Information Security Analyst,Cybersecurity,1,Security Operations and Administration,4.7,0.94,Advanced,configuration management  separation of duties  key (cryptography)  Security Operations  security awareness  Software Engineering  owasp  management process  security  release management information-technology security,0.5448,0.5121
157,Emma Johnson,Information Security Analyst,Cybersecurity,2,Information Security: Context and Introduction,4.6,0.92,Beginner,Cryptography  Leadership and Management  security management  information security  Network Security  security  encryption  incident management  authorization  Risk computer-science computer-security-and-networks,0.5176,0.4762
157,Emma Johnson,Information Security Analyst,Cybersecurity,3,Protecting Cloud Architecture with Alibaba Cloud,4.9,0.98,Beginner,performance  wi-fi  encryption  data security  wireless network interface controller  index  security  Switches  web  history computer-science software-development,0.4342,0.4255
157,Emma Johnson,Information Security Analyst,Cybersecurity,4,Networks and Communications Security,4.7,0.94,Advanced,sublayer  virtual circuit  security  virtual lan  wireless  fibre channel over ethernet  virtual private lan service  domain name system  control plane  data link layer information-technology security,0.4237,0.3983
157,Emma Johnson,Information Security Analyst,Cybersecurity,5,Cloud Security Basics,4.7,0.94,Advanced,separation of duties  protocol stack  cloud computing security  trust boundary  attack surface  cryptographic protocol  security  Network Security  Cloud Computing  public key certificate information-technology cloud-computing,0.4075,0.383
157,Emma Johnson,Information Security Analyst,Cybersecurity,6,Enterprise and Infrastructure Security,4.6,0.92,Advanced,infrastructure security  critical infrastructure protection  cloud computing security  Mobile Security  payment card industry data security standard  Cloud Computing  security awareness  BlockChain  internet of things  security computer-science computer-security-and-networks,0.406,0.3735
157,Emma Johnson,Information Security Analyst,Cybersecurity,7,IT Security: Defense against the digital dark arts,4.7,0.94,Beginner,wireless  wireless security  authentication  encryption  information security  Network Security  Cryptography  security  System Security  network monitoring information-technology security,0.3857,0.3626
157,Emma Johnson,Information Security Analyst,Cybersecurity,8,Systems and Application Security,4.8,0.96,Advanced,virtual machine  encryption  process  privacy  software  malware  Cloud Computing  Leadership and Management  security  cloud computing security information-technology security,0.3671,0.3524
157,Emma Johnson,Information Security Analyst,Cybersecurity,9,Security Awareness Training,4.7,0.94,Beginner,security  security management  multi-factor authentication  security question  awareness  malware  security awareness  authentication  password  Mobile Security information-technology security,0.3446,0.3239
157,Emma Johnson,Information Security Analyst,Cybersecurity,10,The Business of Cybersecurity Capstone,4.8,0.96,Advanced,Risk  Leadership and Management  performance measurement  security management  security  information security  contingency plan  Risk Management  Computer Security Incident Management  Strategy computer-science computer-security-and-networks,0.332,0.3187
158,Liam Wilson,Machine Learning Engineer,Machine Learning,1,Machine Learning With Big Data,4.6,0.92,Beginner,statistical classification  knime  data clustering algorithms  Human Learning  analysis  Algorithms  Apache Spark  cluster analysis  Machine Learning  Apache data-science machine-learning,0.4873,0.4483
158,Liam Wilson,Machine Learning Engineer,Machine Learning,2,Introduction to Applied Machine Learning,4.7,0.94,Intermediate,Algorithms  Machine Learning Algorithms  Applied Machine Learning  Test Set  Machine Learning  ordered pair  Training  Human Learning  Deep Learning  business requirements data-science machine-learning,0.397,0.3732
158,Liam Wilson,Machine Learning Engineer,Machine Learning,3,Data Science for Business Innovation,4.2,0.84,Advanced,statistical classification  Machine Learning  Big Data  Data Analysis  linear regression  recommender systems  linearity  analysis  Computer Programming  Machine Learning Algorithms data-science data-analysis,0.3924,0.3296
158,Liam Wilson,Machine Learning Engineer,Machine Learning,4,Introduction to Data Analytics,4.7,0.94,Advanced,analytics  Data Analysis  physics  Exploratory Data Analysis  business analytics  Python Programming  quality control  Data Science  SQL  Business Analysis data-science data-analysis,0.3455,0.3248
158,Liam Wilson,Machine Learning Engineer,Machine Learning,5,Machine Learning Foundations: A Case Study Approach,4.5,0.9,Conversant,Human Learning  Regression  Machine Learning  Graphlab  statistical classification  linearity  Algorithms  Computer Programming  Python Programming  analysis data-science machine-learning,0.3564,0.3208
158,Liam Wilson,Machine Learning Engineer,Machine Learning,6,Machine Learning for Data Analysis,4.2,0.84,Intermediate,Algorithms  Data Analysis  numbers (spreadsheet)  evaluation  Machine Learning  Regression  Dependent And Independent Variables  Human Learning  Regression Analysis  decision tree data-science machine-learning,0.3661,0.3075
158,Liam Wilson,Machine Learning Engineer,Machine Learning,7,Code Free Data Science,4.3,0.86,Beginner,analytics  knime  download  decision tree  Machine Learning  Data Manipulation  Data Mining  data clustering algorithms  Microsoft Excel  modeling data-science machine-learning,0.3462,0.2977
158,Liam Wilson,Machine Learning Engineer,Machine Learning,8,Data Analysis with Python,4.6,0.92,Conversant,Data Model  Regression  Python Programming  Regression Analysis  Exploratory Data Analysis  analysis  Computer Programming  modeling  Data Analysis  linearity data-science data-analysis,0.3174,0.292
158,Liam Wilson,Machine Learning Engineer,Machine Learning,9,Machine Learning for Accounting with Python,4.5,0.9,Advanced,statistical classification  Regression  mathematical optimization  Python Programming  decision tree  Document Classification  n-gram  Machine Learning  Algorithms  hyperparameter data-science machine-learning,0.3226,0.2903
158,Liam Wilson,Machine Learning Engineer,Machine Learning,10,Developing AI Applications on Azure,4.3,0.86,Beginner,Machine Learning  web service  workspace  Training  Computer Programming  Microsoft Azure  Python Programming  Computer Vision  Human Learning  application programming interfaces data-science machine-learning,0.3273,0.2815
159,Sophia Johnson,Database Administrator,Database Management,1,Create Relational Database Tables Using SQLiteStudio,4.7,0.94,Beginner,database management systems  Databases  web browsers  BlockChain  relational database  sqlite  web  Average  SQL  table (database) information-technology data-management,0.3867,0.3635
159,Sophia Johnson,Database Administrator,Database Management,2,Creating Database Tables with SQL,4.6,0.92,Beginner,SQL  HTML5  mysql  database management systems  Database Design  relational database  table (database)  Accuracy And Precision  Databases  data retrieval information-technology data-management,0.371,0.3413
159,Sophia Johnson,Database Administrator,Database Management,3,Retrieve Data using Single-Table SQL Queries,4.6,0.92,Beginner,Data Analysis  select (sql)  database management systems  online shopping  table (database)  data retrieval  Databases  web page  numbers (spreadsheet)  SQL information-technology data-management,0.3694,0.3398
159,Sophia Johnson,Database Administrator,Database Management,4,Introduction to Data Analytics,4.7,0.94,Advanced,analytics  Data Analysis  physics  Exploratory Data Analysis  business analytics  Python Programming  quality control  Data Science  SQL  Business Analysis data-science data-analysis,0.3514,0.3303
159,Sophia Johnson,Database Administrator,Database Management,5,Relational Database Support for Data Warehouses,4.6,0.92,Advanced,data integration  data governance  null coalescing operator  Business Intelligence  SQL  modulo operation  Databases  relational database  ternary conditional operator  Data Warehousing data-science data-analysis,0.3531,0.3249
159,Sophia Johnson,Database Administrator,Database Management,6,Build a Database from a Relational Model,4.8,0.96,Beginner,Database Design  relational database  Databases  ordered pair  Data Model  test data  database management systems  relational model  graphical model  unique key information-technology data-management,0.3265,0.3134
159,Sophia Johnson,Database Administrator,Database Management,7,Manipulating Data with SQL,4.6,0.92,Beginner,system u  table (database)  relational database  database management systems  Databases  Database Design  SQL  Rowing  data retrieval  unique key information-technology data-management,0.3207,0.295
159,Sophia Johnson,Database Administrator,Database Management,8,Research Data Management and Sharing,4.7,0.94,Intermediate,enabling  document management systems  Strategy  Data Management  confidentiality  research data archiving  metadata  Planning  data file  Leadership and Management data-science data-analysis,0.3133,0.2945
159,Sophia Johnson,Database Administrator,Database Management,9,Big Data Modeling and Management Systems,4.4,0.88,Intermediate,Databases  analytics  graphs  Data Structures  Big Data Analytics  Data Management  Big Data  Data Model  Leadership and Management  modeling data-science data-analysis,0.3104,0.2732
159,Sophia Johnson,Database Administrator,Database Management,10,Database Design and Diagramming in Dia,4.6,0.92,Beginner,data retrieval  Databases  requirements analysis  relational database  table (database)  user requirements document  entity relationship model  Database Design  process  database management systems information-technology data-management,0.296,0.2723
160,Michael Brown,Cloud Solutions Architect,Cloud Computing,1,System Administration and IT Infrastructure Services,4.7,0.94,Conversant,disaster  directory services  lightweight directory access protocol  Cloud Computing  backup  directory access protocol  Planning  lightweight  Server Systems  infrastructure as a service information-technology support-and-operations,0.2759,0.2593
160,Michael Brown,Cloud Solutions Architect,Cloud Computing,2,Essential Google Cloud Infrastructure: Core Services,4.7,0.94,Conversant,Leadership and Management  bigquery  Cloud Infrastructure  identity management  Cloud Platforms  Cloud Computing  network monitoring  Google Cloud Platform  Cloud Storage  resource information-technology cloud-computing,0.2556,0.2403
160,Michael Brown,Cloud Solutions Architect,Cloud Computing,3,Essential Google Cloud Infrastructure: Foundation,4.7,0.94,Conversant,Cloud Infrastructure  private network  virtual machine  Cloud Storage  Cloud Computing  virtual private networks  Network Architecture  Cloud Platforms  architecture  Google Cloud Platform information-technology cloud-computing,0.2471,0.2323
160,Michael Brown,Cloud Solutions Architect,Cloud Computing,4,Elastic Google Cloud Infrastructure: Scaling and Automation,4.7,0.94,Beginner,Cloud Platforms  virtual private networks  Google Cloud Platform  Cloud Computing  load balancing  build automation  deployment environment  Cloud Infrastructure  managed services  Leadership and Management information-technology cloud-computing,0.2459,0.2311
160,Michael Brown,Cloud Solutions Architect,Cloud Computing,5,Enterprise and Infrastructure Security,4.6,0.92,Advanced,infrastructure security  critical infrastructure protection  cloud computing security  Mobile Security  payment card industry data security standard  Cloud Computing  security awareness  BlockChain  internet of things  security computer-science computer-security-and-networks,0.2341,0.2154
160,Michael Brown,Cloud Solutions Architect,Cloud Computing,6,Reliable Google Cloud Infrastructure: Design and Process,4.7,0.94,Beginner,Google Cloud Platform  Cloud Platforms  Cloud Computing  process  security  Cloud Infrastructure  deployment environment  site reliability engineering  architecture  reliability engineering information-technology cloud-computing,0.2179,0.2048
160,Michael Brown,Cloud Solutions Architect,Cloud Computing,7,Cloud Networking,4.4,0.88,Advanced,Network Infrastructure  distributed computing  tcp congestion control  Computer Networking  routing  Cloud Computing  Cloud Infrastructure  Python Programming  network congestion  data centers computer-science computer-security-and-networks,0.2285,0.2011
160,Michael Brown,Cloud Solutions Architect,Cloud Computing,8,"Innovation Through Design: Think, Make, Break, Repeat",4.7,0.94,Intermediate,minimum viable product  Innovation  innovation management  thought  process  Entrepreneurship  design thinking  agile management  instructional design  project management professional business entrepreneurship,0.2071,0.1947
160,Michael Brown,Cloud Solutions Architect,Cloud Computing,9,Prototyping and Design,4.6,0.92,Advanced,design pattern  paper prototyping  Commercial Design  user interface  interaction design  interaction design pattern  User Experience  interfaces  usability  user interface design computer-science design-and-product,0.2068,0.1903
160,Michael Brown,Cloud Solutions Architect,Cloud Computing,10,Azure Infrastructure Fundamentals,4.2,0.84,Advanced,Microsoft Azure  Machine Learning  coroutine  openshift  sap erp  reliability engineering  archimate  BlockChain  windows services  site reliability engineering computer-science computer-security-and-networks,0.2254,0.1893
161,Emily Lee,Mobile App Developer,Mobile App Development,1,Requirements Gathering for Secure Software Development,4.6,0.92,Beginner,software requirements  requirements analysis  requirements elicitation  software requirements specification  software  Agile Software Development  software development process  Software Engineering  requirements engineering  analysis computer-science software-development,0.3705,0.3409
161,Emily Lee,Mobile App Developer,Mobile App Development,2,Agile Planning for Software Products,4.7,0.94,Advanced,Risk  Leadership and Management  Software Engineering  Planning  project  Risk Management  software  Agile Software Development  Estimation  agile management computer-science software-development,0.32,0.3008
161,Emily Lee,Mobile App Developer,Mobile App Development,3,Reviews & Metrics for Software Improvements,4.6,0.92,Advanced,software metrics  software project management  scrum (software development)  Project Management  software  Leadership and Management  Software Engineering  software product management  project  Product Management computer-science design-and-product,0.2954,0.2718
161,Emily Lee,Mobile App Developer,Mobile App Development,4,Software Product Management Capstone,4.8,0.96,Advanced,Product Management  Leadership and Management  project  scrum (software development)  Project Management  software  software product management  Software Engineering  software project management  Agile Software Development computer-science design-and-product,0.2779,0.2668
161,Emily Lee,Mobile App Developer,Mobile App Development,5,Software Design as an Element of the Software Development Lifecycle,4.6,0.92,Advanced,Software Architecture  software design  security  Software Testing  Software Engineering  interfaces  low-level design  software  specification (technical standard)  software development process computer-science software-development,0.2781,0.2559
161,Emily Lee,Mobile App Developer,Mobile App Development,6,Software Security,4.6,0.92,Advanced,internet security  SQL  security  Security Software  web  buffer overflow  software  penetration test  analysis  sql injection computer-science computer-security-and-networks,0.2751,0.2531
161,Emily Lee,Mobile App Developer,Mobile App Development,7,Software Development Processes and Methodologies,4.4,0.88,Advanced,waterfall model  modeling  software  scrum (software development)  methodology  process  Software Engineering  software development process  Software Testing  Agile Software Development computer-science software-development,0.2836,0.2496
161,Emily Lee,Mobile App Developer,Mobile App Development,8,Introduction to Software Product Management,4.6,0.92,Beginner,project  Software Engineering  Product Management  Leadership and Management  software  Agile Software Development  agile management  software product management  Planning  agile manifesto computer-science design-and-product,0.2597,0.2389
161,Emily Lee,Mobile App Developer,Mobile App Development,9,Engineering Practices for Building Quality Software,4.1,0.82,Conversant,code coverage  version control systems  software project management  design pattern  software quality  Software Architecture  static analysis  software  Continuous Integration  Software Engineering computer-science software-development,0.2775,0.2276
161,Emily Lee,Mobile App Developer,Mobile App Development,10,Continuous Integration,3.7,0.74,Advanced,flow network  software development process  shippable  software configuration management  euler's totient function  reusability  packaging  software project management  DevOps  Continuous Integration computer-science software-development,0.2653,0.1963
162,William Davis,AI Researcher,Artificial Intelligence,1,Promote the Ethical Use of Data-Driven Technologies,5.0,1.0,Advanced,analysis  criticism  determinism  bias  virtue  ethics  Legal Solutions  privacy  Deep Learning  principle data-science machine-learning,0.2678,0.2678
162,William Davis,AI Researcher,Artificial Intelligence,2,Introduction to Applied Machine Learning,4.7,0.94,Intermediate,Algorithms  Machine Learning Algorithms  Applied Machine Learning  Test Set  Machine Learning  ordered pair  Training  Human Learning  Deep Learning  business requirements data-science machine-learning,0.2683,0.2522
162,William Davis,AI Researcher,Artificial Intelligence,3,Being a researcher (in Information Science and Technology),4.8,0.96,Advanced,Laboratory Research  physics  window blind  physics experiments  pharmacy  medical laboratory  pharmacology  Scientific Analysis  research methods  robotics physical-science-and-engineering research-methods,0.2619,0.2514
162,William Davis,AI Researcher,Artificial Intelligence,4,Machine Learning With Big Data,4.6,0.92,Beginner,statistical classification  knime  data clustering algorithms  Human Learning  analysis  Algorithms  Apache Spark  cluster analysis  Machine Learning  Apache data-science machine-learning,0.2716,0.2499
162,William Davis,AI Researcher,Artificial Intelligence,5,Research for Impact,4.9,0.98,Intermediate,experience  knowledge-based systems  Strategic Partnerships  research methods  evaluation  climate change  sustainability  strategic communication  wicked problem  Communication social-sciences governance-and-society,0.2459,0.241
162,William Davis,AI Researcher,Artificial Intelligence,6,Machine Learning Foundations: A Case Study Approach,4.5,0.9,Conversant,Human Learning  Regression  Machine Learning  Graphlab  statistical classification  linearity  Algorithms  Computer Programming  Python Programming  analysis data-science machine-learning,0.2603,0.2343
162,William Davis,AI Researcher,Artificial Intelligence,7,Data Science Ethics,4.7,0.94,Beginner,Social Media  informed consent  privacy  relative change and difference  analysis  thought  ethics  Data Science  consensus decision-making  Type I And Type Ii Errors data-science data-analysis,0.2481,0.2332
162,William Davis,AI Researcher,Artificial Intelligence,8,Machine Learning for All,4.7,0.94,Conversant,robotics  Machine Learning  Artificial Neural Networks  Training  Algorithms  Tensorflow  statistical classification  modeling  Human Learning  Deep Learning computer-science software-development,0.2397,0.2253
162,William Davis,AI Researcher,Artificial Intelligence,9,Machine Learning for Data Analysis,4.2,0.84,Intermediate,Algorithms  Data Analysis  numbers (spreadsheet)  evaluation  Machine Learning  Regression  Dependent And Independent Variables  Human Learning  Regression Analysis  decision tree data-science machine-learning,0.2598,0.2182
162,William Davis,AI Researcher,Artificial Intelligence,10,Developing AI Applications on Azure,4.3,0.86,Beginner,Machine Learning  web service  workspace  Training  Computer Programming  Microsoft Azure  Python Programming  Computer Vision  Human Learning  application programming interfaces data-science machine-learning,0.2269,0.1951
163,Olivia Brown,Data Analyst,Data Science,1,Introduction to Data Analytics,4.7,0.94,Advanced,analytics  Data Analysis  physics  Exploratory Data Analysis  business analytics  Python Programming  quality control  Data Science  SQL  Business Analysis data-science data-analysis,0.4757,0.4472
163,Olivia Brown,Data Analyst,Data Science,2,Introduction to Data Analytics for Business,4.6,0.92,Advanced,analysis  analytics  SQL  Business Analysis  relational database  Data Analysis  Data Model  Databases  business analytics  modeling data-science data-analysis,0.3962,0.3645
163,Olivia Brown,Data Analyst,Data Science,3,Business Analytics Executive Overview,4.5,0.9,Beginner,Data Visualization  quantum computing  business analytics  Recruitment  analytics  Closed-Form Expression  Chart  Business Intelligence  euler's totient function  Data Warehousing business leadership-and-management,0.3958,0.3562
163,Olivia Brown,Data Analyst,Data Science,4,Foundations of strategic business analytics,4.4,0.88,Advanced,Project Management  analysis  analytics  R Programming  credit scoring  Data Analysis  Computer Programming  business analytics  Business Analysis  presentation business business-essentials,0.4007,0.3526
163,Olivia Brown,Data Analyst,Data Science,5,Communicating Business Analytics Results,4.4,0.88,Advanced,Strategy  Communication  business analytics  analytics  analysis  presentation  Data Analysis  graphs  measurement  Data Visualization data-science data-analysis,0.4006,0.3525
163,Olivia Brown,Data Analyst,Data Science,6,Introduction to Accounting Data Analytics and Visualization,4.8,0.96,Advanced,data clustering algorithms  analytics  tableau software  Microsoft Excel  Data Visualization  microsoft excel vba  Pivot Table  analysis  Data Analysis  software data-science data-analysis,0.3667,0.352
163,Olivia Brown,Data Analyst,Data Science,7,Introduction to Business Analytics with R,4.4,0.88,Advanced,lecture  rstudio  business analytics  software  R Programming  Data Analysis  Exploratory Data Analysis  applied statistics  utility  analytics business business-essentials,0.3935,0.3463
163,Olivia Brown,Data Analyst,Data Science,8,"Business Intelligence Concepts, Tools, and Applications",4.3,0.86,Advanced,Data Visualization  balanced scorecard  performance measurement  critical success factor  openfabrics alliance  Business Intelligence  SQL  Data Warehousing  MicroStrategy  Performance Management data-science data-analysis,0.348,0.2993
163,Olivia Brown,Data Analyst,Data Science,9,Advanced Business Analytics Capstone,4.2,0.84,Advanced,Business Intelligence  Business Analysis  analysis  portfolio (finance)  business analytics  SQL  Missing Data  Data Analysis  predictive analytics  analytics data-science data-analysis,0.3556,0.2987
163,Olivia Brown,Data Analyst,Data Science,10,Accounting Data Analytics with Python,3.6,0.72,Advanced,data type  relational database management system  Numpy  Basic Descriptive Statistics  Data Structures  Python Programming  Databases  SQL  euler's totient function  jpeg data-science data-analysis,0.3677,0.2647
164,John Smith,Web Developer,Web Development,1,Requirements Gathering for Secure Software Development,4.6,0.92,Beginner,software requirements  requirements analysis  requirements elicitation  software requirements specification  software  Agile Software Development  software development process  Software Engineering  requirements engineering  analysis computer-science software-development,0.2563,0.2358
164,John Smith,Web Developer,Web Development,2,Agile Planning for Software Products,4.7,0.94,Advanced,Risk  Leadership and Management  Software Engineering  Planning  project  Risk Management  software  Agile Software Development  Estimation  agile management computer-science software-development,0.234,0.22
164,John Smith,Web Developer,Web Development,3,Software Design as an Element of the Software Development Lifecycle,4.6,0.92,Advanced,Software Architecture  software design  security  Software Testing  Software Engineering  interfaces  low-level design  software  specification (technical standard)  software development process computer-science software-development,0.2282,0.2099
164,John Smith,Web Developer,Web Development,4,Design Patterns,4.6,0.92,Advanced,architectural pattern  code smell  software  code refactoring  design pattern  unified modeling language  software design  chain of responsibility  factory method pattern  software design pattern computer-science software-development,0.228,0.2098
164,John Smith,Web Developer,Web Development,5,Introduction to UI Design,4.7,0.94,Conversant,usability  user interface  experience  interfaces  evaluation  java annotation  user interface design  principle  principles of user interface design  User Experience computer-science design-and-product,0.2149,0.202
164,John Smith,Web Developer,Web Development,6,Standardisation & Technology,4.4,0.88,Advanced,ageing  how we decide  connected car  privacy  ethics  opinion  process  Weighting  standards organization  voting business business-strategy,0.2294,0.2019
164,John Smith,Web Developer,Web Development,7,Web Connectivity and Security in Embedded Systems,4.5,0.9,Advanced,attack model  cryptographic protocol  application layer  web service  web  link layer  wireless security  symmetric-key algorithm  application layer protocols  public-key cryptography computer-science computer-security-and-networks,0.2055,0.185
164,John Smith,Web Developer,Web Development,8,Usable Security,4.5,0.9,Beginner,Human Computer Interaction  privacy  java annotation  user interface  Security Design  usability testing  usability  authentication  security  password computer-science computer-security-and-networks,0.2015,0.1814
164,John Smith,Web Developer,Web Development,9,Web Application Development: Basic Concepts,4.5,0.9,Advanced,active record pattern  ruby on rails  web  Javascript  ajax (programming)  html  middleware  ruby (programming language)  Full-Stack Web Development  web application computer-science mobile-and-web-development,0.2011,0.181
164,John Smith,Web Developer,Web Development,10,Software Development Processes and Methodologies,4.4,0.88,Advanced,waterfall model  modeling  software  scrum (software development)  methodology  process  Software Engineering  software development process  Software Testing  Agile Software Development computer-science software-development,0.1981,0.1743
165,Alice Johnson,Machine Learning Engineer,Machine Learning,1,Machine Learning With Big Data,4.6,0.92,Beginner,statistical classification  knime  data clustering algorithms  Human Learning  analysis  Algorithms  Apache Spark  cluster analysis  Machine Learning  Apache data-science machine-learning,0.4873,0.4483
165,Alice Johnson,Machine Learning Engineer,Machine Learning,2,Introduction to Applied Machine Learning,4.7,0.94,Intermediate,Algorithms  Machine Learning Algorithms  Applied Machine Learning  Test Set  Machine Learning  ordered pair  Training  Human Learning  Deep Learning  business requirements data-science machine-learning,0.397,0.3732
165,Alice Johnson,Machine Learning Engineer,Machine Learning,3,Data Science for Business Innovation,4.2,0.84,Advanced,statistical classification  Machine Learning  Big Data  Data Analysis  linear regression  recommender systems  linearity  analysis  Computer Programming  Machine Learning Algorithms data-science data-analysis,0.3924,0.3296
165,Alice Johnson,Machine Learning Engineer,Machine Learning,4,Introduction to Data Analytics,4.7,0.94,Advanced,analytics  Data Analysis  physics  Exploratory Data Analysis  business analytics  Python Programming  quality control  Data Science  SQL  Business Analysis data-science data-analysis,0.3455,0.3248
165,Alice Johnson,Machine Learning Engineer,Machine Learning,5,Machine Learning Foundations: A Case Study Approach,4.5,0.9,Conversant,Human Learning  Regression  Machine Learning  Graphlab  statistical classification  linearity  Algorithms  Computer Programming  Python Programming  analysis data-science machine-learning,0.3564,0.3208
165,Alice Johnson,Machine Learning Engineer,Machine Learning,6,Machine Learning for Data Analysis,4.2,0.84,Intermediate,Algorithms  Data Analysis  numbers (spreadsheet)  evaluation  Machine Learning  Regression  Dependent And Independent Variables  Human Learning  Regression Analysis  decision tree data-science machine-learning,0.3661,0.3075
165,Alice Johnson,Machine Learning Engineer,Machine Learning,7,Code Free Data Science,4.3,0.86,Beginner,analytics  knime  download  decision tree  Machine Learning  Data Manipulation  Data Mining  data clustering algorithms  Microsoft Excel  modeling data-science machine-learning,0.3462,0.2977
165,Alice Johnson,Machine Learning Engineer,Machine Learning,8,Data Analysis with Python,4.6,0.92,Conversant,Data Model  Regression  Python Programming  Regression Analysis  Exploratory Data Analysis  analysis  Computer Programming  modeling  Data Analysis  linearity data-science data-analysis,0.3174,0.292
165,Alice Johnson,Machine Learning Engineer,Machine Learning,9,Machine Learning for Accounting with Python,4.5,0.9,Advanced,statistical classification  Regression  mathematical optimization  Python Programming  decision tree  Document Classification  n-gram  Machine Learning  Algorithms  hyperparameter data-science machine-learning,0.3226,0.2903
165,Alice Johnson,Machine Learning Engineer,Machine Learning,10,Developing AI Applications on Azure,4.3,0.86,Beginner,Machine Learning  web service  workspace  Training  Computer Programming  Microsoft Azure  Python Programming  Computer Vision  Human Learning  application programming interfaces data-science machine-learning,0.3273,0.2815
166,Charlotte Davis,AI Researcher,Artificial Intelligence,1,Promote the Ethical Use of Data-Driven Technologies,5.0,1.0,Advanced,analysis  criticism  determinism  bias  virtue  ethics  Legal Solutions  privacy  Deep Learning  principle data-science machine-learning,0.2678,0.2678
166,Charlotte Davis,AI Researcher,Artificial Intelligence,2,Introduction to Applied Machine Learning,4.7,0.94,Intermediate,Algorithms  Machine Learning Algorithms  Applied Machine Learning  Test Set  Machine Learning  ordered pair  Training  Human Learning  Deep Learning  business requirements data-science machine-learning,0.2683,0.2522
166,Charlotte Davis,AI Researcher,Artificial Intelligence,3,Being a researcher (in Information Science and Technology),4.8,0.96,Advanced,Laboratory Research  physics  window blind  physics experiments  pharmacy  medical laboratory  pharmacology  Scientific Analysis  research methods  robotics physical-science-and-engineering research-methods,0.2619,0.2514
166,Charlotte Davis,AI Researcher,Artificial Intelligence,4,Machine Learning With Big Data,4.6,0.92,Beginner,statistical classification  knime  data clustering algorithms  Human Learning  analysis  Algorithms  Apache Spark  cluster analysis  Machine Learning  Apache data-science machine-learning,0.2716,0.2499
166,Charlotte Davis,AI Researcher,Artificial Intelligence,5,Research for Impact,4.9,0.98,Intermediate,experience  knowledge-based systems  Strategic Partnerships  research methods  evaluation  climate change  sustainability  strategic communication  wicked problem  Communication social-sciences governance-and-society,0.2459,0.241
166,Charlotte Davis,AI Researcher,Artificial Intelligence,6,Machine Learning Foundations: A Case Study Approach,4.5,0.9,Conversant,Human Learning  Regression  Machine Learning  Graphlab  statistical classification  linearity  Algorithms  Computer Programming  Python Programming  analysis data-science machine-learning,0.2603,0.2343
166,Charlotte Davis,AI Researcher,Artificial Intelligence,7,Data Science Ethics,4.7,0.94,Beginner,Social Media  informed consent  privacy  relative change and difference  analysis  thought  ethics  Data Science  consensus decision-making  Type I And Type Ii Errors data-science data-analysis,0.2481,0.2332
166,Charlotte Davis,AI Researcher,Artificial Intelligence,8,Machine Learning for All,4.7,0.94,Conversant,robotics  Machine Learning  Artificial Neural Networks  Training  Algorithms  Tensorflow  statistical classification  modeling  Human Learning  Deep Learning computer-science software-development,0.2397,0.2253
166,Charlotte Davis,AI Researcher,Artificial Intelligence,9,Machine Learning for Data Analysis,4.2,0.84,Intermediate,Algorithms  Data Analysis  numbers (spreadsheet)  evaluation  Machine Learning  Regression  Dependent And Independent Variables  Human Learning  Regression Analysis  decision tree data-science machine-learning,0.2598,0.2182
166,Charlotte Davis,AI Researcher,Artificial Intelligence,10,Developing AI Applications on Azure,4.3,0.86,Beginner,Machine Learning  web service  workspace  Training  Computer Programming  Microsoft Azure  Python Programming  Computer Vision  Human Learning  application programming interfaces data-science machine-learning,0.2269,0.1951
167,Joseph Miller,Data Analyst,Data Science,1,Introduction to Data Analytics,4.7,0.94,Advanced,analytics  Data Analysis  physics  Exploratory Data Analysis  business analytics  Python Programming  quality control  Data Science  SQL  Business Analysis data-science data-analysis,0.4757,0.4472
167,Joseph Miller,Data Analyst,Data Science,2,Introduction to Data Analytics for Business,4.6,0.92,Advanced,analysis  analytics  SQL  Business Analysis  relational database  Data Analysis  Data Model  Databases  business analytics  modeling data-science data-analysis,0.3962,0.3645
167,Joseph Miller,Data Analyst,Data Science,3,Business Analytics Executive Overview,4.5,0.9,Beginner,Data Visualization  quantum computing  business analytics  Recruitment  analytics  Closed-Form Expression  Chart  Business Intelligence  euler's totient function  Data Warehousing business leadership-and-management,0.3958,0.3562
167,Joseph Miller,Data Analyst,Data Science,4,Foundations of strategic business analytics,4.4,0.88,Advanced,Project Management  analysis  analytics  R Programming  credit scoring  Data Analysis  Computer Programming  business analytics  Business Analysis  presentation business business-essentials,0.4007,0.3526
167,Joseph Miller,Data Analyst,Data Science,5,Communicating Business Analytics Results,4.4,0.88,Advanced,Strategy  Communication  business analytics  analytics  analysis  presentation  Data Analysis  graphs  measurement  Data Visualization data-science data-analysis,0.4006,0.3525
167,Joseph Miller,Data Analyst,Data Science,6,Introduction to Accounting Data Analytics and Visualization,4.8,0.96,Advanced,data clustering algorithms  analytics  tableau software  Microsoft Excel  Data Visualization  microsoft excel vba  Pivot Table  analysis  Data Analysis  software data-science data-analysis,0.3667,0.352
167,Joseph Miller,Data Analyst,Data Science,7,Introduction to Business Analytics with R,4.4,0.88,Advanced,lecture  rstudio  business analytics  software  R Programming  Data Analysis  Exploratory Data Analysis  applied statistics  utility  analytics business business-essentials,0.3935,0.3463
167,Joseph Miller,Data Analyst,Data Science,8,"Business Intelligence Concepts, Tools, and Applications",4.3,0.86,Advanced,Data Visualization  balanced scorecard  performance measurement  critical success factor  openfabrics alliance  Business Intelligence  SQL  Data Warehousing  MicroStrategy  Performance Management data-science data-analysis,0.348,0.2993
167,Joseph Miller,Data Analyst,Data Science,9,Advanced Business Analytics Capstone,4.2,0.84,Advanced,Business Intelligence  Business Analysis  analysis  portfolio (finance)  business analytics  SQL  Missing Data  Data Analysis  predictive analytics  analytics data-science data-analysis,0.3556,0.2987
167,Joseph Miller,Data Analyst,Data Science,10,Accounting Data Analytics with Python,3.6,0.72,Advanced,data type  relational database management system  Numpy  Basic Descriptive Statistics  Data Structures  Python Programming  Databases  SQL  euler's totient function  jpeg data-science data-analysis,0.3677,0.2647
168,Emma Wilson,Software Engineer,Software Development,1,Requirements Gathering for Secure Software Development,4.6,0.92,Beginner,software requirements  requirements analysis  requirements elicitation  software requirements specification  software  Agile Software Development  software development process  Software Engineering  requirements engineering  analysis computer-science software-development,0.331,0.3045
168,Emma Wilson,Software Engineer,Software Development,2,Engineering Practices for Building Quality Software,4.1,0.82,Conversant,code coverage  version control systems  software project management  design pattern  software quality  Software Architecture  static analysis  software  Continuous Integration  Software Engineering computer-science software-development,0.3639,0.2984
168,Emma Wilson,Software Engineer,Software Development,3,Agile Planning for Software Products,4.7,0.94,Advanced,Risk  Leadership and Management  Software Engineering  Planning  project  Risk Management  software  Agile Software Development  Estimation  agile management computer-science software-development,0.2975,0.2796
168,Emma Wilson,Software Engineer,Software Development,4,Software Product Management Capstone,4.8,0.96,Advanced,Product Management  Leadership and Management  project  scrum (software development)  Project Management  software  software product management  Software Engineering  software project management  Agile Software Development computer-science design-and-product,0.2869,0.2754
168,Emma Wilson,Software Engineer,Software Development,5,Software Development Processes and Methodologies,4.4,0.88,Advanced,waterfall model  modeling  software  scrum (software development)  methodology  process  Software Engineering  software development process  Software Testing  Agile Software Development computer-science software-development,0.3081,0.2711
168,Emma Wilson,Software Engineer,Software Development,6,Software Processes and Agile Practices,4.7,0.94,Beginner,lean software development  process  kanban  software development process  software  Software Engineering  Leadership and Management  scrum (software development)  unified process  Agile Software Development computer-science design-and-product,0.2877,0.2704
168,Emma Wilson,Software Engineer,Software Development,7,Software Design as an Element of the Software Development Lifecycle,4.6,0.92,Advanced,Software Architecture  software design  security  Software Testing  Software Engineering  interfaces  low-level design  software  specification (technical standard)  software development process computer-science software-development,0.2821,0.2595
168,Emma Wilson,Software Engineer,Software Development,8,Reviews & Metrics for Software Improvements,4.6,0.92,Advanced,software metrics  software project management  scrum (software development)  Project Management  software  Leadership and Management  Software Engineering  software product management  project  Product Management computer-science design-and-product,0.2705,0.2489
168,Emma Wilson,Software Engineer,Software Development,9,Continuous Integration,3.7,0.74,Advanced,flow network  software development process  shippable  software configuration management  euler's totient function  reusability  packaging  software project management  DevOps  Continuous Integration computer-science software-development,0.3247,0.2403
168,Emma Wilson,Software Engineer,Software Development,10,Introduction to Software Product Management,4.6,0.92,Beginner,project  Software Engineering  Product Management  Leadership and Management  software  Agile Software Development  agile management  software product management  Planning  agile manifesto computer-science design-and-product,0.2592,0.2385
169,Oliver Brown,Web Developer,Web Development,1,Requirements Gathering for Secure Software Development,4.6,0.92,Beginner,software requirements  requirements analysis  requirements elicitation  software requirements specification  software  Agile Software Development  software development process  Software Engineering  requirements engineering  analysis computer-science software-development,0.2563,0.2358
169,Oliver Brown,Web Developer,Web Development,2,Agile Planning for Software Products,4.7,0.94,Advanced,Risk  Leadership and Management  Software Engineering  Planning  project  Risk Management  software  Agile Software Development  Estimation  agile management computer-science software-development,0.234,0.22
169,Oliver Brown,Web Developer,Web Development,3,Software Design as an Element of the Software Development Lifecycle,4.6,0.92,Advanced,Software Architecture  software design  security  Software Testing  Software Engineering  interfaces  low-level design  software  specification (technical standard)  software development process computer-science software-development,0.2282,0.2099
169,Oliver Brown,Web Developer,Web Development,4,Design Patterns,4.6,0.92,Advanced,architectural pattern  code smell  software  code refactoring  design pattern  unified modeling language  software design  chain of responsibility  factory method pattern  software design pattern computer-science software-development,0.228,0.2098
169,Oliver Brown,Web Developer,Web Development,5,Introduction to UI Design,4.7,0.94,Conversant,usability  user interface  experience  interfaces  evaluation  java annotation  user interface design  principle  principles of user interface design  User Experience computer-science design-and-product,0.2149,0.202
169,Oliver Brown,Web Developer,Web Development,6,Standardisation & Technology,4.4,0.88,Advanced,ageing  how we decide  connected car  privacy  ethics  opinion  process  Weighting  standards organization  voting business business-strategy,0.2294,0.2019
169,Oliver Brown,Web Developer,Web Development,7,Web Connectivity and Security in Embedded Systems,4.5,0.9,Advanced,attack model  cryptographic protocol  application layer  web service  web  link layer  wireless security  symmetric-key algorithm  application layer protocols  public-key cryptography computer-science computer-security-and-networks,0.2055,0.185
169,Oliver Brown,Web Developer,Web Development,8,Usable Security,4.5,0.9,Beginner,Human Computer Interaction  privacy  java annotation  user interface  Security Design  usability testing  usability  authentication  security  password computer-science computer-security-and-networks,0.2015,0.1814
169,Oliver Brown,Web Developer,Web Development,9,Web Application Development: Basic Concepts,4.5,0.9,Advanced,active record pattern  ruby on rails  web  Javascript  ajax (programming)  html  middleware  ruby (programming language)  Full-Stack Web Development  web application computer-science mobile-and-web-development,0.2011,0.181
169,Oliver Brown,Web Developer,Web Development,10,Software Development Processes and Methodologies,4.4,0.88,Advanced,waterfall model  modeling  software  scrum (software development)  methodology  process  Software Engineering  software development process  Software Testing  Agile Software Development computer-science software-development,0.1981,0.1743
170,Sophia Johnson,Information Security Analyst,Cybersecurity,1,Security Operations and Administration,4.7,0.94,Advanced,configuration management  separation of duties  key (cryptography)  Security Operations  security awareness  Software Engineering  owasp  management process  security  release management information-technology security,0.5448,0.5121
170,Sophia Johnson,Information Security Analyst,Cybersecurity,2,Information Security: Context and Introduction,4.6,0.92,Beginner,Cryptography  Leadership and Management  security management  information security  Network Security  security  encryption  incident management  authorization  Risk computer-science computer-security-and-networks,0.5176,0.4762
170,Sophia Johnson,Information Security Analyst,Cybersecurity,3,Protecting Cloud Architecture with Alibaba Cloud,4.9,0.98,Beginner,performance  wi-fi  encryption  data security  wireless network interface controller  index  security  Switches  web  history computer-science software-development,0.4342,0.4255
170,Sophia Johnson,Information Security Analyst,Cybersecurity,4,Networks and Communications Security,4.7,0.94,Advanced,sublayer  virtual circuit  security  virtual lan  wireless  fibre channel over ethernet  virtual private lan service  domain name system  control plane  data link layer information-technology security,0.4237,0.3983
170,Sophia Johnson,Information Security Analyst,Cybersecurity,5,Cloud Security Basics,4.7,0.94,Advanced,separation of duties  protocol stack  cloud computing security  trust boundary  attack surface  cryptographic protocol  security  Network Security  Cloud Computing  public key certificate information-technology cloud-computing,0.4075,0.383
170,Sophia Johnson,Information Security Analyst,Cybersecurity,6,Enterprise and Infrastructure Security,4.6,0.92,Advanced,infrastructure security  critical infrastructure protection  cloud computing security  Mobile Security  payment card industry data security standard  Cloud Computing  security awareness  BlockChain  internet of things  security computer-science computer-security-and-networks,0.406,0.3735
170,Sophia Johnson,Information Security Analyst,Cybersecurity,7,IT Security: Defense against the digital dark arts,4.7,0.94,Beginner,wireless  wireless security  authentication  encryption  information security  Network Security  Cryptography  security  System Security  network monitoring information-technology security,0.3857,0.3626
170,Sophia Johnson,Information Security Analyst,Cybersecurity,8,Systems and Application Security,4.8,0.96,Advanced,virtual machine  encryption  process  privacy  software  malware  Cloud Computing  Leadership and Management  security  cloud computing security information-technology security,0.3671,0.3524
170,Sophia Johnson,Information Security Analyst,Cybersecurity,9,Security Awareness Training,4.7,0.94,Beginner,security  security management  multi-factor authentication  security question  awareness  malware  security awareness  authentication  password  Mobile Security information-technology security,0.3446,0.3239
170,Sophia Johnson,Information Security Analyst,Cybersecurity,10,The Business of Cybersecurity Capstone,4.8,0.96,Advanced,Risk  Leadership and Management  performance measurement  security management  security  information security  contingency plan  Risk Management  Computer Security Incident Management  Strategy computer-science computer-security-and-networks,0.332,0.3187
171,William Smith,Machine Learning Engineer,Machine Learning,1,Machine Learning With Big Data,4.6,0.92,Beginner,statistical classification  knime  data clustering algorithms  Human Learning  analysis  Algorithms  Apache Spark  cluster analysis  Machine Learning  Apache data-science machine-learning,0.4873,0.4483
171,William Smith,Machine Learning Engineer,Machine Learning,2,Introduction to Applied Machine Learning,4.7,0.94,Intermediate,Algorithms  Machine Learning Algorithms  Applied Machine Learning  Test Set  Machine Learning  ordered pair  Training  Human Learning  Deep Learning  business requirements data-science machine-learning,0.397,0.3732
171,William Smith,Machine Learning Engineer,Machine Learning,3,Data Science for Business Innovation,4.2,0.84,Advanced,statistical classification  Machine Learning  Big Data  Data Analysis  linear regression  recommender systems  linearity  analysis  Computer Programming  Machine Learning Algorithms data-science data-analysis,0.3924,0.3296
171,William Smith,Machine Learning Engineer,Machine Learning,4,Introduction to Data Analytics,4.7,0.94,Advanced,analytics  Data Analysis  physics  Exploratory Data Analysis  business analytics  Python Programming  quality control  Data Science  SQL  Business Analysis data-science data-analysis,0.3455,0.3248
171,William Smith,Machine Learning Engineer,Machine Learning,5,Machine Learning Foundations: A Case Study Approach,4.5,0.9,Conversant,Human Learning  Regression  Machine Learning  Graphlab  statistical classification  linearity  Algorithms  Computer Programming  Python Programming  analysis data-science machine-learning,0.3564,0.3208
171,William Smith,Machine Learning Engineer,Machine Learning,6,Machine Learning for Data Analysis,4.2,0.84,Intermediate,Algorithms  Data Analysis  numbers (spreadsheet)  evaluation  Machine Learning  Regression  Dependent And Independent Variables  Human Learning  Regression Analysis  decision tree data-science machine-learning,0.3661,0.3075
171,William Smith,Machine Learning Engineer,Machine Learning,7,Code Free Data Science,4.3,0.86,Beginner,analytics  knime  download  decision tree  Machine Learning  Data Manipulation  Data Mining  data clustering algorithms  Microsoft Excel  modeling data-science machine-learning,0.3462,0.2977
171,William Smith,Machine Learning Engineer,Machine Learning,8,Data Analysis with Python,4.6,0.92,Conversant,Data Model  Regression  Python Programming  Regression Analysis  Exploratory Data Analysis  analysis  Computer Programming  modeling  Data Analysis  linearity data-science data-analysis,0.3174,0.292
171,William Smith,Machine Learning Engineer,Machine Learning,9,Machine Learning for Accounting with Python,4.5,0.9,Advanced,statistical classification  Regression  mathematical optimization  Python Programming  decision tree  Document Classification  n-gram  Machine Learning  Algorithms  hyperparameter data-science machine-learning,0.3226,0.2903
171,William Smith,Machine Learning Engineer,Machine Learning,10,Developing AI Applications on Azure,4.3,0.86,Beginner,Machine Learning  web service  workspace  Training  Computer Programming  Microsoft Azure  Python Programming  Computer Vision  Human Learning  application programming interfaces data-science machine-learning,0.3273,0.2815
172,Charlotte Davis,Database Administrator,Database Management,1,Create Relational Database Tables Using SQLiteStudio,4.7,0.94,Beginner,database management systems  Databases  web browsers  BlockChain  relational database  sqlite  web  Average  SQL  table (database) information-technology data-management,0.3867,0.3635
172,Charlotte Davis,Database Administrator,Database Management,2,Creating Database Tables with SQL,4.6,0.92,Beginner,SQL  HTML5  mysql  database management systems  Database Design  relational database  table (database)  Accuracy And Precision  Databases  data retrieval information-technology data-management,0.371,0.3413
172,Charlotte Davis,Database Administrator,Database Management,3,Retrieve Data using Single-Table SQL Queries,4.6,0.92,Beginner,Data Analysis  select (sql)  database management systems  online shopping  table (database)  data retrieval  Databases  web page  numbers (spreadsheet)  SQL information-technology data-management,0.3694,0.3398
172,Charlotte Davis,Database Administrator,Database Management,4,Introduction to Data Analytics,4.7,0.94,Advanced,analytics  Data Analysis  physics  Exploratory Data Analysis  business analytics  Python Programming  quality control  Data Science  SQL  Business Analysis data-science data-analysis,0.3514,0.3303
172,Charlotte Davis,Database Administrator,Database Management,5,Relational Database Support for Data Warehouses,4.6,0.92,Advanced,data integration  data governance  null coalescing operator  Business Intelligence  SQL  modulo operation  Databases  relational database  ternary conditional operator  Data Warehousing data-science data-analysis,0.3531,0.3249
172,Charlotte Davis,Database Administrator,Database Management,6,Build a Database from a Relational Model,4.8,0.96,Beginner,Database Design  relational database  Databases  ordered pair  Data Model  test data  database management systems  relational model  graphical model  unique key information-technology data-management,0.3265,0.3134
172,Charlotte Davis,Database Administrator,Database Management,7,Manipulating Data with SQL,4.6,0.92,Beginner,system u  table (database)  relational database  database management systems  Databases  Database Design  SQL  Rowing  data retrieval  unique key information-technology data-management,0.3207,0.295
172,Charlotte Davis,Database Administrator,Database Management,8,Research Data Management and Sharing,4.7,0.94,Intermediate,enabling  document management systems  Strategy  Data Management  confidentiality  research data archiving  metadata  Planning  data file  Leadership and Management data-science data-analysis,0.3133,0.2945
172,Charlotte Davis,Database Administrator,Database Management,9,Big Data Modeling and Management Systems,4.4,0.88,Intermediate,Databases  analytics  graphs  Data Structures  Big Data Analytics  Data Management  Big Data  Data Model  Leadership and Management  modeling data-science data-analysis,0.3104,0.2732
172,Charlotte Davis,Database Administrator,Database Management,10,Database Design and Diagramming in Dia,4.6,0.92,Beginner,data retrieval  Databases  requirements analysis  relational database  table (database)  user requirements document  entity relationship model  Database Design  process  database management systems information-technology data-management,0.296,0.2723
173,James Wilson,Cloud Solutions Architect,Cloud Computing,1,System Administration and IT Infrastructure Services,4.7,0.94,Conversant,disaster  directory services  lightweight directory access protocol  Cloud Computing  backup  directory access protocol  Planning  lightweight  Server Systems  infrastructure as a service information-technology support-and-operations,0.2759,0.2593
173,James Wilson,Cloud Solutions Architect,Cloud Computing,2,Essential Google Cloud Infrastructure: Core Services,4.7,0.94,Conversant,Leadership and Management  bigquery  Cloud Infrastructure  identity management  Cloud Platforms  Cloud Computing  network monitoring  Google Cloud Platform  Cloud Storage  resource information-technology cloud-computing,0.2556,0.2403
173,James Wilson,Cloud Solutions Architect,Cloud Computing,3,Essential Google Cloud Infrastructure: Foundation,4.7,0.94,Conversant,Cloud Infrastructure  private network  virtual machine  Cloud Storage  Cloud Computing  virtual private networks  Network Architecture  Cloud Platforms  architecture  Google Cloud Platform information-technology cloud-computing,0.2471,0.2323
173,James Wilson,Cloud Solutions Architect,Cloud Computing,4,Elastic Google Cloud Infrastructure: Scaling and Automation,4.7,0.94,Beginner,Cloud Platforms  virtual private networks  Google Cloud Platform  Cloud Computing  load balancing  build automation  deployment environment  Cloud Infrastructure  managed services  Leadership and Management information-technology cloud-computing,0.2459,0.2311
173,James Wilson,Cloud Solutions Architect,Cloud Computing,5,Enterprise and Infrastructure Security,4.6,0.92,Advanced,infrastructure security  critical infrastructure protection  cloud computing security  Mobile Security  payment card industry data security standard  Cloud Computing  security awareness  BlockChain  internet of things  security computer-science computer-security-and-networks,0.2341,0.2154
173,James Wilson,Cloud Solutions Architect,Cloud Computing,6,Reliable Google Cloud Infrastructure: Design and Process,4.7,0.94,Beginner,Google Cloud Platform  Cloud Platforms  Cloud Computing  process  security  Cloud Infrastructure  deployment environment  site reliability engineering  architecture  reliability engineering information-technology cloud-computing,0.2179,0.2048
173,James Wilson,Cloud Solutions Architect,Cloud Computing,7,Cloud Networking,4.4,0.88,Advanced,Network Infrastructure  distributed computing  tcp congestion control  Computer Networking  routing  Cloud Computing  Cloud Infrastructure  Python Programming  network congestion  data centers computer-science computer-security-and-networks,0.2285,0.2011
173,James Wilson,Cloud Solutions Architect,Cloud Computing,8,"Innovation Through Design: Think, Make, Break, Repeat",4.7,0.94,Intermediate,minimum viable product  Innovation  innovation management  thought  process  Entrepreneurship  design thinking  agile management  instructional design  project management professional business entrepreneurship,0.2071,0.1947
173,James Wilson,Cloud Solutions Architect,Cloud Computing,9,Prototyping and Design,4.6,0.92,Advanced,design pattern  paper prototyping  Commercial Design  user interface  interaction design  interaction design pattern  User Experience  interfaces  usability  user interface design computer-science design-and-product,0.2068,0.1903
173,James Wilson,Cloud Solutions Architect,Cloud Computing,10,Azure Infrastructure Fundamentals,4.2,0.84,Advanced,Microsoft Azure  Machine Learning  coroutine  openshift  sap erp  reliability engineering  archimate  BlockChain  windows services  site reliability engineering computer-science computer-security-and-networks,0.2254,0.1893
174,Olivia Clark,Mobile App Developer,Mobile App Development,1,Requirements Gathering for Secure Software Development,4.6,0.92,Beginner,software requirements  requirements analysis  requirements elicitation  software requirements specification  software  Agile Software Development  software development process  Software Engineering  requirements engineering  analysis computer-science software-development,0.3705,0.3409
174,Olivia Clark,Mobile App Developer,Mobile App Development,2,Agile Planning for Software Products,4.7,0.94,Advanced,Risk  Leadership and Management  Software Engineering  Planning  project  Risk Management  software  Agile Software Development  Estimation  agile management computer-science software-development,0.32,0.3008
174,Olivia Clark,Mobile App Developer,Mobile App Development,3,Reviews & Metrics for Software Improvements,4.6,0.92,Advanced,software metrics  software project management  scrum (software development)  Project Management  software  Leadership and Management  Software Engineering  software product management  project  Product Management computer-science design-and-product,0.2954,0.2718
174,Olivia Clark,Mobile App Developer,Mobile App Development,4,Software Product Management Capstone,4.8,0.96,Advanced,Product Management  Leadership and Management  project  scrum (software development)  Project Management  software  software product management  Software Engineering  software project management  Agile Software Development computer-science design-and-product,0.2779,0.2668
174,Olivia Clark,Mobile App Developer,Mobile App Development,5,Software Design as an Element of the Software Development Lifecycle,4.6,0.92,Advanced,Software Architecture  software design  security  Software Testing  Software Engineering  interfaces  low-level design  software  specification (technical standard)  software development process computer-science software-development,0.2781,0.2559
174,Olivia Clark,Mobile App Developer,Mobile App Development,6,Software Security,4.6,0.92,Advanced,internet security  SQL  security  Security Software  web  buffer overflow  software  penetration test  analysis  sql injection computer-science computer-security-and-networks,0.2751,0.2531
174,Olivia Clark,Mobile App Developer,Mobile App Development,7,Software Development Processes and Methodologies,4.4,0.88,Advanced,waterfall model  modeling  software  scrum (software development)  methodology  process  Software Engineering  software development process  Software Testing  Agile Software Development computer-science software-development,0.2836,0.2496
174,Olivia Clark,Mobile App Developer,Mobile App Development,8,Introduction to Software Product Management,4.6,0.92,Beginner,project  Software Engineering  Product Management  Leadership and Management  software  Agile Software Development  agile management  software product management  Planning  agile manifesto computer-science design-and-product,0.2597,0.2389
174,Olivia Clark,Mobile App Developer,Mobile App Development,9,Engineering Practices for Building Quality Software,4.1,0.82,Conversant,code coverage  version control systems  software project management  design pattern  software quality  Software Architecture  static analysis  software  Continuous Integration  Software Engineering computer-science software-development,0.2775,0.2276
174,Olivia Clark,Mobile App Developer,Mobile App Development,10,Continuous Integration,3.7,0.74,Advanced,flow network  software development process  shippable  software configuration management  euler's totient function  reusability  packaging  software project management  DevOps  Continuous Integration computer-science software-development,0.2653,0.1963
175,Matthew Hall,NLP Research Scientist,Artificial Intelligence,1,Introduction to Applied Machine Learning,4.7,0.94,Intermediate,Algorithms  Machine Learning Algorithms  Applied Machine Learning  Test Set  Machine Learning  ordered pair  Training  Human Learning  Deep Learning  business requirements data-science machine-learning,0.3264,0.3068
175,Matthew Hall,NLP Research Scientist,Artificial Intelligence,2,Machine Learning With Big Data,4.6,0.92,Beginner,statistical classification  knime  data clustering algorithms  Human Learning  analysis  Algorithms  Apache Spark  cluster analysis  Machine Learning  Apache data-science machine-learning,0.3148,0.2896
175,Matthew Hall,NLP Research Scientist,Artificial Intelligence,3,Machine Learning Foundations: A Case Study Approach,4.5,0.9,Conversant,Human Learning  Regression  Machine Learning  Graphlab  statistical classification  linearity  Algorithms  Computer Programming  Python Programming  analysis data-science machine-learning,0.313,0.2817
175,Matthew Hall,NLP Research Scientist,Artificial Intelligence,4,Research for Impact,4.9,0.98,Intermediate,experience  knowledge-based systems  Strategic Partnerships  research methods  evaluation  climate change  sustainability  strategic communication  wicked problem  Communication social-sciences governance-and-society,0.2825,0.2768
175,Matthew Hall,NLP Research Scientist,Artificial Intelligence,5,Being a researcher (in Information Science and Technology),4.8,0.96,Advanced,Laboratory Research  physics  window blind  physics experiments  pharmacy  medical laboratory  pharmacology  Scientific Analysis  research methods  robotics physical-science-and-engineering research-methods,0.2843,0.2729
175,Matthew Hall,NLP Research Scientist,Artificial Intelligence,6,Machine Learning for Data Analysis,4.2,0.84,Intermediate,Algorithms  Data Analysis  numbers (spreadsheet)  evaluation  Machine Learning  Regression  Dependent And Independent Variables  Human Learning  Regression Analysis  decision tree data-science machine-learning,0.3211,0.2697
175,Matthew Hall,NLP Research Scientist,Artificial Intelligence,7,Machine Learning for All,4.7,0.94,Conversant,robotics  Machine Learning  Artificial Neural Networks  Training  Algorithms  Tensorflow  statistical classification  modeling  Human Learning  Deep Learning computer-science software-development,0.2726,0.2562
175,Matthew Hall,NLP Research Scientist,Artificial Intelligence,8,Introduction to Research for Essay Writing,4.7,0.94,Intermediate,language  linguistics  Writing  english language  formal language  english grammar  academic writing  sources  Note Taking  essay writing arts-and-humanities music-and-art,0.2638,0.248
175,Matthew Hall,NLP Research Scientist,Artificial Intelligence,9,Machine Learning with Python,4.6,0.92,Beginner,Logistic Regression  Algorithms  Human Learning  data clustering algorithms  Machine Learning  statistical classification  classification algorithms  Regression  Computer Programming  Python Programming data-science machine-learning,0.2652,0.244
175,Matthew Hall,NLP Research Scientist,Artificial Intelligence,10,Developing AI Applications on Azure,4.3,0.86,Beginner,Machine Learning  web service  workspace  Training  Computer Programming  Microsoft Azure  Python Programming  Computer Vision  Human Learning  application programming interfaces data-science machine-learning,0.2658,0.2286
176,Elijah Davis,Web Developer,Web Development,1,Requirements Gathering for Secure Software Development,4.6,0.92,Beginner,software requirements  requirements analysis  requirements elicitation  software requirements specification  software  Agile Software Development  software development process  Software Engineering  requirements engineering  analysis computer-science software-development,0.2563,0.2358
176,Elijah Davis,Web Developer,Web Development,2,Agile Planning for Software Products,4.7,0.94,Advanced,Risk  Leadership and Management  Software Engineering  Planning  project  Risk Management  software  Agile Software Development  Estimation  agile management computer-science software-development,0.234,0.22
176,Elijah Davis,Web Developer,Web Development,3,Software Design as an Element of the Software Development Lifecycle,4.6,0.92,Advanced,Software Architecture  software design  security  Software Testing  Software Engineering  interfaces  low-level design  software  specification (technical standard)  software development process computer-science software-development,0.2282,0.2099
176,Elijah Davis,Web Developer,Web Development,4,Design Patterns,4.6,0.92,Advanced,architectural pattern  code smell  software  code refactoring  design pattern  unified modeling language  software design  chain of responsibility  factory method pattern  software design pattern computer-science software-development,0.228,0.2098
176,Elijah Davis,Web Developer,Web Development,5,Introduction to UI Design,4.7,0.94,Conversant,usability  user interface  experience  interfaces  evaluation  java annotation  user interface design  principle  principles of user interface design  User Experience computer-science design-and-product,0.2149,0.202
176,Elijah Davis,Web Developer,Web Development,6,Standardisation & Technology,4.4,0.88,Advanced,ageing  how we decide  connected car  privacy  ethics  opinion  process  Weighting  standards organization  voting business business-strategy,0.2294,0.2019
176,Elijah Davis,Web Developer,Web Development,7,Web Connectivity and Security in Embedded Systems,4.5,0.9,Advanced,attack model  cryptographic protocol  application layer  web service  web  link layer  wireless security  symmetric-key algorithm  application layer protocols  public-key cryptography computer-science computer-security-and-networks,0.2055,0.185
176,Elijah Davis,Web Developer,Web Development,8,Usable Security,4.5,0.9,Beginner,Human Computer Interaction  privacy  java annotation  user interface  Security Design  usability testing  usability  authentication  security  password computer-science computer-security-and-networks,0.2015,0.1814
176,Elijah Davis,Web Developer,Web Development,9,Web Application Development: Basic Concepts,4.5,0.9,Advanced,active record pattern  ruby on rails  web  Javascript  ajax (programming)  html  middleware  ruby (programming language)  Full-Stack Web Development  web application computer-science mobile-and-web-development,0.2011,0.181
176,Elijah Davis,Web Developer,Web Development,10,Software Development Processes and Methodologies,4.4,0.88,Advanced,waterfall model  modeling  software  scrum (software development)  methodology  process  Software Engineering  software development process  Software Testing  Agile Software Development computer-science software-development,0.1981,0.1743
177,Emma Johnson,Information Security Analyst,Cybersecurity,1,Security Operations and Administration,4.7,0.94,Advanced,configuration management  separation of duties  key (cryptography)  Security Operations  security awareness  Software Engineering  owasp  management process  security  release management information-technology security,0.5448,0.5121
177,Emma Johnson,Information Security Analyst,Cybersecurity,2,Information Security: Context and Introduction,4.6,0.92,Beginner,Cryptography  Leadership and Management  security management  information security  Network Security  security  encryption  incident management  authorization  Risk computer-science computer-security-and-networks,0.5176,0.4762
177,Emma Johnson,Information Security Analyst,Cybersecurity,3,Protecting Cloud Architecture with Alibaba Cloud,4.9,0.98,Beginner,performance  wi-fi  encryption  data security  wireless network interface controller  index  security  Switches  web  history computer-science software-development,0.4342,0.4255
177,Emma Johnson,Information Security Analyst,Cybersecurity,4,Networks and Communications Security,4.7,0.94,Advanced,sublayer  virtual circuit  security  virtual lan  wireless  fibre channel over ethernet  virtual private lan service  domain name system  control plane  data link layer information-technology security,0.4237,0.3983
177,Emma Johnson,Information Security Analyst,Cybersecurity,5,Cloud Security Basics,4.7,0.94,Advanced,separation of duties  protocol stack  cloud computing security  trust boundary  attack surface  cryptographic protocol  security  Network Security  Cloud Computing  public key certificate information-technology cloud-computing,0.4075,0.383
177,Emma Johnson,Information Security Analyst,Cybersecurity,6,Enterprise and Infrastructure Security,4.6,0.92,Advanced,infrastructure security  critical infrastructure protection  cloud computing security  Mobile Security  payment card industry data security standard  Cloud Computing  security awareness  BlockChain  internet of things  security computer-science computer-security-and-networks,0.406,0.3735
177,Emma Johnson,Information Security Analyst,Cybersecurity,7,IT Security: Defense against the digital dark arts,4.7,0.94,Beginner,wireless  wireless security  authentication  encryption  information security  Network Security  Cryptography  security  System Security  network monitoring information-technology security,0.3857,0.3626
177,Emma Johnson,Information Security Analyst,Cybersecurity,8,Systems and Application Security,4.8,0.96,Advanced,virtual machine  encryption  process  privacy  software  malware  Cloud Computing  Leadership and Management  security  cloud computing security information-technology security,0.3671,0.3524
177,Emma Johnson,Information Security Analyst,Cybersecurity,9,Security Awareness Training,4.7,0.94,Beginner,security  security management  multi-factor authentication  security question  awareness  malware  security awareness  authentication  password  Mobile Security information-technology security,0.3446,0.3239
177,Emma Johnson,Information Security Analyst,Cybersecurity,10,The Business of Cybersecurity Capstone,4.8,0.96,Advanced,Risk  Leadership and Management  performance measurement  security management  security  information security  contingency plan  Risk Management  Computer Security Incident Management  Strategy computer-science computer-security-and-networks,0.332,0.3187
178,Liam Wilson,Machine Learning Engineer,Machine Learning,1,Machine Learning With Big Data,4.6,0.92,Beginner,statistical classification  knime  data clustering algorithms  Human Learning  analysis  Algorithms  Apache Spark  cluster analysis  Machine Learning  Apache data-science machine-learning,0.4873,0.4483
178,Liam Wilson,Machine Learning Engineer,Machine Learning,2,Introduction to Applied Machine Learning,4.7,0.94,Intermediate,Algorithms  Machine Learning Algorithms  Applied Machine Learning  Test Set  Machine Learning  ordered pair  Training  Human Learning  Deep Learning  business requirements data-science machine-learning,0.397,0.3732
178,Liam Wilson,Machine Learning Engineer,Machine Learning,3,Data Science for Business Innovation,4.2,0.84,Advanced,statistical classification  Machine Learning  Big Data  Data Analysis  linear regression  recommender systems  linearity  analysis  Computer Programming  Machine Learning Algorithms data-science data-analysis,0.3924,0.3296
178,Liam Wilson,Machine Learning Engineer,Machine Learning,4,Introduction to Data Analytics,4.7,0.94,Advanced,analytics  Data Analysis  physics  Exploratory Data Analysis  business analytics  Python Programming  quality control  Data Science  SQL  Business Analysis data-science data-analysis,0.3455,0.3248
178,Liam Wilson,Machine Learning Engineer,Machine Learning,5,Machine Learning Foundations: A Case Study Approach,4.5,0.9,Conversant,Human Learning  Regression  Machine Learning  Graphlab  statistical classification  linearity  Algorithms  Computer Programming  Python Programming  analysis data-science machine-learning,0.3564,0.3208
178,Liam Wilson,Machine Learning Engineer,Machine Learning,6,Machine Learning for Data Analysis,4.2,0.84,Intermediate,Algorithms  Data Analysis  numbers (spreadsheet)  evaluation  Machine Learning  Regression  Dependent And Independent Variables  Human Learning  Regression Analysis  decision tree data-science machine-learning,0.3661,0.3075
178,Liam Wilson,Machine Learning Engineer,Machine Learning,7,Code Free Data Science,4.3,0.86,Beginner,analytics  knime  download  decision tree  Machine Learning  Data Manipulation  Data Mining  data clustering algorithms  Microsoft Excel  modeling data-science machine-learning,0.3462,0.2977
178,Liam Wilson,Machine Learning Engineer,Machine Learning,8,Data Analysis with Python,4.6,0.92,Conversant,Data Model  Regression  Python Programming  Regression Analysis  Exploratory Data Analysis  analysis  Computer Programming  modeling  Data Analysis  linearity data-science data-analysis,0.3174,0.292
178,Liam Wilson,Machine Learning Engineer,Machine Learning,9,Machine Learning for Accounting with Python,4.5,0.9,Advanced,statistical classification  Regression  mathematical optimization  Python Programming  decision tree  Document Classification  n-gram  Machine Learning  Algorithms  hyperparameter data-science machine-learning,0.3226,0.2903
178,Liam Wilson,Machine Learning Engineer,Machine Learning,10,Developing AI Applications on Azure,4.3,0.86,Beginner,Machine Learning  web service  workspace  Training  Computer Programming  Microsoft Azure  Python Programming  Computer Vision  Human Learning  application programming interfaces data-science machine-learning,0.3273,0.2815
179,Sophia Johnson,Database Administrator,Database Management,1,Create Relational Database Tables Using SQLiteStudio,4.7,0.94,Beginner,database management systems  Databases  web browsers  BlockChain  relational database  sqlite  web  Average  SQL  table (database) information-technology data-management,0.3867,0.3635
179,Sophia Johnson,Database Administrator,Database Management,2,Creating Database Tables with SQL,4.6,0.92,Beginner,SQL  HTML5  mysql  database management systems  Database Design  relational database  table (database)  Accuracy And Precision  Databases  data retrieval information-technology data-management,0.371,0.3413
179,Sophia Johnson,Database Administrator,Database Management,3,Retrieve Data using Single-Table SQL Queries,4.6,0.92,Beginner,Data Analysis  select (sql)  database management systems  online shopping  table (database)  data retrieval  Databases  web page  numbers (spreadsheet)  SQL information-technology data-management,0.3694,0.3398
179,Sophia Johnson,Database Administrator,Database Management,4,Introduction to Data Analytics,4.7,0.94,Advanced,analytics  Data Analysis  physics  Exploratory Data Analysis  business analytics  Python Programming  quality control  Data Science  SQL  Business Analysis data-science data-analysis,0.3514,0.3303
179,Sophia Johnson,Database Administrator,Database Management,5,Relational Database Support for Data Warehouses,4.6,0.92,Advanced,data integration  data governance  null coalescing operator  Business Intelligence  SQL  modulo operation  Databases  relational database  ternary conditional operator  Data Warehousing data-science data-analysis,0.3531,0.3249
179,Sophia Johnson,Database Administrator,Database Management,6,Build a Database from a Relational Model,4.8,0.96,Beginner,Database Design  relational database  Databases  ordered pair  Data Model  test data  database management systems  relational model  graphical model  unique key information-technology data-management,0.3265,0.3134
179,Sophia Johnson,Database Administrator,Database Management,7,Manipulating Data with SQL,4.6,0.92,Beginner,system u  table (database)  relational database  database management systems  Databases  Database Design  SQL  Rowing  data retrieval  unique key information-technology data-management,0.3207,0.295
179,Sophia Johnson,Database Administrator,Database Management,8,Research Data Management and Sharing,4.7,0.94,Intermediate,enabling  document management systems  Strategy  Data Management  confidentiality  research data archiving  metadata  Planning  data file  Leadership and Management data-science data-analysis,0.3133,0.2945
179,Sophia Johnson,Database Administrator,Database Management,9,Big Data Modeling and Management Systems,4.4,0.88,Intermediate,Databases  analytics  graphs  Data Structures  Big Data Analytics  Data Management  Big Data  Data Model  Leadership and Management  modeling data-science data-analysis,0.3104,0.2732
179,Sophia Johnson,Database Administrator,Database Management,10,Database Design and Diagramming in Dia,4.6,0.92,Beginner,data retrieval  Databases  requirements analysis  relational database  table (database)  user requirements document  entity relationship model  Database Design  process  database management systems information-technology data-management,0.296,0.2723
180,Michael Brown,Cloud Solutions Architect,Cloud Computing,1,System Administration and IT Infrastructure Services,4.7,0.94,Conversant,disaster  directory services  lightweight directory access protocol  Cloud Computing  backup  directory access protocol  Planning  lightweight  Server Systems  infrastructure as a service information-technology support-and-operations,0.2759,0.2593
180,Michael Brown,Cloud Solutions Architect,Cloud Computing,2,Essential Google Cloud Infrastructure: Core Services,4.7,0.94,Conversant,Leadership and Management  bigquery  Cloud Infrastructure  identity management  Cloud Platforms  Cloud Computing  network monitoring  Google Cloud Platform  Cloud Storage  resource information-technology cloud-computing,0.2556,0.2403
180,Michael Brown,Cloud Solutions Architect,Cloud Computing,3,Essential Google Cloud Infrastructure: Foundation,4.7,0.94,Conversant,Cloud Infrastructure  private network  virtual machine  Cloud Storage  Cloud Computing  virtual private networks  Network Architecture  Cloud Platforms  architecture  Google Cloud Platform information-technology cloud-computing,0.2471,0.2323
180,Michael Brown,Cloud Solutions Architect,Cloud Computing,4,Elastic Google Cloud Infrastructure: Scaling and Automation,4.7,0.94,Beginner,Cloud Platforms  virtual private networks  Google Cloud Platform  Cloud Computing  load balancing  build automation  deployment environment  Cloud Infrastructure  managed services  Leadership and Management information-technology cloud-computing,0.2459,0.2311
180,Michael Brown,Cloud Solutions Architect,Cloud Computing,5,Enterprise and Infrastructure Security,4.6,0.92,Advanced,infrastructure security  critical infrastructure protection  cloud computing security  Mobile Security  payment card industry data security standard  Cloud Computing  security awareness  BlockChain  internet of things  security computer-science computer-security-and-networks,0.2341,0.2154
180,Michael Brown,Cloud Solutions Architect,Cloud Computing,6,Reliable Google Cloud Infrastructure: Design and Process,4.7,0.94,Beginner,Google Cloud Platform  Cloud Platforms  Cloud Computing  process  security  Cloud Infrastructure  deployment environment  site reliability engineering  architecture  reliability engineering information-technology cloud-computing,0.2179,0.2048
180,Michael Brown,Cloud Solutions Architect,Cloud Computing,7,Cloud Networking,4.4,0.88,Advanced,Network Infrastructure  distributed computing  tcp congestion control  Computer Networking  routing  Cloud Computing  Cloud Infrastructure  Python Programming  network congestion  data centers computer-science computer-security-and-networks,0.2285,0.2011
180,Michael Brown,Cloud Solutions Architect,Cloud Computing,8,"Innovation Through Design: Think, Make, Break, Repeat",4.7,0.94,Intermediate,minimum viable product  Innovation  innovation management  thought  process  Entrepreneurship  design thinking  agile management  instructional design  project management professional business entrepreneurship,0.2071,0.1947
180,Michael Brown,Cloud Solutions Architect,Cloud Computing,9,Prototyping and Design,4.6,0.92,Advanced,design pattern  paper prototyping  Commercial Design  user interface  interaction design  interaction design pattern  User Experience  interfaces  usability  user interface design computer-science design-and-product,0.2068,0.1903
180,Michael Brown,Cloud Solutions Architect,Cloud Computing,10,Azure Infrastructure Fundamentals,4.2,0.84,Advanced,Microsoft Azure  Machine Learning  coroutine  openshift  sap erp  reliability engineering  archimate  BlockChain  windows services  site reliability engineering computer-science computer-security-and-networks,0.2254,0.1893
